amount,transaction_type,oldbalanceOrg,newbalanceOrig,oldbalanceDest,newbalanceDest,isFraud
388.78,CASH_OUT,116441.01,116052.23,395273.96,395662.74000000005,0
1776.92,TRANSFER,16985.67,15208.749999999998,139543.19,141320.11000000002,1
597.33,DEBIT,122663.19,122065.86,403334.67,403932.0,0
210.81,CASH_OUT,231684.63,231473.82,423860.17,424070.98,0
822.65,PAYMENT,59108.53,58285.88,424611.43,425434.08,1
4124.65,CASH_IN,162566.15,158441.5,433347.85,437472.5,0
1738.44,CASH_OUT,10975.72,9237.279999999999,359063.75,360802.19,0
8248.69,CASH_OUT,269295.0,261046.31,71202.07,79450.76000000001,0
1309.28,PAYMENT,246001.41,244692.13,25951.3,27260.579999999998,0
12680.27,TRANSFER,157322.76,144642.49000000002,170382.62,183062.88999999998,0
1309.66,PAYMENT,211736.1,210426.44,247534.93,248844.59,0
1121.56,CASH_IN,31174.85,30053.289999999997,151310.45,152432.01,0
305.09,CASH_OUT,253562.85,253257.76,371103.47,371408.56,0
3329.45,DEBIT,214578.46,211249.00999999998,361221.74,364551.19,0
663.73,TRANSFER,35990.22,35326.49,485962.25,486625.98,0
574.19,PAYMENT,294206.79,293632.6,200286.55,200860.74,0
3949.05,TRANSFER,6759.13,2810.08,392863.83,396812.88,0
3491.97,PAYMENT,188553.26,185061.29,370599.99,374091.95999999996,0
3401.77,DEBIT,51526.5,48124.73,494374.76,497776.53,0
763.42,CASH_OUT,215777.29,215013.87,386807.63,387571.05,0
1042.13,CASH_OUT,21121.88,20079.75,141787.27,142829.4,0
1032.92,PAYMENT,24330.26,23297.339999999997,7636.2,8669.119999999999,0
2398.31,CASH_IN,139887.52,137489.21,484083.08,486481.39,0
5185.21,DEBIT,298202.84,293017.63,358034.52,363219.73000000004,0
1584.69,CASH_OUT,82954.87,81370.18,406303.31,407888.0,0
7902.16,PAYMENT,183758.45,175856.29,396622.08,404524.24,0
2689.73,TRANSFER,155579.72,152889.99,367880.54,370570.26999999996,0
867.14,PAYMENT,252635.88,251768.74,375737.23,376604.37,0
2511.69,PAYMENT,86576.88,84065.19,464729.09,467240.78,0
6038.68,CASH_OUT,166483.31,160444.63,457055.64,463094.32,0
8089.23,CASH_OUT,285187.05,277097.82,189613.37,197702.6,1
3593.53,CASH_IN,99775.74,96182.21,15480.76,19074.29,0
1125.15,PAYMENT,131821.67,130696.52000000002,19340.8,20465.95,0
882.98,PAYMENT,266643.99,265761.01,223319.18,224202.16,0
1950.95,TRANSFER,99749.66,97798.71,417489.76,419440.71,0
5848.7,PAYMENT,114202.13,108353.43000000001,423805.61,429654.31,0
1692.17,PAYMENT,91235.64,89543.47,202194.79,203886.96000000002,1
1727.68,TRANSFER,242859.41,241131.73,150805.81,152533.49,0
1154.47,PAYMENT,279116.09,277961.62000000005,253300.72,254455.19,0
790.06,CASH_OUT,189329.66,188539.6,416271.6,417061.66,0
932.5,TRANSFER,187089.04,186156.54,318248.06,319180.56,0
1255.67,DEBIT,117001.09,115745.42,69902.91,71158.58,0
6112.55,CASH_OUT,3745.12,0.0,181116.97,187229.52,0
862.89,PAYMENT,52181.28,51318.39,277712.96,278575.85000000003,0
1155.87,DEBIT,44231.51,43075.64,269131.22,270287.08999999997,0
461.56,CASH_OUT,34764.6,34303.04,415317.01,415778.57,0
2245.38,PAYMENT,196214.19,193968.81,466085.88,468331.26,0
4301.33,PAYMENT,40904.69,36603.36,50231.55,54532.880000000005,0
5566.37,CASH_OUT,25690.19,20123.82,112203.8,117770.17,0
1343.94,PAYMENT,114774.45,113430.51,196078.46,197422.4,0
1947.6,PAYMENT,74706.8,72759.2,148199.04,150146.64,0
940.54,PAYMENT,43758.16,42817.62,204145.25,205085.79,0
1859.42,CASH_OUT,43838.36,41978.94,20360.61,22220.03,1
1501.12,CASH_OUT,76861.71,75360.59000000001,33006.64,34507.76,0
1162.43,CASH_OUT,161054.93,159892.5,419180.74,420343.17,0
1258.6,CASH_OUT,227428.68,226170.08,51290.89,52549.49,0
1723.17,TRANSFER,255832.99,254109.81999999998,412037.56,413760.73,1
817.17,TRANSFER,225425.35,224608.18,153256.0,154073.17,0
860.49,PAYMENT,188463.98,187603.49000000002,154611.68,155472.16999999998,0
6047.27,PAYMENT,272287.37,266240.1,50373.51,56420.78,0
16490.62,CASH_OUT,155921.04,139430.42,6631.69,23122.309999999998,0
328.86,TRANSFER,190007.05,189678.19,177644.3,177973.15999999997,1
311.23,TRANSFER,123486.17,123174.94,417678.45,417989.68,0
421.09,CASH_OUT,98215.26,97794.17,459977.73,460398.82,1
989.02,CASH_OUT,99513.53,98524.51,30792.78,31781.8,0
2685.93,TRANSFER,44495.18,41809.25,15454.03,18139.96,0
1980.79,TRANSFER,238979.3,236998.50999999998,79400.31,81381.09999999999,0
1302.49,PAYMENT,16610.43,15307.94,383144.9,384447.39,0
1861.12,PAYMENT,202405.57,200544.45,102441.38,104302.5,0
548.9,TRANSFER,259338.06,258789.16,115405.19,115954.09,0
859.09,PAYMENT,149228.5,148369.41,444471.35,445330.44,0
1074.82,TRANSFER,21060.23,19985.41,437474.52,438549.34,0
224.93,DEBIT,128525.24,128300.31000000001,335144.61,335369.54,0
343.33,PAYMENT,102967.98,102624.65,82006.89,82350.22,0
357.25,PAYMENT,295661.8,295304.55,190574.59,190931.84,0
2354.56,PAYMENT,207379.56,205025.0,118088.7,120443.26,0
1401.58,PAYMENT,216407.94,215006.36000000002,335922.79,337324.37,0
2020.42,CASH_OUT,154748.08,152727.65999999997,389965.53,391985.95,0
174.22,TRANSFER,212824.28,212650.06,71066.86,71241.08,0
248.75,CASH_OUT,216771.29,216522.54,448977.92,449226.67,0
2128.59,CASH_OUT,19907.66,17779.07,231412.95,233541.54,0
68.12,TRANSFER,66781.96,66713.84000000001,397502.93,397571.05,0
3731.74,CASH_OUT,3890.27,158.5300000000002,25818.8,29550.54,0
177.09,PAYMENT,152942.22,152765.13,180290.59,180467.68,0
2548.72,PAYMENT,262739.96,260191.24000000002,7390.47,9939.19,0
450.98,PAYMENT,182866.36,182415.37999999998,359242.37,359693.35,0
3130.36,CASH_OUT,150062.26,146931.90000000002,39725.49,42855.85,0
27123.64,TRANSFER,277789.75,250666.11,169142.9,196266.53999999998,0
112.94,PAYMENT,51665.55,51552.61,390874.34,390987.28,0
2198.16,TRANSFER,22381.29,20183.13,374483.24,376681.39999999997,0
179.8,PAYMENT,275191.72,275011.92,320144.81,320324.61,0
1680.37,CASH_OUT,270834.53,269154.16000000003,347010.32,348690.69,0
891.79,TRANSFER,204891.75,203999.96,325615.66,326507.44999999995,0
1248.61,PAYMENT,73793.75,72545.14,320637.98,321886.58999999997,0
440.68,PAYMENT,290929.21,290488.53,174827.32,175268.0,0
2393.57,CASH_OUT,229603.91,227210.34,14082.85,16476.420000000002,0
257.66,PAYMENT,202168.38,201910.72,220912.92,221170.58000000002,0
3795.75,PAYMENT,66873.4,63077.649999999994,22729.83,26525.58,0
728.33,PAYMENT,153926.75,153198.42,234433.7,235162.03,0
269.7,CASH_IN,246772.87,246503.16999999998,232039.49,232309.19,0
5404.23,CASH_IN,258078.07,252673.84,89360.77,94765.0,0
1025.21,CASH_OUT,168429.03,167403.82,392130.82,393156.03,0
7388.17,PAYMENT,156838.15,149449.97999999998,352104.67,359492.83999999997,0
3719.54,CASH_IN,209305.15,205585.61,279769.77,283489.31,0
493.66,CASH_OUT,158474.65,157980.99,462954.29,463447.94999999995,1
1007.28,CASH_OUT,125304.31,124297.03,143593.56,144600.84,0
1237.73,TRANSFER,25625.7,24387.97,131016.11,132253.84,0
5045.76,PAYMENT,37814.9,32769.14,91717.91,96763.67,0
1698.53,PAYMENT,228082.64,226384.11000000002,272219.89,273918.42000000004,1
1308.05,CASH_IN,7399.22,6091.17,102678.59,103986.64,0
897.96,TRANSFER,15691.51,14793.55,434447.79,435345.75,0
1042.57,PAYMENT,271393.07,270350.5,152154.89,153197.46000000002,0
4042.39,PAYMENT,211199.13,207156.74,245465.51,249507.90000000002,0
1100.7,TRANSFER,1263.82,163.1199999999999,264755.38,265856.08,0
738.78,PAYMENT,93613.01,92874.23,153823.27,154562.05,0
623.59,DEBIT,228995.54,228371.95,369209.81,369833.4,0
630.32,CASH_OUT,125280.24,124649.92,346036.47,346666.79,0
269.86,CASH_OUT,140639.35,140369.49000000002,380405.51,380675.37,0
517.82,TRANSFER,137639.72,137121.9,302960.23,303478.05,0
4907.01,CASH_OUT,60640.32,55733.31,230091.15,234998.16,0
891.94,TRANSFER,216417.43,215525.49,224458.55,225350.49,0
2218.11,CASH_OUT,30901.9,28683.79,358267.28,360485.39,0
91.95,PAYMENT,152175.33,152083.37999999998,188517.62,188609.57,0
1935.87,TRANSFER,50986.75,49050.88,218629.89,220565.76,0
933.23,PAYMENT,13959.84,13026.61,81835.56,82768.79,0
677.6,TRANSFER,42973.17,42295.57,339815.23,340492.82999999996,1
1314.17,PAYMENT,260800.48,259486.31,38462.37,39776.54,0
667.92,PAYMENT,52844.3,52176.380000000005,495256.08,495924.0,0
131.12,PAYMENT,83510.76,83379.64,71868.79,71999.90999999999,0
2757.96,TRANSFER,41428.44,38670.48,191489.2,194247.16,0
1398.31,PAYMENT,220663.53,219265.22,118890.32,120288.63,0
801.16,CASH_IN,133634.75,132833.59,145329.06,146130.22,0
417.3,TRANSFER,283090.51,282673.21,161226.62,161643.91999999998,0
252.18,PAYMENT,199297.37,199045.19,359168.32,359420.5,0
1371.82,TRANSFER,159416.77,158044.94999999998,88374.64,89746.46,0
5505.16,PAYMENT,196989.28,191484.12,131928.27,137433.43,0
1343.68,CASH_IN,12127.61,10783.93,50603.05,51946.73,0
275.13,TRANSFER,285198.08,284922.95,165730.0,166005.13,0
1373.5,CASH_OUT,286928.88,285555.38,470620.87,471994.37,0
1039.67,PAYMENT,82841.96,81802.29000000001,190054.49,191094.16,0
2602.02,TRANSFER,188488.64,185886.62000000002,388669.15,391271.17000000004,0
2011.7,TRANSFER,60574.57,58562.87,230851.97,232863.67,0
55.38,CASH_IN,164241.54,164186.16,224799.84,224855.22,0
1891.72,TRANSFER,231236.77,229345.05,411985.47,413877.18999999994,0
402.03,TRANSFER,281946.52,281544.49,13409.73,13811.76,1
264.61,PAYMENT,101765.08,101500.47,432443.25,432707.86,0
908.26,PAYMENT,208051.58,207143.31999999998,242604.23,243512.49000000002,0
1654.03,TRANSFER,214928.13,213274.1,175563.59,177217.62,1
212.57,TRANSFER,66344.64,66132.06999999999,453417.48,453630.05,0
2218.48,PAYMENT,188709.64,186491.16,169929.68,172148.16,0
2352.75,DEBIT,196626.39,194273.64,488848.68,491201.43,0
1149.38,DEBIT,229222.83,228073.44999999998,468178.25,469327.63,0
460.53,PAYMENT,299984.18,299523.64999999997,133961.61,134422.13999999998,0
411.83,TRANSFER,12069.71,11657.88,170301.36,170713.18999999997,1
3059.27,PAYMENT,60691.51,57632.240000000005,406083.77,409143.04000000004,0
241.96,CASH_OUT,43523.53,43281.57,97805.04,98047.0,0
3179.47,PAYMENT,46330.22,43150.75,365975.78,369155.25,0
929.64,CASH_OUT,136274.6,135344.96,64575.57,65505.21,0
996.42,CASH_OUT,263560.97,262564.55,102802.76,103799.18,0
198.72,CASH_OUT,134616.98,134418.26,250252.9,250451.62,0
946.99,PAYMENT,200544.12,199597.13,372940.86,373887.85,0
2025.53,CASH_IN,112949.74,110924.21,369714.32,371739.85000000003,0
288.18,PAYMENT,95898.99,95610.81000000001,304461.14,304749.32,0
1805.58,PAYMENT,250270.56,248464.98,136056.34,137861.91999999998,0
1198.72,TRANSFER,196664.25,195465.53,207688.93,208887.65,0
576.08,PAYMENT,105268.59,104692.51,123107.13,123683.21,0
2577.75,DEBIT,274248.08,271670.33,138508.71,141086.46,0
121.24,CASH_OUT,149553.47,149432.23,161612.01,161733.25,0
1551.04,PAYMENT,56482.42,54931.38,299423.86,300974.89999999997,0
5538.26,CASH_IN,144966.56,139428.3,103797.44,109335.7,0
4628.29,PAYMENT,202409.83,197781.53999999998,21284.76,25913.05,0
1619.39,TRANSFER,110133.78,108514.39,346227.33,347846.72000000003,0
811.04,PAYMENT,253135.42,252324.38,10903.2,11714.240000000002,0
580.68,CASH_IN,159943.19,159362.51,485392.41,485973.08999999997,0
810.03,PAYMENT,140329.43,139519.4,175142.76,175952.79,0
1889.01,PAYMENT,257613.43,255724.41999999998,3290.69,5179.7,0
489.19,TRANSFER,138875.34,138386.15,442292.66,442781.85,0
2338.87,CASH_IN,124323.04,121984.17,299902.27,302241.14,0
9257.23,DEBIT,31114.92,21857.69,408696.15,417953.38,0
1030.83,CASH_OUT,108747.56,107716.73,217512.36,218543.18999999997,0
285.89,DEBIT,119114.49,118828.6,177090.94,177376.83000000002,0
285.79,DEBIT,54186.7,53900.909999999996,327594.72,327880.50999999995,0
2384.07,TRANSFER,176346.96,173962.88999999998,203000.44,205384.51,0
1033.03,PAYMENT,43152.62,42119.590000000004,278104.3,279137.33,0
2635.51,CASH_OUT,67106.94,64471.43,138911.44,141546.95,0
643.14,CASH_OUT,168327.6,167684.46,166322.7,166965.84000000003,0
2516.5,PAYMENT,80695.07,78178.57,41095.38,43611.88,0
936.08,PAYMENT,191900.49,190964.41,390685.99,391622.07,0
527.16,CASH_OUT,207153.94,206626.78,174425.41,174952.57,0
734.36,PAYMENT,90387.12,89652.76,487499.57,488233.93,0
331.27,CASH_IN,26216.3,25885.03,129879.41,130210.68000000001,0
8017.32,PAYMENT,146835.55,138818.22999999998,237526.34,245543.66,0
995.87,PAYMENT,27869.53,26873.66,152766.1,153761.97,0
2089.15,DEBIT,154570.7,152481.55000000002,346962.69,349051.84,0
641.07,PAYMENT,217865.35,217224.28,404182.96,404824.03,0
383.01,PAYMENT,186098.94,185715.93,243505.37,243888.38,0
867.94,TRANSFER,134480.29,133612.35,183463.78,184331.72,0
3298.4,DEBIT,283757.56,280459.16,372375.66,375674.06,0
651.49,PAYMENT,30524.17,29872.679999999997,95727.52,96379.01000000001,0
459.19,PAYMENT,264000.45,263541.26,299733.17,300192.36,0
1281.09,CASH_OUT,240038.66,238757.57,366812.23,368093.32,0
1806.28,CASH_IN,125921.57,124115.29000000001,134634.81,136441.09,0
5669.45,TRANSFER,45860.15,40190.700000000004,327849.67,333519.12,0
1562.04,PAYMENT,46760.04,45198.0,367613.07,369175.11,0
2088.06,PAYMENT,276541.73,274453.67,58708.31,60796.369999999995,0
2251.33,PAYMENT,70111.4,67860.06999999999,161953.74,164205.06999999998,1
346.19,PAYMENT,262234.71,261888.52000000002,203153.02,203499.21,0
418.5,CASH_OUT,150988.57,150570.07,387978.7,388397.2,0
370.96,PAYMENT,138520.39,138149.43000000002,283752.57,284123.53,0
289.41,TRANSFER,185853.38,185563.97,224780.74,225070.15,1
2429.55,CASH_OUT,64511.72,62082.17,159386.22,161815.77,0
1465.64,TRANSFER,128511.2,127045.56,2030.68,3496.32,0
1187.37,PAYMENT,281545.33,280357.96,10110.05,11297.419999999998,0
82.05,CASH_OUT,71477.08,71395.03,120223.11,120305.16,0
8565.32,CASH_OUT,276475.07,267909.75,58345.3,66910.62,0
448.42,CASH_OUT,298262.91,297814.49,59793.3,60241.72,0
8533.99,PAYMENT,15572.16,7038.17,301369.81,309903.8,0
257.43,PAYMENT,159413.74,159156.31,302727.66,302985.08999999997,0
486.68,CASH_IN,51545.79,51059.11,22386.05,22872.73,0
121.16,PAYMENT,186514.28,186393.12,296967.63,297088.79,0
1575.18,PAYMENT,296862.79,295287.61,72909.3,74484.48,0
364.58,TRANSFER,269064.27,268699.69,188612.87,188977.44999999998,0
375.03,CASH_OUT,277454.54,277079.50999999995,494841.93,495216.96,0
277.96,CASH_IN,64004.94,63726.98,261002.68,261280.63999999998,0
2385.96,PAYMENT,162695.88,160309.92,17094.01,19479.969999999998,1
2233.81,CASH_IN,70449.3,68215.49,173829.1,176062.91,0
6714.56,PAYMENT,269827.41,263112.85,335449.08,342163.64,0
552.41,TRANSFER,57346.2,56793.78999999999,112298.94,112851.35,0
1364.88,CASH_OUT,46187.67,44822.79,482224.62,483589.5,0
302.07,PAYMENT,3648.79,3346.72,212646.85,212948.92,0
784.43,PAYMENT,54584.36,53799.93,10543.65,11328.08,0
652.72,TRANSFER,56928.85,56276.13,270283.08,270935.8,0
1744.9,CASH_IN,23247.06,21502.16,338094.81,339839.71,0
3032.13,TRANSFER,260322.33,257290.19999999998,227995.59,231027.72,0
2954.45,CASH_IN,233999.34,231044.88999999998,464085.42,467039.87,0
472.1,CASH_OUT,76344.45,75872.34999999999,450966.08,451438.18,0
2976.39,TRANSFER,234977.31,232000.91999999998,69480.04,72456.43,0
1049.34,CASH_OUT,126649.36,125600.02,39974.08,41023.42,0
792.67,PAYMENT,232656.09,231863.41999999998,156154.5,156947.17,0
539.96,PAYMENT,96902.3,96362.34,304066.33,304606.29000000004,0
626.45,DEBIT,169396.27,168769.81999999998,300797.66,301424.11,0
6262.37,CASH_OUT,114483.16,108220.79000000001,135821.55,142083.91999999998,0
1491.31,PAYMENT,56302.75,54811.44,475550.27,477041.58,0
1305.85,TRANSFER,175689.87,174384.02,153665.86,154971.71,1
843.66,TRANSFER,225249.24,224405.58,402099.72,402943.37999999995,0
12657.16,DEBIT,225932.14,213274.98,415990.09,428647.25,0
4044.08,TRANSFER,106886.83,102842.75,49217.51,53261.590000000004,0
533.22,TRANSFER,155613.53,155080.31,116276.46,116809.68000000001,0
834.13,PAYMENT,229133.58,228299.44999999998,107595.75,108429.88,0
885.15,TRANSFER,16349.28,15464.130000000001,459825.66,460710.81,0
1268.86,CASH_OUT,21566.5,20297.64,175552.46,176821.31999999998,0
543.9,DEBIT,112866.82,112322.92000000001,418235.67,418779.57,0
1700.74,TRANSFER,67041.48,65340.74,239009.0,240709.74,0
4684.85,PAYMENT,112393.81,107708.95999999999,228609.52,233294.37,0
294.82,PAYMENT,28125.92,27831.1,451710.68,452005.5,0
354.91,CASH_OUT,177602.41,177247.5,220450.7,220805.61000000002,0
676.44,CASH_OUT,201522.15,200845.71,372425.96,373102.4,0
708.54,PAYMENT,237552.15,236843.61,212188.75,212897.29,0
8090.66,PAYMENT,195156.88,187066.22,50934.87,59025.53,0
2986.06,TRANSFER,118914.42,115928.36,26547.4,29533.460000000003,0
2819.52,PAYMENT,280478.47,277658.94999999995,104120.09,106939.61,0
841.88,DEBIT,217899.6,217057.72,361134.02,361975.9,0
823.6,PAYMENT,158304.37,157480.77,186824.86,187648.46,0
256.8,PAYMENT,62055.12,61798.32,227053.79,227310.59,0
2396.44,CASH_IN,194692.5,192296.06,50938.2,53334.64,0
1791.94,PAYMENT,177516.16,175724.22,311518.8,313310.74,0
3967.92,PAYMENT,204999.0,201031.08,401724.11,405692.02999999997,0
888.18,PAYMENT,234337.43,233449.25,312341.62,313229.8,0
951.67,PAYMENT,274514.89,273563.22000000003,492307.04,493258.70999999996,0
1299.9,PAYMENT,284716.98,283417.07999999996,8170.7,9470.6,0
2675.52,PAYMENT,189055.65,186380.13,7834.91,10510.43,0
252.09,PAYMENT,289786.81,289534.72,250002.8,250254.88999999998,0
2289.43,PAYMENT,273426.72,271137.29,133204.03,135493.46,0
1074.39,TRANSFER,784.31,0.0,343255.2,344329.59,0
380.45,CASH_OUT,191285.24,190904.78999999998,396605.08,396985.53,0
136.37,PAYMENT,53540.82,53404.45,51217.95,51354.32,0
956.73,PAYMENT,88557.8,87601.07,458669.1,459625.82999999996,0
4664.39,TRANSFER,89250.06,84585.67,14961.47,19625.86,0
5852.85,DEBIT,144938.89,139086.04,344201.96,350054.81,0
1564.59,DEBIT,3259.85,1695.26,192250.38,193814.97,0
7800.99,PAYMENT,70738.92,62937.93,333719.61,341520.6,0
1050.54,PAYMENT,8736.29,7685.750000000001,48818.16,49868.700000000004,0
2844.96,PAYMENT,195167.57,192322.61000000002,468540.16,471385.12,0
698.38,PAYMENT,266786.27,266087.89,468704.17,469402.55,0
655.5,TRANSFER,299336.6,298681.1,259700.41,260355.91,0
556.96,TRANSFER,134567.07,134010.11000000002,254792.27,255349.22999999998,0
139.7,PAYMENT,78042.33,77902.63,317404.09,317543.79000000004,0
3972.27,PAYMENT,255931.08,251958.81,290034.48,294006.75,0
577.3,TRANSFER,33947.56,33370.259999999995,271773.28,272350.58,0
492.04,PAYMENT,292271.69,291779.65,294595.57,295087.61,0
336.98,DEBIT,214451.24,214114.25999999998,429315.09,429652.07,0
893.94,PAYMENT,151180.4,150286.46,305533.39,306427.33,0
6396.41,CASH_IN,28995.16,22598.75,97917.18,104313.59,0
8899.75,PAYMENT,5458.78,0.0,456956.02,465855.77,0
208.33,DEBIT,163359.66,163151.33000000002,107980.31,108188.64,0
769.35,CASH_IN,124155.15,123385.79999999999,82580.85,83350.20000000001,0
389.8,CASH_IN,252799.35,252409.55000000002,498528.91,498918.70999999996,0
2946.4,CASH_OUT,192691.64,189745.24000000002,106708.35,109654.75,0
1460.59,CASH_OUT,129568.9,128108.31,50046.68,51507.27,0
580.23,CASH_OUT,67802.12,67221.89,281003.61,281583.83999999997,0
1179.18,CASH_OUT,144126.66,142947.48,413596.87,414776.05,0
680.33,PAYMENT,48898.28,48217.95,30375.36,31055.690000000002,0
5509.59,TRANSFER,200103.8,194594.21,245052.09,250561.68,0
1894.97,TRANSFER,181718.72,179823.75,34251.17,36146.14,1
2142.7,DEBIT,243021.41,240878.71,214345.56,216488.26,0
76.18,TRANSFER,134858.78,134782.6,171980.06,172056.24,0
1025.78,PAYMENT,83594.56,82568.78,68564.71,69590.49,0
8806.2,CASH_OUT,250918.61,242112.40999999997,465510.51,474316.71,0
4130.4,PAYMENT,207299.12,203168.72,317443.49,321573.89,0
172.93,PAYMENT,212012.75,211839.82,421528.15,421701.08,0
801.57,TRANSFER,158425.37,157623.8,452972.26,453773.83,0
329.8,TRANSFER,262793.58,262463.78,465092.67,465422.47,0
6069.93,PAYMENT,68335.05,62265.12,374057.31,380127.24,0
1400.07,PAYMENT,120507.61,119107.54,153474.16,154874.23,0
508.88,PAYMENT,238869.77,238360.88999999998,414466.31,414975.19,0
1134.74,PAYMENT,39888.27,38753.53,260091.46,261226.19999999998,0
80.85,PAYMENT,242432.85,242352.0,135826.96,135907.81,0
370.57,CASH_OUT,105778.57,105408.0,192886.9,193257.47,0
1137.34,PAYMENT,37651.11,36513.770000000004,150611.77,151749.11,0
2554.66,CASH_IN,23744.85,21190.19,233102.02,235656.68,0
157.38,CASH_IN,252908.62,252751.24,390667.57,390824.95,0
749.08,TRANSFER,233584.66,232835.58000000002,242433.67,243182.75,0
3009.97,PAYMENT,86412.4,83402.43,133929.29,136939.26,0
256.86,TRANSFER,34908.66,34651.8,43701.54,43958.4,0
1379.1,DEBIT,74170.33,72791.23,427878.04,429257.13999999996,0
1171.42,CASH_OUT,63896.29,62724.87,208684.3,209855.72,0
6089.86,CASH_OUT,219916.7,213826.84000000003,220961.27,227051.12999999998,0
871.19,TRANSFER,64668.93,63797.74,381860.79,382731.98,0
923.71,CASH_OUT,64829.56,63905.85,424863.25,425786.96,0
2578.49,PAYMENT,9680.44,7101.950000000001,255572.45,258150.94,0
291.1,CASH_OUT,179057.91,178766.81,316183.92,316475.01999999996,0
879.29,PAYMENT,206693.86,205814.56999999998,119578.35,120457.64,0
695.25,CASH_OUT,196047.14,195351.89,467533.97,468229.22,0
954.41,DEBIT,170579.75,169625.34,283960.63,284915.04,0
2561.65,PAYMENT,289822.48,287260.82999999996,359802.45,362364.10000000003,0
1908.67,TRANSFER,141821.55,139912.87999999998,57106.53,59015.2,0
518.7,PAYMENT,258040.95,257522.25,318460.48,318979.18,0
1257.27,CASH_OUT,193802.97,192545.7,184474.89,185732.16,0
4868.02,PAYMENT,25248.58,20380.56,225031.49,229899.50999999998,0
477.53,CASH_IN,243026.54,242549.01,341081.02,341558.55000000005,0
1267.96,PAYMENT,175316.56,174048.6,398163.77,399431.73000000004,1
904.01,CASH_IN,196057.7,195153.69,174682.62,175586.63,0
1029.67,CASH_OUT,54068.23,53038.560000000005,436618.43,437648.1,1
214.72,TRANSFER,131247.03,131032.31,109495.15,109709.87,0
4495.19,CASH_OUT,264174.74,259679.55,281449.12,285944.31,0
505.55,CASH_OUT,64629.36,64123.81,75632.74,76138.29000000001,0
3059.7,CASH_IN,37.47,0.0,144624.89,147684.59000000003,0
589.12,PAYMENT,77252.61,76663.49,447705.73,448294.85,1
586.69,TRANSFER,146262.73,145676.04,5778.39,6365.08,0
3689.05,PAYMENT,246383.41,242694.36000000002,457805.59,461494.64,0
2962.78,TRANSFER,192987.27,190024.49,164201.02,167163.8,0
1351.09,PAYMENT,275719.04,274367.94999999995,347897.71,349248.80000000005,0
2347.6,TRANSFER,136669.33,134321.72999999998,45859.15,48206.75,0
821.76,TRANSFER,117244.57,116422.81000000001,320635.73,321457.49,0
1087.5,TRANSFER,69425.46,68337.96,454730.64,455818.14,0
565.88,TRANSFER,65418.75,64852.87,277600.96,278166.84,0
2708.27,CASH_OUT,220832.97,218124.7,181060.75,183769.02,1
548.17,CASH_OUT,24107.74,23559.570000000003,396788.81,397336.98,0
4842.35,TRANSFER,72814.08,67971.73,356362.71,361205.06,0
799.64,TRANSFER,265768.58,264968.94,58846.28,59645.92,0
1119.36,CASH_IN,173076.25,171956.89,332850.77,333970.13,0
2341.92,PAYMENT,13976.28,11634.36,332327.92,334669.83999999997,0
1123.12,PAYMENT,211276.51,210153.39,375960.58,377083.7,0
814.11,PAYMENT,152004.71,151190.6,158153.43,158967.53999999998,0
1064.2,CASH_OUT,256356.52,255292.31999999998,200638.99,201703.19,0
2680.66,TRANSFER,204730.16,202049.5,480019.03,482699.69,0
565.18,CASH_OUT,1333.98,768.8000000000001,286728.46,287293.64,0
966.58,CASH_OUT,61721.73,60755.15,254252.49,255219.06999999998,1
1107.97,PAYMENT,77389.11,76281.14,493424.85,494532.81999999995,0
2603.43,DEBIT,210669.69,208066.26,114778.82,117382.25,0
992.43,CASH_OUT,152794.25,151801.82,198968.46,199960.88999999998,0
6689.53,PAYMENT,224234.25,217544.72,379941.78,386631.31000000006,0
937.73,PAYMENT,153860.16,152922.43,356550.29,357488.01999999996,0
864.64,PAYMENT,98215.38,97350.74,483350.32,484214.96,0
924.24,PAYMENT,31098.19,30173.949999999997,327150.17,328074.41,0
293.93,PAYMENT,60786.63,60492.7,156547.49,156841.41999999998,0
388.88,CASH_IN,120234.02,119845.14,198825.98,199214.86000000002,0
645.05,TRANSFER,165436.29,164791.24000000002,44856.46,45501.51,0
3414.65,PAYMENT,281591.22,278176.56999999995,461860.13,465274.78,0
1060.9,CASH_OUT,71916.05,70855.15000000001,64334.01,65394.91,0
675.43,TRANSFER,199825.48,199150.05000000002,272851.86,273527.29,0
3738.86,CASH_IN,45763.77,42024.909999999996,200697.56,204436.41999999998,0
5172.84,CASH_OUT,214125.94,208953.1,67111.81,72284.65,0
3848.28,TRANSFER,3402.26,0.0,146496.13,150344.41,0
467.27,PAYMENT,196775.98,196308.71000000002,316784.51,317251.78,0
668.31,CASH_IN,48965.3,48296.990000000005,15625.75,16294.06,0
6726.0,CASH_OUT,54097.33,47371.33,482994.77,489720.77,0
1395.68,CASH_IN,167672.29,166276.61000000002,454547.81,455943.49,0
839.14,PAYMENT,112623.46,111784.32,42300.72,43139.86,0
2249.24,DEBIT,141391.55,139142.31,434176.77,436426.01,0
3002.8,CASH_OUT,92666.66,89663.86,164285.61,167288.40999999997,0
619.28,PAYMENT,286040.11,285420.82999999996,33752.22,34371.5,1
1365.72,TRANSFER,87196.83,85831.11,153056.42,154422.14,0
2769.88,CASH_OUT,162614.23,159844.35,404443.75,407213.63,0
343.68,PAYMENT,256306.67,255962.99000000002,332915.73,333259.41,0
1110.26,TRANSFER,199254.24,198143.97999999998,119279.8,120390.06,0
359.82,DEBIT,96833.08,96473.26,359588.24,359948.06,0
410.11,PAYMENT,165731.01,165320.90000000002,353910.56,354320.67,0
624.47,TRANSFER,24897.34,24272.87,371430.68,372055.14999999997,0
1767.14,TRANSFER,163705.92,161938.78,270328.33,272095.47000000003,0
794.71,PAYMENT,129416.73,128622.01999999999,409472.83,410267.54000000004,0
573.4,CASH_IN,227380.11,226806.71,320681.11,321254.51,0
1154.65,CASH_OUT,254370.85,253216.2,62699.6,63854.25,0
348.29,PAYMENT,59884.96,59536.67,405127.99,405476.27999999997,0
1683.79,CASH_IN,24460.77,22776.98,161884.05,163567.84,0
3399.51,DEBIT,117167.09,113767.58,352517.36,355916.87,0
1013.13,PAYMENT,160245.12,159231.99,337565.85,338578.98,0
895.47,DEBIT,113040.58,112145.11,167956.26,168851.73,0
1593.11,PAYMENT,188568.35,186975.24000000002,80841.83,82434.94,0
144.25,CASH_IN,151695.38,151551.13,347479.04,347623.29,0
1875.85,CASH_OUT,280987.81,279111.96,424511.68,426387.52999999997,0
24388.96,CASH_OUT,122817.34,98428.38,419115.66,443504.62,0
970.03,PAYMENT,24748.25,23778.22,313252.42,314222.45,0
973.48,DEBIT,90580.51,89607.03,113703.63,114677.11,0
2306.78,PAYMENT,181768.16,179461.38,158104.98,160411.76,0
5683.56,PAYMENT,76807.53,71123.97,377313.84,382997.4,0
2907.26,PAYMENT,80696.54,77789.28,205426.96,208334.22,0
127.03,CASH_OUT,101871.75,101744.72,366248.71,366375.74000000005,0
1926.38,PAYMENT,223842.53,221916.15,154725.0,156651.38,0
14356.1,CASH_IN,282039.97,267683.87,3159.12,17515.22,0
2043.54,CASH_OUT,105112.99,103069.45000000001,301745.03,303788.57,1
345.64,PAYMENT,58646.41,58300.770000000004,300458.18,300803.82,0
1453.65,PAYMENT,126191.09,124737.44,313777.34,315230.99000000005,0
304.7,PAYMENT,105551.91,105247.21,134092.82,134397.52000000002,0
3762.37,TRANSFER,297007.47,293245.1,405535.48,409297.85,0
421.63,CASH_OUT,139160.48,138738.85,243733.42,244155.05000000002,0
1181.15,PAYMENT,203785.01,202603.86000000002,381193.95,382375.10000000003,0
465.08,DEBIT,274136.42,273671.33999999997,305546.73,306011.81,1
634.95,PAYMENT,188718.47,188083.52,208035.41,208670.36000000002,0
4847.17,CASH_OUT,74813.54,69966.37,339813.42,344660.58999999997,0
1216.16,CASH_IN,182223.03,181006.87,287488.68,288704.83999999997,0
626.91,CASH_OUT,120562.9,119935.98999999999,255355.57,255982.48,0
348.9,CASH_OUT,126704.96,126356.06000000001,324280.26,324629.16000000003,0
168.73,DEBIT,293797.37,293628.64,42969.49,43138.22,0
313.79,PAYMENT,83577.3,83263.51000000001,455130.54,455444.32999999996,0
1226.55,PAYMENT,140680.54,139453.99000000002,167541.02,168767.56999999998,0
2922.61,PAYMENT,47960.11,45037.5,112346.48,115269.09,0
626.19,TRANSFER,53563.26,52937.07,385898.18,386524.37,0
5274.0,CASH_OUT,181045.33,175771.33,115610.94,120884.94,0
535.12,CASH_OUT,225304.71,224769.59,497884.81,498419.93,0
864.36,DEBIT,190937.96,190073.6,210246.27,211110.62999999998,0
372.57,PAYMENT,98785.2,98412.62999999999,148312.2,148684.77000000002,0
2953.55,CASH_OUT,17885.45,14931.900000000001,31032.54,33986.090000000004,1
8933.03,PAYMENT,141079.16,132146.13,20902.09,29835.120000000003,0
188.33,PAYMENT,151280.9,151092.57,47570.28,47758.61,0
775.76,CASH_OUT,231195.48,230419.72,2516.41,3292.17,0
3884.62,CASH_IN,192086.87,188202.25,163544.99,167429.61,0
258.02,TRANSFER,261377.59,261119.57,155227.2,155485.22,0
1932.72,PAYMENT,234894.86,232962.13999999998,215045.87,216978.59,0
3719.97,TRANSFER,109763.34,106043.37,116461.46,120181.43000000001,0
1185.87,PAYMENT,189666.43,188480.56,31370.58,32556.45,0
1901.24,DEBIT,224185.96,222284.72,35581.26,37482.5,0
6379.87,CASH_OUT,287064.11,280684.24,91073.19,97453.06,0
7695.77,PAYMENT,126705.65,119009.87999999999,158294.76,165990.53,0
1030.74,PAYMENT,194484.6,193453.86000000002,73996.03,75026.77,0
643.95,PAYMENT,117799.15,117155.2,182558.91,183202.86000000002,0
437.04,CASH_IN,221348.45,220911.41,461110.08,461547.12,0
2913.07,TRANSFER,273597.95,270684.88,130801.5,133714.57,1
278.17,CASH_OUT,275767.8,275489.63,84199.66,84477.83,0
851.86,CASH_OUT,47126.26,46274.4,332388.13,333239.99,0
1215.23,TRANSFER,61228.98,60013.75,245440.52,246655.75,0
663.15,PAYMENT,226478.84,225815.69,23627.01,24290.16,0
1450.73,CASH_IN,189302.97,187852.24,393903.67,395354.39999999997,0
14250.02,PAYMENT,271532.19,257282.17,357671.49,371921.51,0
971.07,TRANSFER,94140.17,93169.09999999999,488649.18,489620.25,0
709.52,CASH_OUT,254406.24,253696.72,469153.31,469862.83,1
3027.01,CASH_OUT,205132.76,202105.75,292124.15,295151.16000000003,0
1393.51,CASH_IN,58636.89,57243.38,343010.65,344404.16000000003,0
4625.48,PAYMENT,37948.31,33322.83,204753.41,209378.89,0
1292.96,TRANSFER,210817.08,209524.12,444233.59,445526.55000000005,0
855.41,TRANSFER,47538.45,46683.03999999999,276404.41,277259.81999999995,0
184.25,TRANSFER,238298.71,238114.46,162775.66,162959.91,0
217.08,PAYMENT,167128.51,166911.43000000002,4745.75,4962.83,0
174.92,PAYMENT,143060.12,142885.19999999998,293224.88,293399.8,0
1602.53,PAYMENT,82658.71,81056.18000000001,262716.95,264319.48000000004,0
280.83,PAYMENT,295153.68,294872.85,405938.59,406219.42000000004,0
3849.03,TRANSFER,216650.13,212801.1,93502.31,97351.34,0
1130.31,TRANSFER,233419.09,232288.78,407700.63,408830.94,0
859.04,CASH_OUT,230613.28,229754.24,7641.81,8500.85,0
471.61,TRANSFER,175204.67,174733.06000000003,293656.69,294128.3,0
2043.17,TRANSFER,281909.65,279866.48000000004,198426.2,200469.37000000002,0
490.54,PAYMENT,175146.45,174655.91,165760.26,166250.80000000002,0
409.37,TRANSFER,156013.68,155604.31,216647.98,217057.35,0
3598.78,PAYMENT,82113.13,78514.35,111795.74,115394.52,0
1563.4,PAYMENT,84520.78,82957.38,91712.83,93276.23,0
867.03,TRANSFER,221065.17,220198.14,402553.44,403420.47000000003,1
2082.73,TRANSFER,100430.23,98347.5,113879.15,115961.87999999999,0
1106.47,PAYMENT,218613.22,217506.75,368486.0,369592.47,0
1608.43,TRANSFER,285812.03,284203.60000000003,355680.27,357288.7,0
484.52,TRANSFER,131792.23,131307.71000000002,16700.21,17184.73,0
8694.09,CASH_OUT,29197.69,20503.6,440536.21,449230.30000000005,0
614.24,CASH_OUT,199963.94,199349.7,394677.57,395291.81,0
5197.93,CASH_OUT,2856.91,0.0,398033.62,403231.55,0
907.9,PAYMENT,236101.06,235193.16,404595.53,405503.43000000005,0
2457.98,CASH_OUT,157695.94,155237.96,291276.61,293734.58999999997,0
2285.23,TRANSFER,146919.66,144634.43,496690.43,498975.66,0
3452.49,TRANSFER,170832.65,167380.16,89576.07,93028.56000000001,0
473.13,CASH_OUT,154922.56,154449.43,36167.97,36641.1,0
3215.17,PAYMENT,97133.18,93918.01,352083.74,355298.91,0
6949.6,TRANSFER,84452.67,77503.06999999999,146968.62,153918.22,0
846.67,CASH_OUT,124589.24,123742.57,304116.61,304963.27999999997,0
1135.36,DEBIT,268472.78,267337.42000000004,195850.81,196986.16999999998,1
649.73,CASH_IN,40611.14,39961.409999999996,166762.08,167411.81,0
775.54,TRANSFER,97429.38,96653.84000000001,446624.31,447399.85,0
6071.88,TRANSFER,57690.13,51618.25,71021.73,77093.61,0
401.72,CASH_OUT,128141.09,127739.37,94492.83,94894.55,0
427.47,PAYMENT,40049.53,39622.06,333920.43,334347.89999999997,0
5491.19,DEBIT,228238.68,222747.49,391300.51,396791.7,0
2047.86,TRANSFER,31040.22,28992.36,416107.25,418155.11,0
9139.58,PAYMENT,199578.63,190439.05000000002,115574.86,124714.44,0
698.94,PAYMENT,80313.1,79614.16,441056.71,441755.65,0
1244.24,DEBIT,141657.0,140412.76,304775.33,306019.57,0
566.41,PAYMENT,59996.39,59429.979999999996,411609.21,412175.62,0
1265.6,PAYMENT,219067.1,217801.5,34260.97,35526.57,0
186.03,PAYMENT,284482.8,284296.76999999996,178447.17,178633.2,0
2175.37,PAYMENT,66523.59,64348.219999999994,262431.99,264607.36,0
1515.46,PAYMENT,285945.96,284430.5,288478.52,289993.98000000004,0
1035.3,CASH_OUT,97582.14,96546.84,49535.78,50571.08,0
742.21,PAYMENT,167354.15,166611.94,269329.12,270071.33,0
448.2,DEBIT,210476.99,210028.78999999998,332743.22,333191.42,0
2270.4,DEBIT,59780.58,57510.18,180797.54,183067.94,0
339.99,PAYMENT,133429.18,133089.19,250369.62,250709.61,0
1829.68,PAYMENT,20348.24,18518.56,146283.21,148112.88999999998,0
8729.4,TRANSFER,209116.13,200386.73,435250.14,443979.54000000004,0
4844.12,PAYMENT,124984.84,120140.72,299603.3,304447.42,0
243.44,PAYMENT,267493.36,267249.92,275636.95,275880.39,0
641.15,CASH_IN,82197.57,81556.42000000001,472178.71,472819.86000000004,1
1671.46,CASH_IN,277080.4,275408.94,332465.76,334137.22000000003,0
1022.21,CASH_OUT,42311.95,41289.74,139911.72,140933.93,0
270.59,PAYMENT,182089.94,181819.35,320876.54,321147.13,0
1612.14,CASH_OUT,92342.45,90730.31,480811.73,482423.87,0
1085.7,CASH_OUT,54534.48,53448.780000000006,11779.13,12864.83,0
7437.76,PAYMENT,28181.15,20743.39,313295.5,320733.26,0
851.31,CASH_OUT,196692.77,195841.46,78417.48,79268.79,0
3526.3,PAYMENT,69950.38,66424.08,408229.76,411756.06,0
308.87,PAYMENT,171844.32,171535.45,320342.26,320651.13,0
392.29,TRANSFER,293825.62,293433.33,468494.75,468887.04,0
2256.71,PAYMENT,94788.55,92531.84,334788.93,337045.64,0
3241.3,PAYMENT,10483.28,7241.9800000000005,8609.45,11850.75,0
420.99,DEBIT,42846.78,42425.79,255176.92,255597.91,0
1123.36,CASH_IN,35796.6,34673.24,451834.03,452957.39,0
275.45,TRANSFER,138985.06,138709.61,116151.5,116426.95,0
914.87,DEBIT,223395.17,222480.30000000002,41448.2,42363.07,0
2532.4,CASH_IN,88933.32,86400.92000000001,359943.93,362476.33,0
709.84,PAYMENT,43752.83,43042.990000000005,251254.28,251964.12,0
854.88,TRANSFER,192230.03,191375.15,23797.63,24652.510000000002,0
354.32,PAYMENT,90354.06,89999.73999999999,139957.62,140311.94,0
573.43,PAYMENT,172551.1,171977.67,163374.32,163947.75,0
6362.08,CASH_OUT,280135.97,273773.88999999996,333930.74,340292.82,0
1179.59,TRANSFER,87404.09,86224.5,235800.11,236979.69999999998,1
402.5,TRANSFER,153747.48,153344.98,243595.16,243997.66,0
800.49,PAYMENT,242043.57,241243.08000000002,403301.85,404102.33999999997,0
221.98,PAYMENT,207515.43,207293.44999999998,139208.55,139430.53,0
397.76,CASH_IN,225443.45,225045.69,336286.37,336684.13,0
4274.15,PAYMENT,231770.81,227496.66,183778.65,188052.8,0
951.0,PAYMENT,161974.81,161023.81,209185.02,210136.02,0
7264.32,PAYMENT,160818.63,153554.31,277951.21,285215.53,0
996.9,TRANSFER,215666.87,214669.97,347823.4,348820.30000000005,0
1057.88,TRANSFER,209294.48,208236.6,472597.63,473655.51,0
2081.6,TRANSFER,201017.3,198935.69999999998,134505.58,136587.18,0
75.75,PAYMENT,114640.41,114564.66,51872.61,51948.36,0
1346.06,PAYMENT,248562.79,247216.73,214395.96,215742.02,0
1044.21,DEBIT,70860.87,69816.65999999999,273358.0,274402.21,0
4846.63,CASH_OUT,46719.59,41872.96,114001.8,118848.43000000001,0
2877.51,CASH_OUT,103548.67,100671.16,445247.89,448125.4,0
352.94,CASH_OUT,76149.37,75796.43,399423.51,399776.45,0
3797.65,CASH_OUT,198954.75,195157.1,246831.96,250629.61,0
843.61,PAYMENT,69305.36,68461.75,225031.97,225875.58,0
443.88,PAYMENT,196946.95,196503.07,20370.63,20814.510000000002,0
1335.56,TRANSFER,153966.84,152631.28,268444.87,269780.43,0
895.36,PAYMENT,45735.02,44839.659999999996,297873.55,298768.91,0
5107.5,DEBIT,77518.88,72411.38,445815.89,450923.39,0
1541.67,TRANSFER,156518.04,154976.37,250549.03,252090.7,0
1347.03,CASH_OUT,219931.59,218584.56,78688.71,80035.74,1
2699.03,DEBIT,119475.49,116776.46,90028.45,92727.48,0
3271.07,TRANSFER,69849.79,66578.71999999999,79933.71,83204.78000000001,1
2400.91,CASH_IN,88523.46,86122.55,469267.44,471668.35,0
4534.47,TRANSFER,28535.16,24000.69,396694.63,401229.1,0
2015.62,DEBIT,7544.85,5529.2300000000005,412383.06,414398.68,0
1296.8,PAYMENT,291938.79,290641.99,420216.76,421513.56,0
3786.4,TRANSFER,28922.98,25136.579999999998,47817.32,51603.72,0
1001.35,TRANSFER,37466.2,36464.85,351088.43,352089.77999999997,0
1133.71,PAYMENT,261289.23,260155.52000000002,352168.36,353302.07,0
6133.84,PAYMENT,199051.57,192917.73,112410.85,118544.69,0
5552.06,CASH_IN,130821.76,125269.7,245332.89,250884.95,0
1087.7,CASH_OUT,194707.02,193619.31999999998,331215.44,332303.14,0
696.77,PAYMENT,280495.45,279798.68,448668.22,449364.99,0
4737.07,PAYMENT,29813.19,25076.12,55212.76,59949.83,0
2441.62,PAYMENT,73113.31,70671.69,446096.58,448538.2,0
1503.55,PAYMENT,258090.12,256586.57,461207.48,462711.02999999997,0
794.83,CASH_IN,234191.8,233396.97,461804.92,462599.75,0
1527.97,TRANSFER,298277.02,296749.05000000005,2417.45,3945.42,0
1073.08,PAYMENT,94172.64,93099.56,110499.39,111572.47,0
564.34,TRANSFER,283465.92,282901.57999999996,345622.62,346186.96,0
1247.68,PAYMENT,103106.65,101858.97,160869.89,162117.57,0
1429.99,PAYMENT,214527.96,213097.97,30541.65,31971.640000000003,0
753.41,CASH_OUT,264822.88,264069.47000000003,381471.04,382224.44999999995,0
2707.62,CASH_OUT,51234.63,48527.009999999995,14296.1,17003.72,0
3979.19,CASH_IN,61691.6,57712.409999999996,223010.66,226989.85,0
2892.56,CASH_OUT,174287.59,171395.03,473788.05,476680.61,0
831.93,TRANSFER,253147.43,252315.5,220116.41,220948.34,0
2335.13,CASH_OUT,23684.86,21349.73,455943.64,458278.77,0
1185.55,CASH_IN,255264.24,254078.69,204502.12,205687.66999999998,0
318.7,CASH_OUT,102936.16,102617.46,173343.05,173661.75,0
2148.94,CASH_IN,121867.98,119719.04,53691.4,55840.340000000004,0
1269.19,CASH_OUT,101958.33,100689.14,179045.45,180314.64,0
14669.83,DEBIT,273443.97,258774.13999999998,168493.25,183163.08,0
4709.19,PAYMENT,39238.3,34529.11,423275.59,427984.78,1
2233.11,CASH_OUT,172282.34,170049.23,459957.59,462190.7,0
1406.94,TRANSFER,44432.42,43025.479999999996,10965.04,12371.980000000001,0
1291.71,TRANSFER,278578.39,277286.68,49128.21,50419.92,0
401.94,CASH_OUT,239379.39,238977.45,321614.23,322016.17,0
192.68,CASH_IN,70145.78,69953.1,242371.44,242564.12,0
458.26,CASH_IN,89333.48,88875.22,148439.32,148897.58000000002,0
1045.53,PAYMENT,114454.6,113409.07,129953.53,130999.06,0
133.55,CASH_OUT,121625.3,121491.75,112337.29,112470.84,0
636.31,CASH_OUT,245202.86,244566.55,262725.43,263361.74,0
856.1,PAYMENT,169360.01,168503.91,8739.97,9596.07,0
884.1,PAYMENT,128384.79,127500.68999999999,369442.19,370326.29,0
565.82,PAYMENT,215833.4,215267.58,150194.0,150759.82,0
779.37,CASH_OUT,137359.46,136580.09,213415.73,214195.1,0
6148.07,TRANSFER,38472.01,32323.940000000002,263526.1,269674.17,0
2126.31,CASH_IN,32246.76,30120.449999999997,105679.8,107806.11,0
626.22,TRANSFER,97787.0,97160.78,441851.32,442477.54,0
1024.18,CASH_IN,180861.07,179836.89,341046.63,342070.81,0
1066.02,TRANSFER,40452.4,39386.380000000005,435148.17,436214.19,0
508.79,CASH_OUT,165040.25,164531.46,237725.3,238234.09,0
508.2,PAYMENT,80882.89,80374.69,216230.23,216738.43000000002,0
3012.5,TRANSFER,208624.02,205611.52,118571.28,121583.78,0
720.69,CASH_OUT,8478.81,7758.119999999999,272420.18,273140.87,1
366.98,CASH_IN,140707.03,140340.05,296581.79,296948.76999999996,0
1050.33,DEBIT,15679.24,14628.91,209961.69,211012.02,0
1233.99,PAYMENT,99152.33,97918.34,72691.28,73925.27,0
152.52,PAYMENT,4672.54,4520.0199999999995,136552.23,136704.75,0
1052.85,PAYMENT,140729.63,139676.78,7125.75,8178.6,1
2612.28,PAYMENT,230104.76,227492.48,159569.38,162181.66,0
1721.98,CASH_OUT,30066.01,28344.03,290379.49,292101.47,0
10196.45,CASH_OUT,220566.81,210370.36,477855.55,488052.0,0
3831.87,CASH_OUT,175258.58,171426.71,88948.4,92780.26999999999,0
4670.09,DEBIT,151381.58,146711.49,27732.27,32402.36,0
18035.29,CASH_OUT,179844.98,161809.69,148155.64,166190.93000000002,1
2340.59,CASH_OUT,100769.14,98428.55,78398.85,80739.44,0
1290.87,PAYMENT,213101.87,211811.0,347759.5,349050.37,0
2903.7,PAYMENT,233899.75,230996.05,2874.58,5778.28,0
626.89,CASH_OUT,233467.16,232840.27,490433.55,491060.44,0
1221.32,DEBIT,80837.94,79616.62,427833.34,429054.66000000003,0
573.8,PAYMENT,196172.1,195598.30000000002,245335.3,245909.09999999998,0
1632.69,TRANSFER,44428.72,42796.03,460471.11,462103.8,0
571.4,CASH_OUT,148625.88,148054.48,314029.67,314601.07,0
551.74,PAYMENT,788.78,237.03999999999996,496882.44,497434.18,0
1658.18,TRANSFER,58076.03,56417.85,139153.1,140811.28,0
955.55,DEBIT,189520.23,188564.68000000002,498453.07,499408.62,0
159.57,CASH_OUT,262308.45,262148.88,90123.65,90283.22,1
255.81,PAYMENT,14708.49,14452.68,176709.18,176964.99,0
348.18,DEBIT,167565.84,167217.66,467662.04,468010.22,0
453.51,PAYMENT,191032.51,190579.0,185271.14,185724.65000000002,0
1659.75,DEBIT,279717.29,278057.54,104918.19,106577.94,0
1365.04,PAYMENT,196543.14,195178.1,29743.55,31108.59,0
3182.05,TRANSFER,30909.81,27727.760000000002,74479.1,77661.15000000001,0
2328.09,PAYMENT,44023.27,41695.17999999999,177611.72,179939.81,0
3203.19,PAYMENT,190729.24,187526.05,210616.03,213819.22,0
2015.04,DEBIT,64685.9,62670.86,271225.57,273240.61,0
1352.46,PAYMENT,278491.64,277139.18,406794.0,408146.46,0
3292.33,PAYMENT,276206.16,272913.82999999996,6707.42,9999.75,0
2750.16,PAYMENT,284596.76,281846.60000000003,420558.07,423308.23,0
1597.34,CASH_OUT,87885.78,86288.44,288624.67,290222.01,0
3909.14,CASH_OUT,215084.97,211175.83,378239.03,382148.17000000004,0
105.03,CASH_IN,198904.17,198799.14,378489.61,378594.64,0
820.19,PAYMENT,10681.13,9860.939999999999,451601.34,452421.53,1
807.72,TRANSFER,79669.52,78861.8,46690.1,47497.82,0
3472.68,PAYMENT,62030.02,58557.34,285757.64,289230.32,0
5278.49,TRANSFER,111242.58,105964.09,454514.76,459793.25,0
257.19,CASH_IN,285916.11,285658.92,359603.16,359860.35,0
4497.01,CASH_OUT,253680.49,249183.47999999998,48292.46,52789.47,0
339.87,TRANSFER,88027.38,87687.51000000001,306982.16,307322.02999999997,0
350.3,PAYMENT,159009.46,158659.16,399940.45,400290.75,0
867.59,CASH_IN,57679.84,56812.25,137430.89,138298.48,0
797.75,TRANSFER,83230.2,82432.45,316246.62,317044.37,0
230.81,PAYMENT,19500.97,19270.16,420206.11,420436.92,0
2100.39,PAYMENT,192781.95,190681.56,261933.48,264033.87,0
2163.33,PAYMENT,197076.23,194912.90000000002,97093.6,99256.93000000001,0
3146.49,PAYMENT,251550.49,248404.0,274841.06,277987.55,0
710.91,PAYMENT,261465.54,260754.63,294001.97,294712.87999999995,0
1054.07,TRANSFER,48017.82,46963.75,201426.39,202480.46000000002,0
1063.77,CASH_OUT,222912.28,221848.51,339808.31,340872.08,0
5931.28,PAYMENT,40412.29,34481.01,216666.45,222597.73,0
64.44,TRANSFER,112114.5,112050.06,438702.54,438766.98,1
421.18,CASH_IN,154660.97,154239.79,395812.73,396233.91,0
1102.73,CASH_OUT,14840.97,13738.24,402385.93,403488.66,0
370.34,TRANSFER,47029.11,46658.770000000004,263038.35,263408.69,0
846.98,PAYMENT,81334.83,80487.85,98173.91,99020.89,0
966.74,DEBIT,38262.7,37295.96,362210.91,363177.64999999997,0
568.11,PAYMENT,280228.88,279660.77,34460.68,35028.79,1
1169.66,PAYMENT,86495.76,85326.09999999999,258787.47,259957.13,0
2055.24,CASH_IN,150351.5,148296.26,26489.54,28544.78,0
865.87,TRANSFER,298960.27,298094.4,264209.34,265075.21,0
697.01,CASH_OUT,169992.8,169295.78999999998,342961.08,343658.09,0
929.12,TRANSFER,123448.73,122519.61,209599.12,210528.24,0
1088.51,CASH_OUT,278937.72,277849.20999999996,208451.58,209540.09,0
192.42,PAYMENT,66749.33,66556.91,61396.93,61589.35,0
1739.85,PAYMENT,53850.22,52110.37,150924.8,152664.65,0
698.54,PAYMENT,160609.31,159910.77,222136.86,222835.4,0
3872.03,PAYMENT,128190.52,124318.49,431781.07,435653.10000000003,0
1980.4,DEBIT,239095.82,237115.42,448989.95,450970.35000000003,0
3533.58,PAYMENT,12603.01,9069.43,476790.05,480323.63,0
399.01,TRANSFER,185317.75,184918.74,50131.85,50530.86,0
756.43,CASH_OUT,213203.74,212447.31,148105.41,148861.84,0
316.57,CASH_OUT,291575.03,291258.46,231456.46,231773.03,1
541.75,TRANSFER,43728.96,43187.21,320871.91,321413.66,1
3835.69,TRANSFER,73872.97,70037.28,351399.24,355234.93,0
4853.67,CASH_IN,279732.97,274879.3,393008.14,397861.81,0
347.88,CASH_OUT,189188.65,188840.77,247936.91,248284.79,0
693.48,CASH_OUT,11414.71,10721.23,278292.13,278985.61,0
1016.18,CASH_IN,23203.2,22187.02,480285.34,481301.52,0
1969.64,CASH_OUT,235632.17,233662.53,120014.14,121983.78,0
188.71,PAYMENT,170242.35,170053.64,401879.87,402068.58,0
220.74,TRANSFER,169624.64,169403.90000000002,355909.02,356129.76,0
1789.38,PAYMENT,263959.69,262170.31,70044.92,71834.3,0
156.17,CASH_OUT,72329.38,72173.21,463245.85,463402.01999999996,0
701.49,CASH_IN,48129.29,47427.8,427678.08,428379.57,0
1289.61,TRANSFER,184141.78,182852.17,389752.33,391041.94,0
1661.82,TRANSFER,264726.93,263065.11,63386.79,65048.61,0
951.73,PAYMENT,79575.19,78623.46,69835.27,70787.0,0
760.7,CASH_IN,204388.31,203627.61,341599.23,342359.93,0
2551.84,PAYMENT,45713.71,43161.869999999995,53635.01,56186.850000000006,0
1458.56,PAYMENT,51572.61,50114.05,56657.8,58116.36,0
574.2,PAYMENT,270453.02,269878.82,200139.73,200713.93000000002,0
1138.79,PAYMENT,35389.5,34250.71,2688.94,3827.73,1
1608.68,TRANSFER,7303.66,5694.98,360741.7,362350.38,0
6113.39,TRANSFER,232482.13,226368.74,270103.5,276216.89,0
2407.45,PAYMENT,108752.86,106345.41,39087.07,41494.52,0
3694.34,PAYMENT,118997.57,115303.23000000001,271791.37,275485.71,0
595.49,PAYMENT,239957.26,239361.77000000002,27043.94,27639.43,0
649.25,PAYMENT,53980.74,53331.49,35348.05,35997.3,0
866.64,PAYMENT,195098.08,194231.43999999997,242733.1,243599.74000000002,0
949.97,CASH_OUT,94058.5,93108.53,249911.63,250861.6,0
400.2,PAYMENT,31280.54,30880.34,169497.39,169897.59000000003,0
3889.1,PAYMENT,206248.81,202359.71,310885.73,314774.82999999996,0
2652.75,PAYMENT,95599.24,92946.49,193679.2,196331.95,0
807.81,TRANSFER,259981.23,259173.42,293480.29,294288.1,0
2083.3,PAYMENT,275710.7,273627.4,174892.47,176975.77,0
1370.46,PAYMENT,254715.53,253345.07,357483.48,358853.94,0
2252.57,DEBIT,96705.52,94452.95,289643.06,291895.63,0
285.91,PAYMENT,70974.79,70688.87999999999,80021.77,80307.68000000001,0
947.99,TRANSFER,267840.19,266892.2,343134.43,344082.42,0
1034.8,TRANSFER,135884.1,134849.30000000002,391967.96,393002.76,0
2046.0,PAYMENT,212321.92,210275.92,32937.03,34983.03,0
584.97,TRANSFER,248149.26,247564.29,304980.3,305565.26999999996,0
90.02,CASH_OUT,83306.0,83215.98,395214.83,395304.85000000003,0
371.78,DEBIT,35729.23,35357.450000000004,57326.45,57698.229999999996,0
1031.69,PAYMENT,187448.27,186416.58,450826.21,451857.9,0
1168.98,PAYMENT,177057.68,175888.69999999998,207399.39,208568.37000000002,0
5906.14,PAYMENT,81060.02,75153.88,368919.91,374826.05,0
1964.02,TRANSFER,175412.02,173448.0,449524.92,451488.94,0
1189.79,CASH_OUT,237107.18,235917.38999999998,494818.58,496008.37,0
1061.68,PAYMENT,105003.29,103941.61,291962.53,293024.21,0
3308.28,PAYMENT,72695.32,69387.04000000001,352136.96,355445.24000000005,0
607.83,CASH_IN,217500.36,216892.53,125849.84,126457.67,0
953.1,PAYMENT,235761.61,234808.50999999998,145023.19,145976.29,0
368.98,TRANSFER,286286.83,285917.85000000003,425384.71,425753.69,1
4531.94,CASH_OUT,44275.75,39743.81,199121.95,203653.89,0
1623.76,PAYMENT,266779.23,265155.47,411216.98,412840.74,0
540.49,PAYMENT,229529.64,228989.15000000002,25298.41,25838.9,1
978.03,PAYMENT,210569.97,209591.94,109126.71,110104.74,0
1825.58,CASH_IN,93916.09,92090.51,85047.04,86872.62,0
853.44,PAYMENT,6657.89,5804.450000000001,263533.73,264387.17,0
642.6,PAYMENT,152265.15,151622.55,40265.27,40907.869999999995,0
570.05,PAYMENT,85730.81,85160.76,171935.22,172505.27,0
1539.11,PAYMENT,86946.31,85407.2,493122.55,494661.66,0
766.59,CASH_OUT,278141.57,277374.98,397108.57,397875.16000000003,0
696.62,PAYMENT,45890.67,45194.049999999996,380295.71,380992.33,0
288.28,TRANSFER,280269.71,279981.43,67557.35,67845.63,0
1185.17,TRANSFER,151142.01,149956.84,182279.55,183464.72,0
914.87,DEBIT,251483.78,250568.91,340293.99,341208.86,0
795.01,PAYMENT,85076.27,84281.26000000001,10812.62,11607.630000000001,0
1337.79,DEBIT,190176.2,188838.41,216988.25,218326.04,1
2316.94,TRANSFER,166976.52,164659.58,464294.89,466611.83,0
2211.81,PAYMENT,277249.83,275038.02,41169.9,43381.71,0
1905.94,CASH_OUT,53789.53,51883.59,453129.67,455035.61,0
862.06,DEBIT,61370.97,60508.91,97260.81,98122.87,0
622.04,PAYMENT,284689.32,284067.28,94553.61,95175.65,0
386.1,CASH_IN,29389.39,29003.29,97717.98,98104.08,0
605.98,TRANSFER,190404.74,189798.75999999998,465628.04,466234.01999999996,1
1118.4,TRANSFER,18169.23,17050.829999999998,301872.5,302990.9,1
499.55,CASH_IN,23097.24,22597.690000000002,375394.47,375894.01999999996,0
1207.2,PAYMENT,179144.62,177937.41999999998,183203.8,184411.0,0
417.61,CASH_OUT,165410.39,164992.78000000003,436625.47,437043.07999999996,1
208.31,PAYMENT,171907.86,171699.55,290968.57,291176.88,0
2488.43,CASH_OUT,142095.63,139607.2,299917.47,302405.89999999997,0
682.38,TRANSFER,222707.8,222025.41999999998,376160.53,376842.91000000003,1
474.83,PAYMENT,297656.56,297181.73,386821.31,387296.14,0
367.29,TRANSFER,82734.37,82367.08,340931.79,341299.07999999996,0
1674.11,PAYMENT,97031.9,95357.79,59454.97,61129.08,0
4336.87,PAYMENT,96914.86,92577.99,433363.3,437700.17,0
732.84,PAYMENT,228980.68,228247.84,130449.56,131182.4,0
883.98,PAYMENT,104404.65,103520.67,498097.08,498981.06,0
3202.32,PAYMENT,203021.12,199818.8,192753.97,195956.29,0
179.39,PAYMENT,133766.27,133586.87999999998,59998.65,60178.04,0
7839.02,CASH_OUT,182341.4,174502.38,158043.25,165882.27,0
12633.41,CASH_OUT,248704.61,236071.19999999998,286767.12,299400.52999999997,0
73.23,CASH_OUT,154217.61,154144.37999999998,195723.12,195796.35,0
994.76,PAYMENT,142551.96,141557.19999999998,414340.84,415335.60000000003,0
534.35,DEBIT,80092.38,79558.03,341103.15,341637.5,0
841.54,TRANSFER,154771.37,153929.83,106725.28,107566.81999999999,0
721.7,PAYMENT,78723.68,78001.98,269426.65,270148.35000000003,0
2469.47,PAYMENT,253071.06,250601.59,393766.0,396235.47,0
979.88,CASH_OUT,116659.21,115679.33,445616.88,446596.76,0
441.02,PAYMENT,38732.29,38291.270000000004,197472.17,197913.19,0
923.17,TRANSFER,71990.26,71067.09,462232.36,463155.52999999997,0
1834.97,CASH_IN,160374.44,158539.47,17984.73,19819.7,0
335.72,PAYMENT,274886.25,274550.53,338345.6,338681.31999999995,1
211.4,PAYMENT,90168.45,89957.05,390992.37,391203.77,0
8044.49,CASH_IN,79315.86,71271.37,212570.69,220615.18,0
576.84,TRANSFER,121967.95,121391.11,5487.24,6064.08,0
955.89,PAYMENT,290326.34,289370.45,343517.58,344473.47000000003,0
736.72,DEBIT,253565.9,252829.18,171282.12,172018.84,0
1897.11,DEBIT,44900.39,43003.28,75906.48,77803.59,0
6456.16,TRANSFER,184125.99,177669.83,78554.39,85010.55,0
1958.5,CASH_OUT,237559.26,235600.76,384582.03,386540.53,0
240.24,PAYMENT,230403.1,230162.86000000002,93694.71,93934.95000000001,0
274.75,PAYMENT,146653.65,146378.9,242049.15,242323.9,0
735.86,TRANSFER,219549.42,218813.56000000003,485194.68,485930.54,0
838.63,PAYMENT,175075.98,174237.35,379409.35,380247.98,0
195.99,CASH_OUT,60433.49,60237.5,273596.82,273792.81,0
2488.26,DEBIT,16816.09,14327.83,264137.68,266625.94,0
370.07,PAYMENT,110849.9,110479.82999999999,83663.72,84033.79000000001,0
4881.96,TRANSFER,18581.7,13699.740000000002,223211.79,228093.75,0
6772.55,PAYMENT,118504.02,111731.47,72449.83,79222.38,0
855.55,DEBIT,248663.7,247808.15000000002,41791.06,42646.61,0
1701.0,PAYMENT,253288.24,251587.24,54568.62,56269.62,0
319.91,TRANSFER,10222.18,9902.27,303305.58,303625.49,0
2046.07,TRANSFER,20860.64,18814.57,96776.49,98822.56000000001,0
666.35,PAYMENT,200960.13,200293.78,74672.76,75339.11,0
369.73,CASH_OUT,149999.61,149629.87999999998,433565.48,433935.20999999996,0
821.12,CASH_OUT,44807.52,43986.399999999994,61006.48,61827.600000000006,0
688.32,TRANSFER,241658.89,240970.57,352817.56,353505.88,0
792.22,CASH_OUT,64948.85,64156.63,208500.13,209292.35,0
2834.67,CASH_IN,23444.78,20610.11,289539.87,292374.54,0
500.04,TRANSFER,224852.14,224352.1,11677.71,12177.75,0
6216.88,TRANSFER,182437.79,176220.91,9.62,6226.5,0
291.47,PAYMENT,118332.82,118041.35,408624.27,408915.74,0
5516.12,CASH_OUT,207817.86,202301.74,237720.58,243236.69999999998,0
396.82,TRANSFER,273414.21,273017.39,35653.47,36050.29,0
1095.52,TRANSFER,10254.73,9159.21,171728.05,172823.56999999998,0
671.69,PAYMENT,188303.83,187632.13999999998,253177.22,253848.91,0
777.65,DEBIT,65450.19,64672.54,67746.74,68524.39,0
2443.92,PAYMENT,142241.33,139797.40999999997,273168.97,275612.88999999996,0
4913.92,CASH_OUT,127194.34,122280.42,264375.36,269289.27999999997,0
3606.61,PAYMENT,116993.9,113387.29,301417.58,305024.19,0
731.53,CASH_IN,57106.83,56375.3,405130.9,405862.43000000005,0
1318.51,PAYMENT,240794.98,239476.47,206389.41,207707.92,0
501.66,PAYMENT,113856.18,113354.51999999999,444280.01,444781.67,0
406.85,DEBIT,266158.88,265752.03,237336.88,237743.73,0
348.52,CASH_IN,106400.48,106051.95999999999,228574.48,228923.0,0
707.99,PAYMENT,251914.0,251206.01,327842.85,328550.83999999997,0
1407.55,TRANSFER,163339.9,161932.35,308760.61,310168.16,0
162.1,CASH_OUT,115687.57,115525.47,5717.47,5879.570000000001,1
1046.96,DEBIT,211209.66,210162.7,491215.3,492262.26,0
4994.16,PAYMENT,235996.39,231002.23,471346.79,476340.94999999995,0
3367.45,TRANSFER,144807.24,141439.78999999998,140642.97,144010.42,0
610.83,CASH_OUT,127626.13,127015.3,279291.67,279902.5,0
271.27,CASH_OUT,173225.69,172954.42,385242.59,385513.86000000004,0
1736.85,CASH_OUT,175549.01,173812.16,460233.91,461970.75999999995,0
108.05,TRANSFER,127643.76,127535.70999999999,292953.32,293061.37,0
3328.09,PAYMENT,227298.86,223970.77,9470.07,12798.16,1
885.73,CASH_IN,119916.43,119030.7,340338.97,341224.69999999995,0
6845.18,DEBIT,135899.5,129054.32,46539.03,53384.21,0
195.01,CASH_OUT,181595.47,181400.46,335588.89,335783.9,0
2746.67,PAYMENT,296054.67,293308.0,293713.8,296460.47,0
991.77,PAYMENT,78205.83,77214.06,320334.81,321326.58,1
787.57,CASH_OUT,69585.84,68798.26999999999,94628.85,95416.42000000001,0
278.71,PAYMENT,53066.18,52787.47,246804.93,247083.63999999998,0
1989.72,CASH_IN,206833.26,204843.54,308978.4,310968.12,0
2156.27,PAYMENT,134728.39,132572.12000000002,150146.46,152302.72999999998,1
6536.31,CASH_OUT,116581.9,110045.59,90811.63,97347.94,0
3005.05,DEBIT,61227.11,58222.06,111340.37,114345.42,0
605.53,PAYMENT,267341.51,266735.98,429008.33,429613.86000000004,0
401.87,PAYMENT,132951.91,132550.04,232271.76,232673.63,0
279.08,TRANSFER,182307.99,182028.91,330536.69,330815.77,1
4784.92,TRANSFER,33758.87,28973.950000000004,257444.43,262229.35,0
503.62,TRANSFER,32391.67,31888.05,417063.63,417567.25,0
4818.56,TRANSFER,20206.36,15387.8,254247.43,259065.99,0
1853.95,CASH_IN,110203.82,108349.87000000001,46662.66,48516.61,0
1525.23,TRANSFER,141865.98,140340.75,98992.35,100517.58,1
806.85,PAYMENT,73373.44,72566.59,6632.71,7439.56,0
2123.19,PAYMENT,104903.25,102780.06,415762.14,417885.33,0
1079.8,PAYMENT,1878.01,798.21,331636.42,332716.22,0
758.08,PAYMENT,105326.54,104568.45999999999,379600.96,380359.04000000004,1
2199.54,PAYMENT,35751.4,33551.86,357510.12,359709.66,0
949.59,CASH_OUT,38515.34,37565.75,412239.84,413189.43000000005,0
493.57,PAYMENT,1351.83,858.26,493484.75,493978.32,0
1997.85,CASH_IN,208914.17,206916.32,326735.66,328733.50999999995,0
1028.66,PAYMENT,279385.13,278356.47000000003,126132.8,127161.46,0
1788.1,PAYMENT,186463.67,184675.57,50695.02,52483.119999999995,0
696.55,CASH_OUT,28860.62,28164.07,294873.96,295570.51,1
327.3,DEBIT,296894.83,296567.53,385378.53,385705.83,0
6217.19,PAYMENT,292675.55,286458.36,280785.86,287003.05,0
5149.28,PAYMENT,140470.36,135321.08,151777.38,156926.66,0
2653.9,PAYMENT,32360.77,29706.87,359867.42,362521.32,0
744.11,TRANSFER,216221.79,215477.68000000002,223986.25,224730.36,1
812.15,TRANSFER,288440.46,287628.31,143294.55,144106.69999999998,1
4369.17,PAYMENT,233609.88,229240.71,420542.24,424911.41,0
769.83,PAYMENT,187260.86,186491.03,288259.39,289029.22000000003,0
582.57,TRANSFER,183249.57,182667.0,141724.0,142306.57,0
7131.2,CASH_IN,293375.43,286244.23,164302.17,171433.37000000002,0
1045.58,CASH_OUT,21935.8,20890.22,285832.56,286878.14,0
6428.04,TRANSFER,44866.81,38438.77,211461.8,217889.84,0
270.86,PAYMENT,249243.43,248972.57,80259.56,80530.42,0
1841.22,PAYMENT,43533.92,41692.7,305234.97,307076.18999999994,0
8700.04,PAYMENT,114988.95,106288.91,344555.03,353255.07,0
1129.75,CASH_OUT,84449.78,83320.03,54.4,1184.15,1
842.18,DEBIT,73033.41,72191.23000000001,268434.66,269276.83999999997,1
341.12,CASH_IN,7716.59,7375.47,288580.74,288921.86,0
3236.81,CASH_IN,169875.38,166638.57,166032.03,169268.84,0
507.69,CASH_IN,120371.86,119864.17,169365.63,169873.32,0
997.44,CASH_IN,165477.06,164479.62,158829.44,159826.88,0
319.1,PAYMENT,91352.46,91033.36,222664.03,222983.13,0
5202.5,PAYMENT,282438.26,277235.76,405969.94,411172.44,0
3480.34,PAYMENT,177404.16,173923.82,234513.03,237993.37,1
1062.54,TRANSFER,288362.11,287299.57,496824.35,497886.88999999996,0
345.8,PAYMENT,105001.79,104655.98999999999,188079.34,188425.13999999998,0
5094.45,DEBIT,686.86,0.0,349631.13,354725.58,0
760.57,TRANSFER,234379.67,233619.1,274482.84,275243.41000000003,0
363.14,TRANSFER,248213.66,247850.52,381144.31,381507.45,0
188.27,PAYMENT,17611.02,17422.75,444182.28,444370.55000000005,0
574.81,PAYMENT,187610.77,187035.96,255841.65,256416.46,0
256.05,PAYMENT,198305.36,198049.31,247239.6,247495.65,0
588.27,DEBIT,43720.16,43131.89000000001,471359.51,471947.78,0
2308.63,TRANSFER,165757.37,163448.74,466829.79,469138.42,0
753.4,CASH_OUT,72959.66,72206.26000000001,498498.36,499251.76,0
1565.08,PAYMENT,4935.51,3370.4300000000003,78237.96,79803.04000000001,0
532.01,PAYMENT,260073.33,259541.31999999998,1784.36,2316.37,0
1170.48,TRANSFER,147508.55,146338.06999999998,218655.15,219825.63,0
7486.83,CASH_OUT,234509.73,227022.90000000002,366670.08,374156.91000000003,1
773.96,CASH_OUT,216867.91,216093.95,36428.01,37201.97,0
1610.71,PAYMENT,298111.58,296500.87,186800.82,188411.53,0
229.17,CASH_IN,131386.02,131156.84999999998,290729.74,290958.91,0
5014.59,PAYMENT,128265.18,123250.59,106273.71,111288.3,0
680.48,DEBIT,84526.67,83846.19,365571.0,366251.48,0
3135.47,PAYMENT,187544.16,184408.69,114768.83,117904.3,0
969.54,PAYMENT,145833.75,144864.21,420336.01,421305.55,0
2021.47,DEBIT,218628.34,216606.87,174136.67,176158.14,0
2145.25,PAYMENT,106953.51,104808.26,299324.22,301469.47,0
697.54,TRANSFER,39253.42,38555.88,272077.0,272774.54,0
3267.91,TRANSFER,258730.64,255462.73,148223.36,151491.27,0
513.38,PAYMENT,248414.08,247900.69999999998,219535.81,220049.19,0
2387.34,CASH_OUT,105300.06,102912.72,422986.55,425373.89,0
742.33,DEBIT,207105.52,206363.19,274172.14,274914.47000000003,0
1555.51,DEBIT,147720.87,146165.36,27793.48,29348.989999999998,0
690.91,PAYMENT,228291.63,227600.72,356516.15,357207.06,0
1152.83,TRANSFER,117039.71,115886.88,91226.25,92379.08,0
374.39,PAYMENT,160691.77,160317.37999999998,243031.38,243405.77000000002,0
1404.67,PAYMENT,17344.83,15940.160000000002,234269.44,235674.11000000002,1
1146.18,PAYMENT,52472.99,51326.81,243243.46,244389.63999999998,0
638.96,CASH_IN,234529.68,233890.72,15507.0,16145.96,0
1037.92,DEBIT,114469.64,113431.72,136194.26,137232.18000000002,0
1253.89,CASH_OUT,10531.63,9277.74,25367.74,26621.63,0
592.08,TRANSFER,50290.89,49698.81,207478.35,208070.43,0
964.14,TRANSFER,123479.41,122515.27,310668.36,311632.5,0
401.2,TRANSFER,215373.93,214972.72999999998,327037.06,327438.26,0
11449.86,TRANSFER,109045.51,97595.65,32274.0,43723.86,0
3162.5,TRANSFER,223555.73,220393.23,59444.55,62607.05,0
1441.0,PAYMENT,257418.18,255977.18,330753.39,332194.39,0
3540.82,PAYMENT,102340.98,98800.15999999999,265593.82,269134.64,0
151.52,CASH_IN,240112.67,239961.15000000002,416706.0,416857.52,0
84.97,TRANSFER,38064.2,37979.229999999996,102571.08,102656.05,0
735.62,CASH_IN,124585.06,123849.44,60171.14,60906.76,0
276.29,PAYMENT,29268.72,28992.43,181012.07,181288.36000000002,0
865.58,TRANSFER,15758.4,14892.82,318533.57,319399.15,0
1347.03,PAYMENT,19358.21,18011.18,242983.62,244330.65,0
2752.91,PAYMENT,31425.61,28672.7,49296.63,52049.53999999999,0
351.33,PAYMENT,250717.78,250366.45,35646.04,35997.37,0
1635.38,PAYMENT,163103.14,161467.76,338846.81,340482.19,0
1112.53,CASH_IN,284216.46,283103.93,148484.11,149596.63999999998,0
1552.33,PAYMENT,161400.09,159847.76,334741.24,336293.57,1
652.12,TRANSFER,188613.4,187961.28,147457.44,148109.56,1
4372.7,TRANSFER,55345.19,50972.490000000005,157397.11,161769.81,0
988.8,TRANSFER,162174.31,161185.51,104907.37,105896.17,0
6465.15,TRANSFER,115590.76,109125.61,491858.48,498323.63,0
497.51,PAYMENT,279430.6,278933.08999999997,8035.15,8532.66,0
2304.98,CASH_IN,280176.36,277871.38,63626.22,65931.2,0
1033.11,CASH_OUT,59549.58,58516.47,418145.09,419178.2,0
790.18,CASH_OUT,186039.26,185249.08000000002,69080.87,69871.04999999999,0
2063.82,TRANSFER,191452.74,189388.91999999998,140348.45,142412.27000000002,0
813.08,PAYMENT,168760.52,167947.44,131392.48,132205.56,0
76.56,CASH_IN,37298.91,37222.350000000006,348492.79,348569.35,0
51.27,PAYMENT,196204.6,196153.33000000002,205600.59,205651.86,0
3914.42,PAYMENT,239725.59,235811.16999999998,420293.91,424208.32999999996,0
3752.8,PAYMENT,103567.81,99815.01,373713.6,377466.39999999997,0
7239.74,CASH_OUT,154365.51,147125.77000000002,265550.67,272790.41,1
1077.58,CASH_OUT,34898.38,33820.799999999996,124530.89,125608.47,0
301.08,CASH_OUT,279206.61,278905.52999999997,396209.4,396510.48000000004,0
720.84,CASH_OUT,32861.36,32140.52,432995.28,433716.12000000005,0
1109.23,PAYMENT,62513.13,61403.899999999994,418141.26,419250.49,0
400.6,CASH_IN,89543.54,89142.93999999999,25856.88,26257.48,0
5702.01,TRANSFER,247737.07,242035.06,348979.34,354681.35000000003,0
10295.92,CASH_OUT,210196.78,199900.86,351969.32,362265.24,0
1769.2,PAYMENT,2104.33,335.1299999999999,471537.77,473306.97000000003,0
1084.78,CASH_IN,55068.46,53983.68,131739.18,132823.96,0
300.38,PAYMENT,225045.35,224744.97,393173.41,393473.79,0
5148.36,PAYMENT,121150.35,116001.99,344548.25,349696.61,0
1183.59,TRANSFER,7864.06,6680.47,439363.49,440547.08,0
821.26,PAYMENT,289175.06,288353.8,346654.02,347475.28,0
1774.32,PAYMENT,45369.87,43595.55,426227.27,428001.59,0
610.51,CASH_OUT,153139.99,152529.47999999998,179787.67,180398.18000000002,0
1270.13,PAYMENT,74494.83,73224.7,78812.21,80082.34000000001,0
259.18,CASH_IN,221240.8,220981.62,181676.02,181935.19999999998,0
3252.2,PAYMENT,233017.83,229765.62999999998,407525.84,410778.04000000004,0
987.91,CASH_OUT,119166.12,118178.20999999999,65824.99,66812.90000000001,0
3493.99,TRANSFER,197534.89,194040.90000000002,318972.59,322466.58,0
896.83,CASH_OUT,272722.08,271825.25,493778.03,494674.86000000004,0
957.0,TRANSFER,244442.74,243485.74,447507.44,448464.44,0
326.26,TRANSFER,124469.32,124143.06000000001,335591.66,335917.92,0
2344.33,CASH_IN,132442.82,130098.49,396315.16,398659.49,0
456.76,PAYMENT,266063.48,265606.72,58238.23,58694.990000000005,0
674.23,PAYMENT,10311.84,9637.61,249416.88,250091.11000000002,0
1097.78,CASH_OUT,6843.47,5745.6900000000005,265956.21,267053.99000000005,0
1237.97,DEBIT,61738.6,60500.63,391347.88,392585.85,0
199.12,PAYMENT,248286.49,248087.37,141296.67,141495.79,0
870.61,TRANSFER,45963.96,45093.35,53242.64,54113.25,0
2428.99,DEBIT,85583.79,83154.79999999999,349056.92,351485.91,0
751.19,CASH_OUT,188720.61,187969.41999999998,246297.06,247048.25,0
875.91,CASH_IN,55272.84,54396.92999999999,421147.03,422022.94,0
1290.01,TRANSFER,90934.9,89644.89,240744.85,242034.86000000002,0
966.85,CASH_OUT,140073.82,139106.97,423135.39,424102.24,0
391.3,PAYMENT,68432.79,68041.48999999999,253917.5,254308.8,0
1057.49,CASH_IN,297724.11,296666.62,391349.25,392406.74,1
2963.34,PAYMENT,49033.81,46070.47,360372.59,363335.93000000005,0
383.3,CASH_OUT,254981.13,254597.83000000002,133041.27,133424.56999999998,0
754.09,TRANSFER,141029.95,140275.86000000002,154699.16,155453.25,0
275.44,TRANSFER,38737.1,38461.659999999996,449597.76,449873.2,0
2811.24,CASH_OUT,35545.85,32734.61,115503.56,118314.8,0
999.89,TRANSFER,150088.82,149088.93,348750.28,349750.17000000004,0
468.62,CASH_IN,106056.05,105587.43000000001,72560.07,73028.69,0
1202.63,TRANSFER,70380.69,69178.06,377579.19,378781.82,0
329.11,CASH_OUT,287681.74,287352.63,111644.92,111974.03,0
390.14,PAYMENT,139013.92,138623.78,297032.69,297422.83,0
254.64,TRANSFER,278643.29,278388.64999999997,282121.74,282376.38,0
377.37,TRANSFER,49199.92,48822.549999999996,101757.13,102134.5,0
4261.33,PAYMENT,55039.82,50778.49,245701.66,249962.99,0
526.83,PAYMENT,178808.31,178281.48,439624.01,440150.84,0
1748.0,CASH_OUT,80962.69,79214.69,340264.67,342012.67,0
475.18,CASH_OUT,55481.36,55006.18,496327.2,496802.38,1
2343.81,CASH_OUT,28405.62,26061.809999999998,392277.13,394620.94,0
393.04,PAYMENT,22881.2,22488.16,321727.72,322120.75999999995,0
1140.51,PAYMENT,225950.52,224810.00999999998,281601.03,282741.54000000004,0
1156.15,PAYMENT,84648.94,83492.79000000001,468714.32,469870.47000000003,0
11246.42,CASH_OUT,293525.75,282279.33,263506.72,274753.13999999996,1
2059.93,DEBIT,54936.34,52876.409999999996,201336.39,203396.32,0
606.13,PAYMENT,106334.0,105727.87,417246.79,417852.92,0
2175.58,CASH_OUT,112472.59,110297.01,470122.21,472297.79000000004,0
9303.77,PAYMENT,150045.84,140742.07,239458.45,248762.22,0
214.94,PAYMENT,261190.76,260975.82,68619.26,68834.2,0
472.25,PAYMENT,250431.06,249958.81,304186.41,304658.66,0
865.32,PAYMENT,2986.9,2121.58,370441.13,371306.45,0
722.64,CASH_OUT,122776.52,122053.88,186818.04,187540.68000000002,0
786.23,CASH_IN,248381.02,247594.78999999998,373939.43,374725.66,0
297.61,PAYMENT,59.34,0.0,265525.67,265823.27999999997,0
4464.69,TRANSFER,160091.87,155627.18,150678.07,155142.76,0
264.38,CASH_OUT,77842.69,77578.31,314760.61,315024.99,0
897.66,CASH_IN,123830.56,122932.9,194473.78,195371.44,0
3120.76,TRANSFER,126091.41,122970.65000000001,393412.75,396533.51,0
1064.03,PAYMENT,117526.33,116462.3,1540.01,2604.04,0
411.83,CASH_OUT,267585.04,267173.20999999996,409089.06,409500.89,0
284.67,PAYMENT,160939.08,160654.40999999997,153287.64,153572.31000000003,0
871.31,CASH_IN,271124.02,270252.71,479813.28,480684.59,0
514.38,PAYMENT,218022.72,217508.34,379582.43,380096.81,1
1346.46,CASH_OUT,105336.02,103989.56,120520.14,121866.6,0
270.03,PAYMENT,148069.1,147799.07,489399.58,489669.61000000004,0
2472.63,TRANSFER,116957.56,114484.93,249790.3,252262.93,0
1230.96,DEBIT,248572.28,247341.32,261461.9,262692.86,0
1325.89,TRANSFER,56279.34,54953.45,454759.07,456084.96,1
4633.54,TRANSFER,280923.68,276290.14,459201.53,463835.07,0
707.83,CASH_IN,174127.35,173419.52000000002,348441.25,349149.08,0
530.69,DEBIT,183527.39,182996.7,489224.82,489755.51,0
634.12,PAYMENT,155040.42,154406.30000000002,164435.15,165069.27,0
904.58,TRANSFER,166348.94,165444.36000000002,116168.29,117072.87,0
1001.28,TRANSFER,200302.62,199301.34,14628.36,15629.640000000001,0
477.85,CASH_OUT,196510.58,196032.72999999998,173172.47,173650.32,0
145.03,PAYMENT,64244.13,64099.1,301316.67,301461.7,0
625.83,PAYMENT,174732.05,174106.22,152689.52,153315.34999999998,0
1571.56,CASH_IN,106387.93,104816.37,289810.13,291381.69,0
1256.72,CASH_IN,191109.09,189852.37,24192.88,25449.600000000002,0
3639.33,DEBIT,164350.37,160711.04,177045.53,180684.86,0
7750.3,CASH_IN,53903.98,46153.68,374002.45,381752.75,0
2343.34,CASH_OUT,220420.18,218076.84,52163.43,54506.770000000004,0
4370.01,CASH_OUT,137104.03,132734.02,357418.73,361788.74,0
2360.84,CASH_OUT,165432.47,163071.63,381655.56,384016.4,0
6062.63,TRANSFER,201792.86,195730.22999999998,284380.75,290443.38,0
6980.35,TRANSFER,195861.53,188881.18,443043.78,450024.13,0
2838.88,PAYMENT,224678.65,221839.77,477281.76,480120.64,0
2222.48,CASH_OUT,62025.52,59803.03999999999,17338.74,19561.22,0
893.16,PAYMENT,33117.37,32224.210000000003,339541.51,340434.67,0
1052.23,PAYMENT,200753.87,199701.63999999998,118587.25,119639.48,0
782.24,TRANSFER,70795.48,70013.23999999999,204091.65,204873.88999999998,0
2041.12,TRANSFER,34381.46,32340.34,311577.14,313618.26,0
533.6,PAYMENT,39371.25,38837.65,356136.14,356669.74,0
905.87,CASH_OUT,93840.04,92934.17,420095.46,421001.33,0
104.05,DEBIT,297536.11,297432.06,352693.46,352797.51,0
6143.13,PAYMENT,47178.1,41034.97,388699.5,394842.63,0
879.65,PAYMENT,89560.97,88681.32,299535.6,300415.25,0
1729.49,PAYMENT,276220.25,274490.76,58529.54,60259.03,0
4711.62,CASH_OUT,288992.42,284280.8,10715.16,15426.779999999999,0
1480.73,DEBIT,68653.01,67172.28,264891.52,266372.25,0
4648.7,PAYMENT,264135.81,259487.11,357770.52,362419.22000000003,0
316.8,CASH_OUT,41675.38,41358.579999999994,54432.79,54749.590000000004,0
12056.71,PAYMENT,228460.92,216404.21000000002,214647.97,226704.68,0
3252.28,PAYMENT,3902.45,650.1699999999996,128088.7,131340.98,1
1351.81,CASH_IN,121985.89,120634.08,283546.53,284898.34,0
4560.01,PAYMENT,74200.56,69640.55,195251.38,199811.39,0
340.82,PAYMENT,211202.4,210861.58,100733.75,101074.57,0
821.71,TRANSFER,4816.84,3995.13,2196.36,3018.07,0
4648.27,TRANSFER,139470.51,134822.24000000002,160762.55,165410.81999999998,0
169.51,CASH_IN,209018.71,208849.19999999998,258081.07,258250.58000000002,0
1920.72,CASH_IN,14011.46,12090.74,464604.54,466525.25999999995,0
1867.16,PAYMENT,269220.05,267352.89,113738.01,115605.17,0
7857.52,PAYMENT,108359.22,100501.7,256127.53,263985.05,0
225.21,CASH_OUT,49579.75,49354.54,283248.27,283473.48000000004,0
5484.22,PAYMENT,67639.35,62155.130000000005,324613.83,330098.05,0
626.74,DEBIT,101671.78,101045.04,164283.18,164909.91999999998,0
701.34,CASH_OUT,59512.53,58811.19,49740.91,50442.25,0
323.11,PAYMENT,153173.63,152850.52000000002,460678.12,461001.23,0
369.5,DEBIT,189879.52,189510.02,476377.71,476747.21,0
1641.76,PAYMENT,130029.03,128387.27,219115.57,220757.33000000002,0
360.56,TRANSFER,128109.64,127749.08,290287.48,290648.04,0
2299.13,TRANSFER,234509.86,232210.72999999998,14513.2,16812.33,0
565.12,TRANSFER,90305.01,89739.89,23607.82,24172.94,0
326.02,CASH_OUT,186830.65,186504.63,38333.71,38659.729999999996,1
646.9,CASH_OUT,267876.48,267229.57999999996,369373.16,370020.06,0
1535.65,CASH_IN,66454.31,64918.659999999996,113617.25,115152.9,0
831.01,CASH_IN,185970.22,185139.21,92223.61,93054.62,0
1134.8,TRANSFER,284391.53,283256.73000000004,4167.67,5302.47,0
2199.99,PAYMENT,158938.58,156738.59,11448.77,13648.76,0
3237.06,CASH_OUT,293069.32,289832.26,202691.88,205928.94,0
804.25,CASH_IN,93013.81,92209.56,270838.97,271643.22,0
385.98,PAYMENT,169288.17,168902.19,289529.59,289915.57,0
1183.34,TRANSFER,93310.73,92127.39,228955.59,230138.93,0
1755.75,TRANSFER,1115.83,0.0,229780.64,231536.39,0
254.49,PAYMENT,299192.43,298937.94,376571.09,376825.58,0
450.06,CASH_OUT,72018.02,71567.96,144785.07,145235.13,0
534.22,PAYMENT,291930.6,291396.38,118858.91,119393.13,0
890.85,CASH_OUT,195909.85,195019.0,427162.09,428052.94,0
512.33,DEBIT,271180.08,270667.75,344631.9,345144.23000000004,0
2223.95,DEBIT,290160.82,287936.87,238433.22,240657.17,0
220.27,TRANSFER,170348.76,170128.49000000002,137702.41,137922.68,0
225.94,PAYMENT,299907.4,299681.46,68290.91,68516.85,0
785.34,CASH_OUT,230198.97,229413.63,18710.6,19495.94,0
919.98,CASH_OUT,157144.37,156224.38999999998,426182.68,427102.66,0
256.05,TRANSFER,196482.99,196226.94,296692.75,296948.8,1
597.8,DEBIT,58281.41,57683.61,22914.75,23512.55,0
734.33,PAYMENT,3309.79,2575.46,79293.7,80028.03,0
740.04,DEBIT,77036.8,76296.76000000001,139782.13,140522.17,0
1276.51,PAYMENT,130491.26,129214.75,131535.79,132812.30000000002,0
565.9,PAYMENT,68415.78,67849.88,274195.49,274761.39,0
4807.04,TRANSFER,154210.77,149403.72999999998,199721.81,204528.85,0
1786.84,PAYMENT,197383.24,195596.4,441108.3,442895.14,0
489.26,PAYMENT,196738.15,196248.88999999998,359705.35,360194.61,0
1205.33,PAYMENT,268129.33,266924.0,455366.28,456571.61000000004,0
1241.43,TRANSFER,289895.73,288654.3,431409.31,432650.74,0
3694.95,CASH_OUT,267208.5,263513.55,460684.57,464379.52,0
601.61,PAYMENT,186052.49,185450.88,490005.73,490607.33999999997,0
2362.18,CASH_OUT,61729.25,59367.07,155848.22,158210.4,0
1143.51,DEBIT,283035.35,281891.83999999997,104840.3,105983.81,1
4873.49,PAYMENT,52458.12,47584.630000000005,82576.18,87449.67,0
3987.39,PAYMENT,45428.21,41440.82,314044.23,318031.62,0
1335.39,DEBIT,95270.8,93935.41,340483.35,341818.74,0
843.63,DEBIT,172081.67,171238.04,43918.75,44762.38,0
1820.03,TRANSFER,204441.79,202621.76,410535.8,412355.83,1
915.57,CASH_OUT,3987.8,3072.23,391533.27,392448.84,0
5885.85,PAYMENT,233406.68,227520.83,314236.97,320122.81999999995,0
1186.15,PAYMENT,52505.86,51319.71,217806.24,218992.38999999998,0
730.96,CASH_OUT,88945.46,88214.5,76828.64,77559.6,0
692.55,PAYMENT,96626.02,95933.47,252796.14,253488.69,0
326.02,CASH_OUT,99733.8,99407.78,79584.65,79910.67,0
1913.25,TRANSFER,228110.28,226197.03,302489.39,304402.64,0
482.99,CASH_OUT,12283.31,11800.32,154982.37,155465.36,0
3288.37,TRANSFER,58955.35,55666.979999999996,123653.13,126941.5,0
300.99,PAYMENT,6695.77,6394.780000000001,220525.69,220826.68,0
1245.44,PAYMENT,233489.84,232244.4,290356.4,291601.84,0
3464.15,PAYMENT,295116.7,291652.55,183732.03,187196.18,0
127.45,CASH_OUT,197864.15,197736.69999999998,481801.7,481929.15,1
8252.45,PAYMENT,177041.75,168789.3,2948.82,11201.27,0
716.74,PAYMENT,272419.86,271703.12,456430.51,457147.25,0
1262.81,PAYMENT,76486.2,75223.39,342.02,1604.83,0
1941.95,PAYMENT,19938.69,17996.739999999998,108355.97,110297.92,0
2266.81,DEBIT,152990.97,150724.16,498175.61,500442.42,0
1442.14,PAYMENT,78104.61,76662.47,364047.69,365489.83,0
2973.17,CASH_IN,135324.48,132351.31,322249.19,325222.36,0
1842.85,PAYMENT,136889.96,135047.11,363046.44,364889.29,0
6379.73,CASH_OUT,95649.55,89269.82,204148.09,210527.82,0
1848.87,TRANSFER,145897.37,144048.5,392104.87,393953.74,0
7821.53,PAYMENT,114045.56,106224.03,77434.02,85255.55,0
2700.19,DEBIT,33917.8,31217.610000000004,396946.19,399646.38,0
180.23,CASH_IN,260017.71,259837.47999999998,469763.34,469943.57,0
14929.62,DEBIT,210382.11,195452.49,428843.43,443773.05,0
617.49,PAYMENT,12392.66,11775.17,369830.48,370447.97,0
4892.92,PAYMENT,34735.93,29843.010000000002,325688.66,330581.57999999996,0
1126.41,CASH_OUT,28954.34,27827.93,260546.08,261672.49,0
3168.74,PAYMENT,18523.06,15354.320000000002,197611.64,200780.38,0
550.88,CASH_OUT,17717.03,17166.149999999998,432826.8,433377.68,0
2050.31,TRANSFER,47133.7,45083.39,323729.29,325779.6,0
851.34,TRANSFER,254360.82,253509.48,217450.16,218301.5,0
5318.8,DEBIT,248469.99,243151.19,392395.86,397714.66,0
1700.48,CASH_OUT,234943.94,233243.46,27051.88,28752.36,0
2795.99,PAYMENT,184411.95,181615.96000000002,406559.63,409355.62,0
125.95,PAYMENT,217048.07,216922.12,405351.09,405477.04000000004,0
1006.69,TRANSFER,221544.36,220537.66999999998,114264.71,115271.40000000001,0
1653.34,TRANSFER,266793.86,265140.51999999996,18835.79,20489.13,0
1371.44,PAYMENT,219702.91,218331.47,356853.98,358225.42,0
2867.39,TRANSFER,220937.79,218070.4,99935.81,102803.2,0
760.59,CASH_OUT,241224.35,240463.76,498010.9,498771.49000000005,0
1151.46,DEBIT,166906.46,165755.0,4591.22,5742.68,0
3573.24,TRANSFER,63908.64,60335.4,114895.99,118469.23000000001,0
112.32,PAYMENT,25362.74,25250.420000000002,21031.2,21143.52,0
1977.03,PAYMENT,125713.07,123736.04000000001,391327.87,393304.9,0
785.34,TRANSFER,27505.7,26720.36,289347.75,290133.09,0
440.4,PAYMENT,50791.21,50350.81,424217.27,424657.67000000004,0
1535.4,TRANSFER,7152.0,5616.6,481306.69,482842.09,0
3742.28,CASH_OUT,90061.89,86319.61,305057.43,308799.71,0
3099.96,PAYMENT,290999.35,287899.38999999996,115876.75,118976.71,0
958.04,PAYMENT,113679.38,112721.34000000001,46324.72,47282.76,0
2632.64,PAYMENT,72267.78,69635.14,433130.52,435763.16000000003,1
2612.51,DEBIT,121034.84,118422.33,122556.63,125169.14,0
1004.89,CASH_OUT,90401.56,89396.67,446759.11,447764.0,0
548.35,PAYMENT,202163.05,201614.69999999998,439143.8,439692.14999999997,0
581.01,DEBIT,190340.03,189759.02,313904.61,314485.62,0
2534.76,TRANSFER,8202.87,5668.110000000001,301997.91,304532.67,0
1051.37,TRANSFER,153396.95,152345.58000000002,475413.23,476464.6,0
385.22,CASH_IN,10859.91,10474.69,378007.55,378392.76999999996,0
203.39,PAYMENT,203208.98,203005.59,341640.89,341844.28,0
2519.54,PAYMENT,280742.5,278222.96,217870.38,220389.92,0
634.74,TRANSFER,272246.36,271611.62,241999.22,242633.96,0
1525.97,PAYMENT,61713.63,60187.659999999996,194460.55,195986.52,0
3788.43,CASH_OUT,222793.54,219005.11000000002,473160.51,476948.94,0
296.21,PAYMENT,237919.79,237623.58000000002,319059.61,319355.82,0
1048.23,PAYMENT,259310.26,258262.03,390181.79,391230.01999999996,0
924.55,PAYMENT,77879.6,76955.05,18599.87,19524.42,0
1603.18,TRANSFER,135250.45,133647.27000000002,426213.15,427816.33,0
3786.36,PAYMENT,66451.33,62664.97,208819.15,212605.50999999998,0
290.19,PAYMENT,7292.84,7002.650000000001,368580.19,368870.38,0
1938.75,DEBIT,197703.79,195765.04,20012.66,21951.41,0
3076.43,PAYMENT,129439.09,126362.66,446936.59,450013.02,0
910.16,PAYMENT,74435.06,73524.9,329922.79,330832.94999999995,0
955.8,PAYMENT,254131.18,253175.38,228750.4,229706.19999999998,0
1666.45,PAYMENT,148704.19,147037.74,151779.05,153445.5,0
1548.15,PAYMENT,298397.3,296849.14999999997,155512.07,157060.22,0
1963.24,TRANSFER,238007.35,236044.11000000002,151699.06,153662.3,0
1922.31,PAYMENT,260763.36,258841.05,65512.93,67435.24,0
410.77,DEBIT,231999.67,231588.90000000002,231904.77,232315.53999999998,0
2952.08,CASH_IN,31777.47,28825.39,226743.18,229695.25999999998,0
3522.0,PAYMENT,19508.7,15986.7,205968.33,209490.33,0
1320.92,PAYMENT,274523.63,273202.71,351547.12,352868.04,0
246.13,PAYMENT,41459.16,41213.030000000006,209907.43,210153.56,0
977.75,TRANSFER,117367.85,116390.1,44501.86,45479.61,0
1331.96,PAYMENT,182973.3,181641.34,426029.81,427361.77,0
349.11,DEBIT,63569.5,63220.39,212550.43,212899.53999999998,0
764.99,CASH_OUT,67585.51,66820.51999999999,327642.83,328407.82,0
267.9,CASH_OUT,139872.4,139604.5,464948.18,465216.08,0
2012.82,TRANSFER,108268.53,106255.70999999999,383707.55,385720.37,0
1294.6,CASH_IN,202972.7,201678.1,269399.44,270694.04,0
211.5,PAYMENT,22522.86,22311.36,272511.13,272722.63,0
1558.48,TRANSFER,146627.6,145069.12,424765.52,426324.0,0
1036.38,PAYMENT,52277.98,51241.600000000006,411816.15,412852.53,0
1837.97,CASH_IN,182017.5,180179.53,89326.37,91164.34,0
741.35,TRANSFER,34863.99,34122.64,313250.54,313991.88999999996,0
492.02,CASH_OUT,59289.56,58797.54,432857.83,433349.85000000003,0
507.33,PAYMENT,241166.69,240659.36000000002,401653.71,402161.04000000004,0
640.23,CASH_IN,70550.1,69909.87000000001,62358.01,62998.240000000005,0
1117.47,TRANSFER,221119.6,220002.13,217846.41,218963.88,0
1271.51,TRANSFER,81918.81,80647.3,259116.55,260388.06,0
906.22,CASH_IN,70508.25,69602.03,128904.78,129811.0,0
718.15,PAYMENT,89746.43,89028.28,339749.69,340467.84,0
771.7,PAYMENT,264279.6,263507.89999999997,238113.25,238884.95,0
13463.33,TRANSFER,119149.7,105686.37,148754.35,162217.68,0
507.39,PAYMENT,73128.16,72620.77,168432.26,168939.65000000002,0
627.68,PAYMENT,160991.84,160364.16,428334.18,428961.86,0
29550.45,PAYMENT,115692.42,86141.97,433099.9,462650.35000000003,0
1670.73,PAYMENT,237059.26,235388.53,406187.83,407858.56,0
275.89,DEBIT,297133.69,296857.8,456934.41,457210.3,0
2547.04,TRANSFER,157972.33,155425.28999999998,476153.25,478700.29,0
441.4,PAYMENT,135524.67,135083.27000000002,245913.96,246355.36,0
2721.83,TRANSFER,102910.62,100188.79,48351.81,51073.64,1
888.06,TRANSFER,292001.62,291113.56,400035.5,400923.56,0
706.42,CASH_OUT,144984.98,144278.56,316715.96,317422.38,0
5481.67,CASH_IN,53399.06,47917.39,190258.6,195740.27000000002,0
1932.17,CASH_IN,290764.77,288832.60000000003,487766.58,489698.75,0
2901.52,PAYMENT,288264.64,285363.12,169342.6,172244.12,0
1694.12,PAYMENT,130717.52,129023.40000000001,453816.99,455511.11,0
703.14,TRANSFER,104455.8,103752.66,296292.22,296995.36,0
2021.01,TRANSFER,204131.23,202110.22,18320.99,20342.0,0
3674.66,TRANSFER,248677.24,245002.58,430167.55,433842.20999999996,0
1254.81,CASH_OUT,149559.64,148304.83000000002,381105.99,382360.8,1
6645.15,TRANSFER,99243.9,92598.75,321243.77,327888.92000000004,0
2566.98,PAYMENT,90418.2,87851.22,307293.57,309860.55,0
1355.58,PAYMENT,97979.62,96624.04,109417.75,110773.33,0
1410.2,PAYMENT,35409.88,33999.68,107243.06,108653.26,0
1257.95,PAYMENT,233586.13,232328.18,14586.21,15844.16,0
313.8,PAYMENT,31487.96,31174.16,77068.73,77382.53,0
1002.17,CASH_OUT,119494.35,118492.18000000001,168240.63,169242.80000000002,0
1368.11,PAYMENT,250483.0,249114.89,270362.45,271730.56,0
723.37,PAYMENT,121231.77,120508.40000000001,65404.28,66127.65,0
1537.14,TRANSFER,88428.54,86891.4,278786.09,280323.23000000004,0
1120.25,CASH_OUT,284476.12,283355.87,131660.06,132780.31,0
2377.23,PAYMENT,37963.13,35585.899999999994,126980.56,129357.79,0
2128.37,DEBIT,265456.17,263327.8,473972.1,476100.47,0
1296.15,CASH_IN,18623.04,17326.89,496172.27,497468.42000000004,0
279.44,TRANSFER,124058.82,123779.38,405719.3,405998.74,0
6572.98,CASH_OUT,189516.32,182943.34,27195.99,33768.97,0
951.57,PAYMENT,111011.52,110059.95,364315.86,365267.43,0
1011.42,CASH_IN,160381.93,159370.50999999998,89212.87,90224.29,0
778.59,PAYMENT,61200.5,60421.91,284610.66,285389.25,0
672.89,CASH_IN,170710.36,170037.46999999997,446856.81,447529.7,0
5136.14,TRANSFER,40367.62,35231.48,190097.82,195233.96000000002,0
4385.44,PAYMENT,238828.89,234443.45,464420.84,468806.28,0
1710.25,PAYMENT,175136.97,173426.72,354186.11,355896.36,0
984.86,CASH_OUT,144579.63,143594.77000000002,150505.91,151490.77,0
2036.76,TRANSFER,16400.04,14363.28,47458.6,49495.36,0
1180.62,PAYMENT,149932.3,148751.68,407675.64,408856.26,0
906.67,CASH_OUT,169070.83,168164.15999999997,229029.7,229936.37000000002,0
1537.8,DEBIT,79700.25,78162.45,36346.74,37884.54,0
705.45,TRANSFER,203277.1,202571.65,51561.18,52266.63,0
1411.3,TRANSFER,23029.54,21618.24,483480.69,484891.99,0
1345.1,PAYMENT,62606.72,61261.62,121500.98,122846.08,0
2004.07,CASH_OUT,221264.56,219260.49,483295.59,485299.66000000003,0
590.44,PAYMENT,44166.67,43576.229999999996,340579.79,341170.23,1
2230.85,DEBIT,73664.65,71433.79999999999,150245.55,152476.4,0
443.05,PAYMENT,195256.6,194813.55000000002,191863.94,192306.99,0
618.58,TRANSFER,218652.51,218033.93000000002,388519.22,389137.8,1
646.18,PAYMENT,15446.78,14800.6,217707.49,218353.66999999998,0
375.38,PAYMENT,37976.82,37601.44,37375.39,37750.77,0
3028.01,CASH_OUT,133835.4,130807.39,114907.06,117935.06999999999,0
416.11,TRANSFER,177838.48,177422.37000000002,430172.49,430588.6,0
545.16,TRANSFER,136134.37,135589.21,348087.07,348632.23,1
3848.38,CASH_IN,194121.0,190272.62,250508.06,254356.44,0
619.81,CASH_IN,226797.87,226178.06,122747.83,123367.64,0
908.56,DEBIT,284863.15,283954.59,237295.31,238203.87,0
398.61,PAYMENT,104964.21,104565.6,394424.53,394823.14,0
2522.36,TRANSFER,48931.43,46409.07,40771.6,43293.96,0
2557.37,DEBIT,79225.2,76667.83,497383.91,499941.27999999997,0
2296.05,PAYMENT,44449.33,42153.28,429881.27,432177.32,0
1877.19,PAYMENT,118273.69,116396.5,158982.89,160860.08000000002,0
1180.38,CASH_OUT,261770.18,260589.8,435288.36,436468.74,0
649.12,TRANSFER,104117.97,103468.85,340857.26,341506.38,0
485.43,TRANSFER,44646.81,44161.38,333177.21,333662.64,0
3983.46,CASH_IN,156789.86,152806.4,69854.88,73838.34000000001,0
2356.2,TRANSFER,297583.14,295226.94,452947.32,455303.52,0
548.23,TRANSFER,56454.37,55906.14,225170.9,225719.13,0
1141.2,PAYMENT,233362.49,232221.28999999998,401613.88,402755.08,0
812.31,TRANSFER,247007.68,246195.37,149761.9,150574.21,1
354.88,PAYMENT,120401.5,120046.62,154001.83,154356.71,0
1309.83,CASH_OUT,185865.43,184555.6,482344.59,483654.42000000004,0
723.79,DEBIT,129712.04,128988.25,248329.96,249053.75,0
423.04,PAYMENT,78698.08,78275.04000000001,29945.36,30368.4,0
249.85,PAYMENT,127835.64,127585.79,417853.32,418103.17,1
229.57,DEBIT,28587.04,28357.47,113615.01,113844.58,0
756.4,PAYMENT,212086.83,211330.43,439376.88,440133.28,0
1007.18,TRANSFER,248757.91,247750.73,458219.94,459227.12,0
457.01,TRANSFER,92219.98,91762.97,36383.01,36840.020000000004,0
2102.2,CASH_OUT,169943.05,167840.84999999998,291214.61,293316.81,0
1027.06,PAYMENT,69644.56,68617.5,490762.05,491789.11,0
1952.54,CASH_OUT,38238.14,36285.6,465459.81,467412.35,0
913.32,PAYMENT,199085.57,198172.25,262621.64,263534.96,0
499.14,TRANSFER,40232.28,39733.14,340246.6,340745.74,0
1229.2,PAYMENT,234593.72,233364.52,302131.02,303360.22000000003,1
310.23,TRANSFER,81526.36,81216.13,101626.67,101936.9,0
1880.77,TRANSFER,245554.02,243673.25,326498.79,328379.56,0
429.6,PAYMENT,110551.37,110121.76999999999,166570.59,167000.19,0
2746.91,PAYMENT,110652.78,107905.87,168985.96,171732.87,1
781.76,PAYMENT,225171.83,224390.06999999998,209994.08,210775.84,0
3173.32,PAYMENT,153079.73,149906.41,426088.44,429261.76,0
356.87,PAYMENT,60293.23,59936.36,119172.91,119529.78,0
556.81,CASH_IN,255122.56,254565.75,125395.83,125952.64,0
1605.09,TRANSFER,102045.96,100440.87000000001,3669.96,5275.05,0
3535.1,CASH_OUT,30833.03,27297.93,77503.43,81038.53,0
5805.78,CASH_IN,124800.31,118994.53,489339.64,495145.42000000004,0
1142.95,PAYMENT,172188.53,171045.58,216934.97,218077.92,0
6889.44,CASH_OUT,182965.6,176076.16,97582.35,104471.79000000001,0
820.85,DEBIT,250682.35,249861.5,482840.91,483661.75999999995,0
3290.41,CASH_OUT,162422.05,159131.63999999998,13558.93,16849.34,1
427.44,TRANSFER,67113.14,66685.7,242083.19,242510.63,1
1669.37,TRANSFER,78499.9,76830.53,402301.07,403970.44,0
105.46,PAYMENT,30252.18,30146.72,386412.6,386518.06,0
357.24,TRANSFER,220777.29,220420.05000000002,94608.63,94965.87000000001,0
1748.79,CASH_IN,31782.46,30033.67,353894.84,355643.63,0
295.17,CASH_IN,181743.79,181448.62,311144.3,311439.47,0
1680.67,PAYMENT,179084.22,177403.55,337638.11,339318.77999999997,0
2714.76,CASH_OUT,235651.07,232936.31,133052.41,135767.17,0
664.26,PAYMENT,22388.91,21724.65,405367.19,406031.45,0
416.15,CASH_IN,60873.4,60457.25,279618.75,280034.9,0
682.53,PAYMENT,272868.71,272186.18,362539.02,363221.55000000005,0
417.46,CASH_IN,171671.05,171253.59,469786.75,470204.21,1
991.07,DEBIT,137307.06,136315.99,427748.64,428739.71,0
1214.5,PAYMENT,224302.88,223088.38,391168.74,392383.24,0
807.54,PAYMENT,270759.14,269951.60000000003,144824.37,145631.91,0
5850.95,DEBIT,78902.89,73051.94,27041.56,32892.51,0
534.11,PAYMENT,270442.69,269908.58,287322.23,287856.33999999997,0
4409.13,TRANSFER,32608.39,28199.26,17256.53,21665.66,0
387.13,CASH_IN,293304.91,292917.77999999997,357094.89,357482.02,0
1179.42,TRANSFER,49455.55,48276.130000000005,368410.84,369590.26,0
3579.95,PAYMENT,79870.91,76290.96,281455.63,285035.58,0
3399.41,TRANSFER,28978.18,25578.77,84075.96,87475.37000000001,0
720.35,PAYMENT,241102.95,240382.6,437860.72,438581.06999999995,0
1910.4,CASH_IN,295269.62,293359.22,297960.62,299871.02,0
1671.0,PAYMENT,89092.95,87421.95,257445.98,259116.98,1
639.1,PAYMENT,97683.59,97044.48999999999,283795.88,284434.98,0
2030.32,PAYMENT,83693.97,81663.65,41443.54,43473.86,1
7062.06,CASH_IN,46448.43,39386.37,370218.53,377280.59,0
1757.59,PAYMENT,236233.27,234475.68,30387.79,32145.38,1
1932.09,DEBIT,18215.95,16283.86,289194.08,291126.17000000004,0
2147.7,CASH_OUT,290332.24,288184.54,84628.54,86776.23999999999,1
254.43,DEBIT,278194.66,277940.23,103850.97,104105.4,0
1737.54,CASH_IN,35531.73,33794.19,116627.13,118364.67,0
396.72,DEBIT,158857.16,158460.44,7152.82,7549.54,0
607.96,CASH_IN,297855.41,297247.44999999995,445919.42,446527.38,0
9527.54,PAYMENT,255785.77,246258.22999999998,402117.64,411645.18,0
851.28,CASH_OUT,214540.12,213688.84,15643.22,16494.5,0
523.13,TRANSFER,6738.28,6215.15,28493.04,29016.170000000002,0
3472.34,TRANSFER,20513.23,17040.89,391438.42,394910.76,0
425.1,DEBIT,238205.13,237780.03,3401.64,3826.74,0
701.05,CASH_IN,112933.46,112232.41,234499.46,235200.50999999998,0
3824.0,CASH_OUT,200529.56,196705.56,53648.63,57472.63,0
1144.55,TRANSFER,221754.49,220609.94,295816.11,296960.66,0
230.07,TRANSFER,126655.25,126425.18,499170.21,499400.28,0
1889.35,PAYMENT,43014.53,41125.18,86010.76,87900.11,0
737.7,PAYMENT,116008.35,115270.65000000001,478341.92,479079.62,0
5114.58,PAYMENT,261314.53,256199.95,432739.27,437853.85000000003,0
598.13,PAYMENT,99325.73,98727.59999999999,492927.48,493525.61,0
3137.64,PAYMENT,18794.83,15657.190000000002,383094.32,386231.96,0
6474.96,CASH_OUT,287739.43,281264.47,428497.13,434972.09,0
468.28,TRANSFER,204203.07,203734.79,297298.82,297767.10000000003,0
903.96,CASH_IN,162257.03,161353.07,433642.04,434546.0,0
1617.48,TRANSFER,248732.2,247114.72,55756.13,57373.61,0
465.29,PAYMENT,123348.2,122882.91,370827.15,371292.44,0
1436.97,PAYMENT,295534.74,294097.77,314361.79,315798.75999999995,0
875.75,PAYMENT,257271.92,256396.17,29923.24,30798.99,0
858.28,CASH_IN,84163.42,83305.14,145795.19,146653.47,0
1151.64,PAYMENT,111314.4,110162.76,108053.4,109205.04,0
1177.64,TRANSFER,82722.89,81545.25,202587.73,203765.37000000002,0
1291.91,CASH_IN,197802.25,196510.34,99176.67,100468.58,0
602.55,CASH_IN,191799.58,191197.03,137414.82,138017.37,0
629.44,PAYMENT,156751.76,156122.32,148015.07,148644.51,0
974.0,PAYMENT,289752.11,288778.11,299905.45,300879.45,0
1048.63,PAYMENT,141682.59,140633.96,67436.88,68485.51000000001,0
707.08,PAYMENT,235116.72,234409.64,120550.62,121257.7,0
1516.17,PAYMENT,197428.54,195912.37,158574.03,160090.2,0
178.62,TRANSFER,155455.48,155276.86000000002,224533.97,224712.59,0
528.23,CASH_IN,12628.53,12100.300000000001,19044.32,19572.55,0
828.88,TRANSFER,197248.51,196419.63,499605.73,500434.61,0
465.86,CASH_OUT,192778.53,192312.67,150196.0,150661.86,0
5592.59,PAYMENT,37462.2,31869.609999999997,143672.43,149265.02,0
1117.51,CASH_OUT,238774.49,237656.97999999998,277435.29,278552.8,1
1308.67,TRANSFER,140098.23,138789.56,427016.09,428324.76,0
676.39,DEBIT,97243.8,96567.41,228404.68,229081.07,0
1079.47,CASH_IN,247187.82,246108.35,124419.6,125499.07,0
325.3,PAYMENT,103011.29,102685.98999999999,282937.75,283263.05,0
925.36,PAYMENT,186555.24,185629.88,241471.28,242396.63999999998,0
429.66,PAYMENT,185374.44,184944.78,211537.41,211967.07,0
830.97,TRANSFER,15841.79,15010.820000000002,491941.48,492772.44999999995,1
84.78,CASH_IN,126850.09,126765.31,497975.13,498059.91000000003,0
354.96,PAYMENT,66833.62,66478.65999999999,280971.91,281326.87,0
4740.64,CASH_OUT,59871.2,55130.56,34001.96,38742.6,0
2515.93,TRANSFER,196488.57,193972.64,283458.79,285974.72,0
4101.22,PAYMENT,3423.0,0.0,476236.07,480337.29,1
4392.8,PAYMENT,290723.69,286330.89,462846.27,467239.07,0
2149.49,CASH_OUT,118617.3,116467.81,107750.42,109899.91,0
697.24,CASH_OUT,89641.06,88943.81999999999,95059.74,95756.98000000001,0
388.68,TRANSFER,275992.32,275603.64,76127.93,76516.60999999999,0
3452.12,PAYMENT,146001.64,142549.52000000002,409892.17,413344.29,0
1169.78,CASH_OUT,184297.58,183127.8,245027.53,246197.31,0
13280.11,PAYMENT,208755.22,195475.11,169023.29,182303.40000000002,0
761.2,CASH_IN,261423.38,260662.18,162403.58,163164.78,0
7886.41,PAYMENT,38922.6,31036.19,137706.62,145593.03,0
937.49,PAYMENT,24495.95,23558.46,441309.89,442247.38,0
4171.57,TRANSFER,298113.24,293941.67,204839.95,209011.52000000002,0
5983.09,TRANSFER,2665.14,0.0,122008.87,127991.95999999999,0
394.28,TRANSFER,212458.43,212064.15,355202.4,355596.68000000005,1
675.2,TRANSFER,183319.61,182644.40999999997,317727.28,318402.48000000004,0
390.34,CASH_IN,165765.31,165374.97,357682.78,358073.12000000005,0
320.56,TRANSFER,235748.39,235427.83000000002,410978.06,411298.62,0
2136.8,TRANSFER,297741.88,295605.08,50616.86,52753.66,1
900.88,TRANSFER,14065.75,13164.87,994.37,1895.25,0
1155.59,PAYMENT,184359.15,183203.56,25283.12,26438.71,1
1912.64,TRANSFER,215033.3,213120.65999999997,353396.63,355309.27,0
171.16,PAYMENT,91781.79,91610.62999999999,467248.27,467419.43,0
3970.97,CASH_OUT,267858.42,263887.45,165552.69,169523.66,0
773.48,PAYMENT,137097.85,136324.37,390597.08,391370.56,0
1867.58,CASH_IN,49343.54,47475.96,364592.26,366459.84,0
2040.02,TRANSFER,256322.34,254282.32,489030.79,491070.81,0
4319.08,DEBIT,282877.69,278558.61,235396.54,239715.62,0
987.47,TRANSFER,29854.48,28867.01,83036.48,84023.95,0
131.15,PAYMENT,225504.26,225373.11000000002,382615.7,382746.85000000003,0
1161.11,DEBIT,64504.27,63343.159999999996,409409.43,410570.54,0
1340.38,CASH_OUT,2016.67,676.29,353650.04,354990.42,0
389.84,CASH_OUT,78184.15,77794.31,431590.84,431980.68000000005,0
1270.91,TRANSFER,256472.95,255202.04,185591.29,186862.2,0
764.32,CASH_OUT,42355.16,41590.840000000004,345157.5,345921.82,0
286.36,DEBIT,39200.66,38914.3,131924.32,132210.68,0
2146.27,CASH_OUT,221714.31,219568.04,223220.07,225366.34,0
624.08,PAYMENT,121907.89,121283.81,121246.08,121870.16,0
730.42,CASH_OUT,44545.82,43815.4,77266.84,77997.26,0
690.5,CASH_OUT,69000.11,68309.61,17976.62,18667.12,0
3772.44,CASH_IN,238380.58,234608.13999999998,335712.13,339484.57,0
1052.67,PAYMENT,186980.64,185927.97,437636.54,438689.20999999996,0
1186.9,TRANSFER,228278.63,227091.73,157209.72,158396.62,0
705.82,CASH_OUT,29331.97,28626.15,214617.69,215323.51,0
1742.14,TRANSFER,137431.28,135689.13999999998,1773.47,3515.61,0
4227.3,CASH_OUT,239131.88,234904.58000000002,206427.39,210654.69,0
2096.16,TRANSFER,79737.83,77641.67,140661.06,142757.22,0
2179.54,PAYMENT,50756.69,48577.15,287100.02,289279.56,0
2010.68,CASH_OUT,114535.17,112524.49,454258.59,456269.27,0
275.82,PAYMENT,100013.99,99738.17,253076.28,253352.1,0
456.63,PAYMENT,55641.83,55185.200000000004,337766.33,338222.96,0
893.38,CASH_OUT,286183.48,285290.1,352741.42,353634.8,0
530.67,CASH_OUT,144929.52,144398.84999999998,76215.96,76746.63,0
378.22,DEBIT,182422.91,182044.69,173285.3,173663.52,0
168.65,PAYMENT,36332.07,36163.42,56572.78,56741.43,0
285.28,PAYMENT,183010.53,182725.25,220373.3,220658.58,0
848.5,CASH_IN,166596.81,165748.31,443642.84,444491.34,0
1023.08,PAYMENT,279578.8,278555.72,240467.18,241490.25999999998,1
496.18,PAYMENT,123695.04,123198.86,228076.49,228572.66999999998,0
1186.69,PAYMENT,234618.63,233431.94,104661.77,105848.46,0
710.64,TRANSFER,91254.29,90543.65,155108.64,155819.28000000003,0
3263.56,DEBIT,173682.11,170418.55,468299.79,471563.35,0
932.97,CASH_OUT,278091.12,277158.15,151497.66,152430.63,0
2200.26,CASH_OUT,187521.39,185321.13,365693.29,367893.55,0
1343.74,PAYMENT,213347.61,212003.87,21070.83,22414.570000000003,0
269.87,PAYMENT,262795.36,262525.49,64156.98,64426.850000000006,0
1001.59,TRANSFER,277627.31,276625.72,155738.96,156740.55,0
318.74,PAYMENT,62482.46,62163.72,450710.43,451029.17,0
984.25,PAYMENT,58751.41,57767.16,109645.83,110630.08,0
520.54,PAYMENT,165142.84,164622.3,363372.31,363892.85,0
1606.74,PAYMENT,298654.91,297048.17,83762.23,85368.97,0
286.47,TRANSFER,147045.7,146759.23,306421.02,306707.49,0
1112.87,CASH_OUT,99271.49,98158.62000000001,293414.12,294526.99,0
1943.83,PAYMENT,161178.38,159234.55000000002,310973.95,312917.78,0
2717.85,TRANSFER,19318.73,16600.88,143138.26,145856.11000000002,0
510.73,CASH_OUT,53162.03,52651.299999999996,81051.5,81562.23,1
1116.27,CASH_OUT,44676.13,43559.86,443242.87,444359.14,0
1318.36,CASH_OUT,8374.66,7056.3,284721.97,286040.32999999996,0
5151.93,TRANSFER,216663.69,211511.76,106021.58,111173.51000000001,0
249.3,DEBIT,97642.36,97393.06,206664.53,206913.83,0
440.93,PAYMENT,50560.89,50119.96,33545.75,33986.68,0
18114.4,PAYMENT,153673.13,135558.73,237688.06,255802.46,0
834.56,PAYMENT,97033.32,96198.76000000001,211945.39,212779.95,1
165.51,TRANSFER,117905.33,117739.82,66363.12,66528.62999999999,1
612.44,PAYMENT,94659.55,94047.11,222186.17,222798.61000000002,0
68.79,PAYMENT,1195.05,1126.26,319766.17,319834.95999999996,0
1395.38,CASH_OUT,206498.66,205103.28,464245.22,465640.6,0
2464.6,PAYMENT,33207.14,30742.54,351592.6,354057.19999999995,0
440.69,PAYMENT,65742.72,65302.03,251217.64,251658.33000000002,0
684.9,PAYMENT,57095.11,56410.21,385025.56,385710.46,0
2761.84,TRANSFER,99410.19,96648.35,139967.64,142729.48,0
190.53,PAYMENT,48059.3,47868.770000000004,334390.8,334581.33,1
292.49,PAYMENT,104085.64,103793.15,2531.08,2823.5699999999997,0
872.96,PAYMENT,72979.3,72106.34,36275.57,37148.53,0
516.8,CASH_OUT,18364.53,17847.73,312132.82,312649.62,0
817.4,CASH_IN,261168.89,260351.49000000002,96274.79,97092.18999999999,0
309.9,TRANSFER,91674.33,91364.43000000001,344364.79,344674.69,0
1358.74,CASH_OUT,28584.64,27225.899999999998,318376.63,319735.37,0
944.61,DEBIT,156457.91,155513.30000000002,31833.37,32777.979999999996,0
1899.2,CASH_IN,36982.66,35083.46000000001,196248.33,198147.53,0
1339.97,TRANSFER,231927.96,230587.99,306501.1,307841.06999999995,0
1348.42,DEBIT,18473.38,17124.96,356740.82,358089.24,0
258.19,CASH_IN,139390.78,139132.59,408042.08,408300.27,0
1794.7,CASH_OUT,283147.9,281353.2,165221.45,167016.15000000002,0
787.71,TRANSFER,47690.72,46903.01,418358.02,419145.73000000004,0
928.34,PAYMENT,60410.6,59482.26,177127.21,178055.55,0
3128.36,PAYMENT,180139.47,177011.11000000002,3493.42,6621.780000000001,0
534.09,TRANSFER,293956.22,293422.12999999995,305002.95,305537.04000000004,1
4235.19,TRANSFER,115750.72,111515.53,120834.3,125069.49,0
4649.32,TRANSFER,194593.53,189944.21,62190.65,66839.97,0
2328.05,TRANSFER,45695.12,43367.07,129178.91,131506.96,0
411.32,TRANSFER,192419.14,192007.82,413957.0,414368.32,0
123.19,DEBIT,75798.62,75675.43,457000.65,457123.84,1
3225.47,PAYMENT,183986.28,180760.81,480848.31,484073.77999999997,1
1225.84,PAYMENT,26598.36,25372.52,151415.18,152641.02,0
520.51,CASH_OUT,157490.71,156970.19999999998,227964.35,228484.86000000002,0
3545.95,DEBIT,71221.5,67675.55,401263.05,404809.0,0
463.33,CASH_IN,204512.61,204049.28,158951.34,159414.66999999998,0
717.55,DEBIT,224300.94,223583.39,192571.59,193289.13999999998,0
1853.61,DEBIT,254442.76,252589.15000000002,118637.24,120490.85,0
360.11,PAYMENT,297718.61,297358.5,286183.66,286543.76999999996,0
982.91,TRANSFER,137806.43,136823.52,329633.35,330616.25999999995,0
3258.87,PAYMENT,201178.33,197919.46,159219.73,162478.6,0
1354.4,TRANSFER,5527.11,4172.709999999999,12115.26,13469.66,0
3817.79,CASH_IN,271526.11,267708.32,367953.91,371771.69999999995,0
3407.05,PAYMENT,184722.94,181315.89,308298.64,311705.69,0
1105.15,TRANSFER,126403.49,125298.34000000001,109499.39,110604.54,0
105.98,PAYMENT,130293.82,130187.84000000001,157323.84,157429.82,0
362.94,PAYMENT,227398.69,227035.75,478556.79,478919.73,0
2352.74,PAYMENT,250041.0,247688.26,315101.77,317454.51,0
232.7,PAYMENT,242371.1,242138.4,297738.88,297971.58,0
791.01,CASH_IN,153175.4,152384.38999999998,319845.37,320636.38,0
1538.37,TRANSFER,111343.99,109805.62000000001,477222.27,478760.64,0
4767.47,DEBIT,283661.81,278894.34,169929.54,174697.01,0
617.07,CASH_OUT,190259.86,189642.78999999998,140457.99,141075.06,0
576.23,PAYMENT,163096.02,162519.78999999998,188371.24,188947.47,0
1040.6,PAYMENT,179495.68,178455.08,400474.55,401515.14999999997,0
1557.62,CASH_OUT,188959.95,187402.33000000002,60479.44,62037.060000000005,0
939.88,PAYMENT,213921.87,212981.99,103412.35,104352.23000000001,0
3131.5,CASH_IN,165955.41,162823.91,114122.76,117254.26,0
493.17,PAYMENT,262606.61,262113.43999999997,318188.7,318681.87,1
1236.65,CASH_OUT,257914.26,256677.61000000002,320791.51,322028.16000000003,1
1711.65,CASH_OUT,132677.32,130965.67000000001,185943.19,187654.84,1
734.92,PAYMENT,50560.83,49825.91,138096.14,138831.06000000003,0
2539.47,PAYMENT,172996.71,170457.24,377325.97,379865.43999999994,0
1272.78,CASH_IN,186221.86,184949.08,15863.28,17136.06,0
2413.53,PAYMENT,157013.87,154600.34,369368.86,371782.39,0
1331.56,TRANSFER,267173.34,265841.78,105137.0,106468.56,0
1597.83,TRANSFER,27906.08,26308.25,451388.53,452986.36000000004,0
582.66,PAYMENT,86225.55,85642.89,206846.62,207429.28,0
583.61,CASH_OUT,259736.95,259153.34000000003,321148.45,321732.06,0
3730.87,CASH_OUT,281823.99,278093.12,60484.65,64215.520000000004,0
2070.43,PAYMENT,127777.52,125707.09000000001,126942.2,129012.62999999999,0
394.27,DEBIT,57793.19,57398.920000000006,350304.3,350698.57,0
1314.04,PAYMENT,126098.85,124784.81000000001,275177.73,276491.76999999996,0
102.13,PAYMENT,136849.93,136747.8,385238.69,385340.82,0
617.74,TRANSFER,155870.81,155253.07,281701.17,282318.91,0
2867.02,CASH_IN,82305.92,79438.9,284665.59,287532.61000000004,0
967.63,PAYMENT,93788.22,92820.59,429129.49,430097.12,0
1233.87,PAYMENT,196676.29,195442.42,212344.96,213578.83,1
53.71,TRANSFER,186538.25,186484.54,447522.36,447576.07,0
740.81,CASH_OUT,198630.75,197889.94,186107.62,186848.43,0
1538.05,PAYMENT,113185.49,111647.44,164297.1,165835.15,0
1746.36,PAYMENT,100937.05,99190.69,389710.64,391457.0,0
2870.83,CASH_OUT,105461.6,102590.77,5773.2,8644.029999999999,0
888.68,PAYMENT,285352.95,284464.27,86096.06,86984.73999999999,0
929.22,PAYMENT,118573.53,117644.31,35882.87,36812.090000000004,0
289.42,PAYMENT,181839.72,181550.3,256052.55,256341.97,0
893.8,TRANSFER,156852.96,155959.16,314035.5,314929.3,0
310.57,TRANSFER,262866.54,262555.97,5187.97,5498.54,0
172.8,DEBIT,110735.04,110562.23999999999,80731.77,80904.57,0
370.49,CASH_OUT,130243.33,129872.84,151270.68,151641.16999999998,0
4957.64,CASH_OUT,252838.29,247880.65,147113.17,152070.81000000003,0
836.68,CASH_IN,48287.28,47450.6,48566.36,49403.04,0
1366.32,TRANSFER,178288.36,176922.03999999998,86423.73,87790.05,0
656.23,TRANSFER,119972.46,119316.23000000001,423525.88,424182.11,0
182.99,CASH_IN,295737.47,295554.48,350290.57,350473.56,0
2796.47,PAYMENT,216415.24,213618.77,148047.19,150843.66,0
124.94,CASH_OUT,3166.88,3041.94,131703.73,131828.67,0
629.68,CASH_OUT,251842.17,251212.49000000002,40099.6,40729.28,0
1038.35,PAYMENT,210953.9,209915.55,174452.97,175491.32,0
1380.9,TRANSFER,168288.27,166907.37,199034.76,200415.66,1
530.35,PAYMENT,70838.54,70308.18999999999,452090.83,452621.18,0
174.52,PAYMENT,44795.0,44620.48,371557.86,371732.38,0
492.21,TRANSFER,188519.87,188027.66,239576.89,240069.1,0
518.66,PAYMENT,131982.08,131463.41999999998,67428.63,67947.29000000001,0
506.19,CASH_OUT,258486.09,257979.9,328080.82,328587.01,1
2893.03,CASH_IN,78712.07,75819.04000000001,468006.16,470899.19,0
325.84,CASH_OUT,191255.99,190930.15,39022.43,39348.27,0
1481.75,PAYMENT,74652.91,73171.16,424303.88,425785.63,0
1284.72,PAYMENT,190895.12,189610.4,90057.28,91342.0,0
2865.38,PAYMENT,14503.39,11638.009999999998,350640.47,353505.85,0
959.94,PAYMENT,117512.23,116552.29,91928.02,92887.96,0
2419.05,CASH_IN,51805.68,49386.63,300006.78,302425.83,0
923.14,TRANSFER,181780.2,180857.06,118812.29,119735.43,0
1693.23,PAYMENT,95018.42,93325.19,270849.03,272542.26,0
243.97,DEBIT,231459.79,231215.82,300078.93,300322.89999999997,0
78.39,PAYMENT,34378.31,34299.92,309260.16,309338.55,0
1599.66,PAYMENT,166863.92,165264.26,341399.44,342999.1,0
1687.8,PAYMENT,178103.36,176415.56,34514.79,36202.590000000004,0
1764.29,CASH_OUT,6631.23,4866.94,351693.7,353457.99,0
648.76,CASH_OUT,10795.71,10146.949999999999,77298.86,77947.62,0
4864.51,PAYMENT,92472.05,87607.54000000001,338516.23,343380.74,0
692.37,CASH_IN,182722.63,182030.26,62018.81,62711.18,0
1670.5,DEBIT,288789.0,287118.5,239707.36,241377.86,0
1987.51,DEBIT,27235.05,25247.54,193384.21,195371.72,0
6116.47,PAYMENT,210948.83,204832.36,483673.18,489789.64999999997,0
798.69,PAYMENT,207814.84,207016.15,315404.58,316203.27,0
570.67,DEBIT,200842.27,200271.59999999998,44102.96,44673.63,0
245.15,PAYMENT,154844.2,154599.05000000002,350443.23,350688.38,0
5179.0,TRANSFER,290047.79,284868.79,97069.2,102248.2,0
1671.39,CASH_OUT,150532.54,148861.15,143075.18,144746.57,0
1725.14,PAYMENT,251489.12,249763.97999999998,189221.52,190946.66,0
24753.06,CASH_OUT,78756.18,54003.119999999995,388112.72,412865.77999999997,0
1517.84,CASH_IN,241892.55,240374.71,472040.47,473558.31,0
298.17,CASH_OUT,298963.72,298665.55,462167.59,462465.76,0
901.53,TRANSFER,273025.8,272124.26999999996,85341.82,86243.35,1
413.73,DEBIT,91221.52,90807.79000000001,30206.74,30620.47,0
738.14,TRANSFER,253847.24,253109.09999999998,414266.51,415004.65,1
733.19,CASH_OUT,28577.14,27843.95,144109.13,144842.32,0
609.71,DEBIT,203312.27,202702.56,291413.05,292022.76,0
272.25,CASH_OUT,102643.87,102371.62,489313.73,489585.98,0
5391.08,PAYMENT,197601.03,192209.95,93211.0,98602.08,0
1478.6,PAYMENT,123674.7,122196.09999999999,187427.95,188906.55000000002,0
875.27,PAYMENT,2709.94,1834.67,433799.47,434674.74,0
2339.37,TRANSFER,69382.97,67043.6,324990.27,327329.64,0
1756.48,TRANSFER,12715.87,10959.390000000001,468776.5,470532.98,0
1444.75,TRANSFER,128180.98,126736.23,315859.66,317304.41,0
2175.47,PAYMENT,252021.39,249845.92,151784.98,153960.45,0
1253.8,CASH_OUT,221399.03,220145.23,402554.3,403808.1,0
2143.56,CASH_IN,236673.66,234530.1,379631.88,381775.44,0
2328.81,PAYMENT,242159.89,239831.08000000002,466809.47,469138.27999999997,0
1290.41,CASH_OUT,111581.94,110291.53,238083.47,239373.88,0
879.72,CASH_OUT,151807.72,150928.0,251419.64,252299.36000000002,0
5066.46,TRANSFER,152535.35,147468.89,161911.55,166978.00999999998,0
680.0,PAYMENT,33962.56,33282.56,134379.17,135059.17,0
1621.84,CASH_OUT,179442.64,177820.80000000002,498263.91,499885.75,0
1658.9,CASH_IN,216053.93,214395.03,488627.76,490286.66000000003,0
596.12,CASH_OUT,183290.35,182694.23,264823.23,265419.35,0
488.91,CASH_IN,223789.78,223300.87,477542.79,478031.69999999995,0
769.81,CASH_IN,35667.38,34897.57,178077.72,178847.53,0
670.34,PAYMENT,228422.68,227752.34,424997.16,425667.5,0
255.15,CASH_OUT,62442.03,62186.88,317434.08,317689.23000000004,0
571.64,TRANSFER,263048.05,262476.41,358533.06,359104.7,0
1431.13,CASH_IN,73479.39,72048.26,359101.47,360532.6,0
3889.14,PAYMENT,147597.72,143708.58,317914.33,321803.47000000003,0
1909.11,TRANSFER,146179.89,144270.78000000003,426164.01,428073.12,0
81.49,DEBIT,80655.1,80573.61,196006.63,196088.12,0
2082.46,PAYMENT,108512.88,106430.42,424594.48,426676.94,0
627.57,CASH_OUT,55679.02,55051.45,91707.58,92335.15000000001,0
1725.17,PAYMENT,171030.21,169305.03999999998,99979.71,101704.88,0
1081.24,CASH_IN,273908.41,272827.17,358671.61,359752.85,0
904.44,DEBIT,94982.27,94077.83,375064.95,375969.39,0
990.06,PAYMENT,152418.78,151428.72,451150.54,452140.6,0
1072.32,CASH_OUT,258564.18,257491.86,137341.45,138413.77000000002,0
4206.58,PAYMENT,135749.71,131543.13,28034.73,32241.309999999998,1
1075.28,TRANSFER,249378.1,248302.82,253735.86,254811.13999999998,0
3247.16,CASH_OUT,133917.2,130670.04000000001,437670.23,440917.38999999996,0
2807.1,DEBIT,132072.74,129265.63999999998,485732.93,488540.02999999997,0
2136.76,PAYMENT,47171.99,45035.229999999996,428913.15,431049.91000000003,0
183.71,PAYMENT,37493.65,37309.94,244978.22,245161.93,0
3349.72,CASH_OUT,183449.02,180099.3,431691.12,435040.83999999997,0
693.74,TRANSFER,248200.06,247506.32,106985.46,107679.20000000001,0
2243.35,TRANSFER,40621.95,38378.6,460584.83,462828.18,0
414.66,PAYMENT,273028.18,272613.52,283422.98,283837.63999999996,0
335.27,PAYMENT,107663.94,107328.67,194681.79,195017.06,0
7914.0,DEBIT,127577.16,119663.16,290820.59,298734.59,0
421.16,PAYMENT,268336.02,267914.86000000004,392004.1,392425.25999999995,0
3449.92,PAYMENT,268888.94,265439.02,120060.76,123510.68,0
1234.5,CASH_IN,157457.66,156223.16,50939.9,52174.4,0
720.45,PAYMENT,83029.48,82309.03,366560.05,367280.5,0
1048.56,CASH_OUT,51581.84,50533.28,476234.48,477283.04,0
298.54,PAYMENT,81474.01,81175.47,318489.05,318787.58999999997,0
1081.65,DEBIT,234188.22,233106.57,71291.73,72373.37999999999,0
371.39,CASH_OUT,97377.24,97005.85,321692.68,322064.07,0
738.45,DEBIT,208368.44,207629.99,58316.05,59054.5,0
2766.39,PAYMENT,58560.25,55793.86,151762.38,154528.77000000002,0
1414.02,TRANSFER,143551.09,142137.07,15798.85,17212.87,0
249.09,CASH_OUT,105631.86,105382.77,243750.81,243999.9,0
2569.56,PAYMENT,151083.7,148514.14,160677.09,163246.65,0
1088.87,PAYMENT,170983.59,169894.72,48760.94,49849.810000000005,0
637.67,PAYMENT,297280.49,296642.82,154513.65,155151.32,0
2313.87,CASH_IN,269968.51,267654.64,323785.06,326098.93,0
927.78,CASH_OUT,208759.94,207832.16,144540.78,145468.56,0
341.84,CASH_OUT,46123.04,45781.200000000004,71536.06,71877.9,0
6959.13,CASH_OUT,275708.57,268749.44,272398.73,279357.86,0
1077.84,TRANSFER,267775.82,266697.98,376613.64,377691.48000000004,0
1010.92,TRANSFER,266011.03,265000.11000000004,415070.68,416081.6,0
731.35,TRANSFER,143705.06,142973.71,236048.56,236779.91,0
3568.73,CASH_OUT,51212.01,47643.28,355536.21,359104.94,0
648.8,PAYMENT,226320.96,225672.16,416663.87,417312.67,0
233.93,DEBIT,116554.51,116320.58,336444.62,336678.55,0
556.31,CASH_OUT,103370.49,102814.18000000001,263635.7,264192.01,0
4133.07,PAYMENT,117234.6,113101.53,29969.68,34102.75,0
2520.3,TRANSFER,167721.17,165200.87000000002,145017.19,147537.49,0
849.79,PAYMENT,100055.65,99205.86,159907.58,160757.37,0
4329.71,CASH_IN,206976.18,202646.47,197505.63,201835.34,0
2316.8,CASH_IN,194317.14,192000.34000000003,475446.35,477763.14999999997,0
840.01,CASH_IN,152658.78,151818.77,104437.67,105277.68,0
928.98,PAYMENT,16191.97,15262.99,270777.46,271706.44,0
1524.34,PAYMENT,280962.8,279438.45999999996,495609.05,497133.39,0
477.28,PAYMENT,123508.88,123031.6,309397.28,309874.56000000006,0
1101.58,PAYMENT,134835.96,133734.38,104455.36,105556.94,0
1492.96,PAYMENT,136809.75,135316.79,480095.47,481588.43,0
202.97,PAYMENT,109508.39,109305.42,168146.33,168349.3,0
907.49,CASH_IN,202376.37,201468.88,23935.35,24842.84,0
809.93,PAYMENT,4175.31,3365.3800000000006,215680.88,216490.81,0
3065.81,PAYMENT,262052.5,258986.69,120327.85,123393.66,0
173.38,DEBIT,30731.71,30558.329999999998,409431.89,409605.27,0
748.82,TRANSFER,299914.1,299165.27999999997,109977.92,110726.74,0
677.39,CASH_OUT,188424.79,187747.4,409927.01,410604.4,0
2864.28,CASH_OUT,19873.94,17009.66,18085.51,20949.789999999997,1
1049.9,DEBIT,168731.12,167681.22,464578.66,465628.56,0
6608.39,CASH_OUT,99392.34,92783.95,21096.76,27705.149999999998,0
2126.46,TRANSFER,285912.97,283786.50999999995,469269.92,471396.38,1
727.62,CASH_OUT,226641.3,225913.68,36845.64,37573.26,0
1393.62,TRANSFER,152104.4,150710.78,436291.8,437685.42,1
769.65,PAYMENT,128933.22,128163.57,415666.02,416435.67000000004,0
2589.96,TRANSFER,298760.66,296170.69999999995,297211.92,299801.88,0
289.4,PAYMENT,200215.23,199925.83000000002,17993.04,18282.440000000002,0
481.21,CASH_OUT,154178.92,153697.71000000002,310571.4,311052.61000000004,0
1729.68,PAYMENT,119383.24,117653.56000000001,308923.21,310652.89,0
3735.95,PAYMENT,97374.86,93638.91,278598.74,282334.69,0
121.27,PAYMENT,211625.83,211504.56,315762.79,315884.06,0
4334.98,DEBIT,176365.65,172030.66999999998,484053.7,488388.68,0
953.24,PAYMENT,254455.45,253502.21000000002,497753.62,498706.86,0
166.69,CASH_OUT,166068.22,165901.53,260247.9,260414.59,1
54.5,DEBIT,174699.42,174644.92,45900.31,45954.81,0
237.61,PAYMENT,143206.95,142969.34000000003,66984.52,67222.13,0
1075.24,CASH_OUT,228786.28,227711.04,360175.44,361250.68,0
1026.7,PAYMENT,124497.65,123470.95,490981.79,492008.49,0
2065.65,PAYMENT,255581.88,253516.23,218027.61,220093.25999999998,0
633.03,CASH_OUT,98113.43,97480.4,49019.37,49652.4,1
362.11,CASH_IN,207787.51,207425.40000000002,176522.28,176884.38999999998,0
725.54,PAYMENT,267891.27,267165.73000000004,192505.14,193230.68000000002,0
1134.12,TRANSFER,230722.16,229588.04,498297.67,499431.79,0
1381.29,PAYMENT,102782.44,101401.15000000001,343291.68,344672.97,0
498.12,TRANSFER,211901.7,211403.58000000002,58933.04,59431.16,0
2701.19,CASH_OUT,62095.44,59394.25,168538.36,171239.55,0
589.1,TRANSFER,17449.52,16860.420000000002,24279.36,24868.46,0
459.57,CASH_OUT,237414.52,236954.94999999998,326530.25,326989.82,1
637.53,PAYMENT,242402.73,241765.2,336369.63,337007.16000000003,0
3212.61,CASH_OUT,6879.28,3666.6699999999996,28748.37,31960.98,1
960.26,CASH_OUT,284338.5,283378.24,167759.97,168720.23,0
547.57,CASH_OUT,133769.95,133222.38,451419.18,451966.75,0
2768.63,PAYMENT,271581.64,268813.01,413408.02,416176.65,0
9346.42,TRANSFER,236452.36,227105.93999999997,287106.28,296452.7,0
1352.46,TRANSFER,270196.06,268843.6,242311.68,243664.13999999998,0
3766.28,PAYMENT,250012.69,246246.41,496425.96,500192.24000000005,0
3090.47,PAYMENT,292198.61,289108.14,361097.78,364188.25,0
598.46,TRANSFER,188730.3,188131.84,476317.61,476916.07,0
1126.23,CASH_OUT,68177.65,67051.42,35792.61,36918.840000000004,1
304.13,PAYMENT,116868.94,116564.81,106075.58,106379.71,0
893.42,DEBIT,225563.77,224670.34999999998,15555.52,16448.94,0
586.29,TRANSFER,47090.78,46504.49,433958.81,434545.1,0
732.98,CASH_OUT,278952.7,278219.72000000003,347115.72,347848.69999999995,0
518.07,TRANSFER,61583.67,61065.6,88825.83,89343.90000000001,0
822.96,TRANSFER,262792.42,261969.46,487095.3,487918.26,0
1867.27,TRANSFER,145117.18,143249.91,477898.61,479765.88,0
973.12,CASH_IN,252186.04,251212.92,112298.9,113272.01999999999,0
169.97,TRANSFER,287488.71,287318.74000000005,323504.88,323674.85,0
520.03,TRANSFER,126644.24,126124.21,334051.46,334571.49000000005,0
239.99,TRANSFER,208981.36,208741.37,2008.38,2248.37,0
1399.77,CASH_OUT,68015.28,66615.51,344389.9,345789.67000000004,1
1814.05,PAYMENT,240235.72,238421.67,110670.1,112484.15000000001,0
1417.36,TRANSFER,245977.69,244560.33000000002,450659.38,452076.74,0
498.99,TRANSFER,88573.71,88074.72,419253.57,419752.56,0
1403.68,CASH_IN,7242.23,5838.549999999999,452646.79,454050.47,0
685.32,TRANSFER,129361.58,128676.26,378776.98,379462.3,0
351.35,TRANSFER,51000.16,50648.810000000005,82452.72,82804.07,0
2302.91,CASH_IN,245565.32,243262.41,180277.16,182580.07,0
2485.0,TRANSFER,78329.18,75844.18,354465.74,356950.74,0
2832.44,PAYMENT,283107.84,280275.4,161662.52,164494.96,0
596.84,PAYMENT,291542.69,290945.85,355016.47,355613.31,0
3566.58,PAYMENT,272650.78,269084.2,168079.36,171645.93999999997,0
669.42,PAYMENT,179884.34,179214.91999999998,88864.73,89534.15,0
2108.01,TRANSFER,80228.4,78120.39,259081.91,261189.92,0
657.92,CASH_OUT,242177.52,241519.59999999998,343113.88,343771.8,0
876.57,CASH_OUT,210478.61,209602.03999999998,258597.84,259474.41,0
97.4,PAYMENT,293150.5,293053.1,320933.65,321031.05000000005,0
810.85,TRANSFER,113175.6,112364.75,219025.51,219836.36000000002,0
1201.22,PAYMENT,17630.4,16429.18,389165.66,390366.87999999995,0
727.74,CASH_IN,299515.9,298788.16000000003,324983.21,325710.95,0
6349.86,PAYMENT,251479.09,245129.23,287303.32,293653.18,0
342.93,CASH_OUT,66446.91,66103.98000000001,217685.86,218028.78999999998,1
624.17,PAYMENT,217688.36,217064.18999999997,267863.78,268487.95,0
443.69,CASH_OUT,207.05,0.0,25504.86,25948.55,0
624.05,TRANSFER,167342.72,166718.67,333359.84,333983.89,1
3076.09,CASH_OUT,108851.47,105775.38,102205.86,105281.95,0
4807.98,PAYMENT,114399.91,109591.93000000001,430074.48,434882.45999999996,0
544.14,CASH_IN,73355.94,72811.8,406171.88,406716.02,0
532.19,TRANSFER,82453.56,81921.37,263977.33,264509.52,0
344.77,CASH_OUT,136400.6,136055.83000000002,423565.53,423910.30000000005,0
4049.24,DEBIT,74443.51,70394.26999999999,335401.62,339450.86,0
3364.4,CASH_IN,139931.98,136567.58000000002,70630.02,73994.42,0
986.36,PAYMENT,173204.32,172217.96000000002,370386.38,371372.74,0
271.48,PAYMENT,213333.43,213061.94999999998,497903.23,498174.70999999996,0
296.88,PAYMENT,203143.7,202846.82,20488.65,20785.530000000002,0
1300.66,PAYMENT,72596.78,71296.12,122459.72,123760.38,0
1899.48,TRANSFER,11756.88,9857.4,298870.37,300769.85,0
138.91,CASH_IN,249804.56,249665.65,207597.23,207736.14,0
795.28,CASH_IN,261693.85,260898.57,318778.1,319573.38,0
5531.95,TRANSFER,293666.86,288134.91,293202.17,298734.12,0
882.26,CASH_OUT,287913.47,287031.20999999996,393994.73,394876.99,0
4864.11,DEBIT,190144.21,185280.1,35451.46,40315.57,0
2098.64,CASH_IN,268281.51,266182.87,220308.03,222406.67,0
370.82,PAYMENT,134402.53,134031.71,430026.89,430397.71,0
818.38,TRANSFER,236200.69,235382.31,181380.95,182199.33000000002,0
964.21,DEBIT,286600.36,285636.14999999997,251894.4,252858.61,0
423.05,PAYMENT,238883.57,238460.52000000002,10789.31,11212.359999999999,0
415.77,TRANSFER,124729.61,124313.84,112086.95,112502.72,0
4948.15,CASH_IN,113327.77,108379.62000000001,231827.56,236775.71,0
412.67,CASH_IN,87462.83,87050.16,199484.06,199896.73,0
3224.19,CASH_IN,110119.06,106894.87,357327.44,360551.63,0
708.76,CASH_OUT,246173.0,245464.24,305939.99,306648.75,0
1068.87,PAYMENT,210450.1,209381.23,440141.26,441210.13,0
1923.39,PAYMENT,74963.75,73040.36,427385.35,429308.74,0
602.71,TRANSFER,213460.54,212857.83000000002,120609.92,121212.63,0
1935.08,TRANSFER,113818.64,111883.56,8819.36,10754.44,0
141.68,TRANSFER,167331.75,167190.07,427235.38,427377.06,0
1702.25,CASH_OUT,111110.78,109408.53,164560.43,166262.68,0
92.9,TRANSFER,156488.81,156395.91,173554.85,173647.75,0
874.06,CASH_OUT,218941.17,218067.11000000002,79197.4,80071.45999999999,0
2576.64,PAYMENT,219339.2,216762.56,346503.63,349080.27,0
2043.25,PAYMENT,225954.77,223911.52,140054.46,142097.71,0
299.34,PAYMENT,117311.64,117012.3,88371.55,88670.89,0
340.47,PAYMENT,207148.63,206808.16,251695.37,252035.84,0
550.78,DEBIT,71613.49,71062.71,375207.95,375758.73000000004,0
1321.09,TRANSFER,143228.53,141907.44,134799.3,136120.38999999998,1
143.75,PAYMENT,174932.08,174788.33,361019.5,361163.25,0
1082.23,CASH_OUT,205944.66,204862.43,230987.55,232069.78,0
1497.32,TRANSFER,273598.8,272101.48,201886.36,203383.68,0
826.3,PAYMENT,91430.59,90604.29,179760.43,180586.72999999998,0
1854.41,PAYMENT,253585.77,251731.36,72790.48,74644.89,0
1371.59,PAYMENT,93337.28,91965.69,166316.88,167688.47,0
638.0,CASH_OUT,165572.83,164934.83,439625.77,440263.77,0
158.19,PAYMENT,248429.95,248271.76,51083.46,51241.65,0
1253.15,PAYMENT,216944.88,215691.73,479150.01,480403.16000000003,0
422.81,PAYMENT,258860.9,258438.09,53748.26,54171.07,0
615.02,TRANSFER,244464.36,243849.34,181015.82,181630.84,1
1770.69,PAYMENT,82904.18,81133.48999999999,303153.09,304923.78,0
4524.82,DEBIT,297881.0,293356.18,418920.7,423445.52,0
1055.68,PAYMENT,281099.53,280043.85000000003,71791.41,72847.09,1
1908.48,TRANSFER,129052.39,127143.91,70551.11,72459.59,1
258.66,TRANSFER,14162.84,13904.18,314189.06,314447.72,0
1401.82,TRANSFER,91049.0,89647.18,146373.32,147775.14,0
1032.87,PAYMENT,250845.76,249812.89,322251.05,323283.92,0
3748.94,CASH_OUT,285261.13,281512.19,410291.6,414040.54,0
638.77,DEBIT,249501.59,248862.82,38435.26,39074.03,0
861.23,PAYMENT,119022.97,118161.74,422247.06,423108.29,0
3161.54,PAYMENT,16960.95,13799.41,18792.68,21954.22,0
1000.21,CASH_IN,155274.85,154274.64,449413.09,450413.30000000005,0
361.82,TRANSFER,112914.75,112552.93,487809.07,488170.89,0
14067.65,PAYMENT,36891.72,22824.07,333727.6,347795.25,0
372.94,PAYMENT,31756.0,31383.06,492127.65,492500.59,0
1027.93,CASH_OUT,45911.07,44883.14,410995.92,412023.85,0
1551.05,CASH_OUT,61747.1,60196.049999999996,22182.75,23733.8,0
1433.13,TRANSFER,226135.92,224702.79,1905.47,3338.6000000000004,0
907.1,CASH_IN,114511.04,113603.93999999999,10399.24,11306.34,0
911.63,TRANSFER,131081.44,130169.81,225953.48,226865.11000000002,0
867.03,PAYMENT,179514.4,178647.37,311691.31,312558.34,0
359.27,TRANSFER,288040.04,287680.76999999996,240735.91,241095.18,0
9416.5,PAYMENT,226940.71,217524.21,338565.16,347981.66,0
880.08,PAYMENT,193713.78,192833.7,224801.32,225681.4,1
1992.07,PAYMENT,223149.64,221157.57,21281.9,23273.97,0
784.74,PAYMENT,215787.76,215003.02000000002,113083.35,113868.09000000001,0
769.11,CASH_OUT,207074.78,206305.67,496312.12,497081.23,0
695.45,PAYMENT,148922.14,148226.69,172931.92,173627.37000000002,0
232.79,TRANSFER,170054.12,169821.33,162382.87,162615.66,0
933.91,CASH_OUT,138447.44,137513.53,76396.02,77329.93000000001,0
729.96,TRANSFER,118487.55,117757.59,493571.86,494301.82,0
3538.73,CASH_OUT,81230.42,77691.69,115229.66,118768.39,0
331.39,CASH_OUT,106563.96,106232.57,323413.28,323744.67000000004,0
615.76,CASH_OUT,128558.89,127943.13,21023.73,21639.489999999998,0
446.55,PAYMENT,173813.82,173367.27000000002,33236.17,33682.72,0
4640.28,TRANSFER,149962.53,145322.25,358375.85,363016.13,1
459.71,TRANSFER,32384.69,31924.98,317584.08,318043.79000000004,0
1924.27,PAYMENT,101992.1,100067.83,340081.2,342005.47000000003,0
2893.32,PAYMENT,112858.04,109964.71999999999,115485.2,118378.52,0
947.55,PAYMENT,212077.79,211130.24000000002,492444.49,493392.04,0
276.77,TRANSFER,99867.63,99590.86,279187.58,279464.35000000003,0
280.3,TRANSFER,2386.74,2106.4399999999996,484774.09,485054.39,1
2590.91,PAYMENT,25300.99,22710.08,82085.28,84676.19,0
310.88,DEBIT,149099.53,148788.65,202549.75,202860.63,0
1622.99,CASH_IN,56548.65,54925.66,167842.76,169465.75,0
1229.48,PAYMENT,148386.72,147157.24,377537.46,378766.94,0
1599.0,CASH_IN,172261.61,170662.61,373785.72,375384.72,0
1757.39,PAYMENT,280031.37,278273.98,243271.9,245029.29,0
431.1,CASH_IN,196673.98,196242.88,8074.0,8505.1,0
413.42,CASH_IN,9312.22,8898.8,87602.85,88016.27,0
2241.56,PAYMENT,114219.16,111977.6,25132.83,27374.390000000003,0
584.44,CASH_OUT,238037.09,237452.65,423507.28,424091.72000000003,1
70.1,CASH_IN,78168.74,78098.64,144885.78,144955.88,0
2098.03,CASH_IN,277491.92,275393.88999999996,58961.32,61059.35,0
389.06,CASH_IN,158703.21,158314.15,177086.18,177475.24,0
1749.59,TRANSFER,27734.31,25984.72,38644.66,40394.25,0
4415.26,PAYMENT,72501.16,68085.90000000001,489428.57,493843.83,0
1115.17,DEBIT,271889.76,270774.59,157503.95,158619.12000000002,0
2968.36,TRANSFER,297437.93,294469.57,466533.35,469501.70999999996,0
1278.95,TRANSFER,258904.77,257625.81999999998,341364.35,342643.3,1
5363.81,TRANSFER,96203.01,90839.2,283053.49,288417.3,0
379.14,TRANSFER,230645.7,230266.56,237748.5,238127.64,0
1087.66,PAYMENT,66668.29,65580.62999999999,343690.05,344777.70999999996,0
2149.87,CASH_OUT,115356.69,113206.82,343137.67,345287.54,0
906.5,PAYMENT,209150.44,208243.94,5260.53,6167.03,0
3471.07,CASH_OUT,290670.4,287199.33,453891.87,457362.94,0
711.92,DEBIT,131759.48,131047.56000000001,183981.71,184693.63,0
8685.16,TRANSFER,148750.93,140065.77,176636.56,185321.72,0
9156.3,TRANSFER,66050.56,56894.259999999995,203295.27,212451.56999999998,0
1454.0,PAYMENT,120966.82,119512.82,342641.4,344095.4,0
1905.69,CASH_IN,18905.58,16999.890000000003,188008.87,189914.56,0
3610.75,CASH_OUT,257575.77,253965.02,186915.53,190526.28,1
334.56,PAYMENT,7000.38,6665.82,31732.44,32067.0,0
295.3,PAYMENT,205057.38,204762.08000000002,208320.83,208616.12999999998,0
3852.27,PAYMENT,81966.51,78114.23999999999,74739.24,78591.51000000001,0
1442.29,TRANSFER,142832.83,141390.53999999998,427794.63,429236.92,1
874.36,CASH_IN,84467.53,83593.17,167255.54,168129.9,0
1108.9,CASH_OUT,120021.2,118912.3,480433.7,481542.60000000003,0
100.88,PAYMENT,164033.37,163932.49,342264.0,342364.88,0
906.36,DEBIT,192268.02,191361.66,378075.77,378982.13,1
516.44,PAYMENT,282085.84,281569.4,473875.59,474392.03,0
2746.47,DEBIT,99660.27,96913.8,119467.38,122213.85,0
2966.18,PAYMENT,175457.25,172491.07,283645.48,286611.66,0
1952.14,TRANSFER,270516.64,268564.5,20362.9,22315.04,0
1628.57,CASH_IN,87069.54,85440.96999999999,50379.34,52007.909999999996,0
245.34,PAYMENT,259514.99,259269.65,183293.46,183538.8,0
1979.59,CASH_OUT,287266.53,285286.94,341250.93,343230.52,1
2057.81,CASH_IN,254248.11,252190.3,415846.8,417904.61,0
3809.27,PAYMENT,170958.15,167148.88,128202.1,132011.37,0
9119.86,PAYMENT,216634.66,207514.8,374538.61,383658.47,1
201.83,CASH_OUT,144319.76,144117.93000000002,112145.58,112347.41,0
743.61,PAYMENT,179176.74,178433.13,3027.8,3771.4100000000003,0
522.03,PAYMENT,292342.22,291820.18999999994,27206.51,27728.539999999997,0
1303.11,TRANSFER,75336.17,74033.06,292779.31,294082.42,1
1111.43,CASH_OUT,237764.14,236652.71000000002,248573.77,249685.19999999998,0
867.76,PAYMENT,151869.94,151002.18,135212.61,136080.37,0
3064.39,PAYMENT,53061.98,49997.590000000004,3273.93,6338.32,0
364.52,DEBIT,193060.61,192696.09,284005.17,284369.69,0
387.18,TRANSFER,237728.07,237340.89,408803.32,409190.5,0
393.77,DEBIT,170626.75,170232.98,34272.44,34666.21,0
764.84,TRANSFER,251229.84,250465.0,368237.23,369002.07,0
320.99,CASH_IN,109760.58,109439.59,317271.3,317592.29,0
1044.64,CASH_OUT,274130.49,273085.85,239677.39,240722.03000000003,0
929.37,PAYMENT,194496.03,193566.66,24170.68,25100.05,0
499.44,DEBIT,240947.8,240448.36,461785.71,462285.15,0
2627.44,TRANSFER,81895.54,79268.09999999999,238720.49,241347.93,0
1033.29,PAYMENT,133838.49,132805.19999999998,199803.48,200836.77000000002,0
3173.68,PAYMENT,272885.22,269711.54,430737.7,433911.38,0
902.3,CASH_OUT,15268.67,14366.37,422789.11,423691.41,0
1070.42,PAYMENT,121194.51,120124.09,363630.48,364700.89999999997,0
624.67,PAYMENT,234095.6,233470.93,414679.99,415304.66,0
1088.93,PAYMENT,223144.41,222055.48,62164.24,63253.17,0
2235.52,TRANSFER,255486.85,253251.33000000002,380457.78,382693.30000000005,0
726.81,TRANSFER,221817.1,221090.29,164017.04,164743.85,1
1841.64,TRANSFER,284127.64,282286.0,433747.4,435589.04000000004,1
486.51,PAYMENT,149477.87,148991.36,185115.73,185602.24000000002,0
2342.68,PAYMENT,187286.95,184944.27000000002,27151.98,29494.66,0
614.06,TRANSFER,254311.73,253697.67,207190.12,207804.18,0
2570.05,PAYMENT,210507.28,207937.23,378388.52,380958.57,0
1165.58,CASH_OUT,30617.02,29451.440000000002,250466.03,251631.61,0
5018.84,PAYMENT,110098.94,105080.1,381816.96,386835.80000000005,0
345.82,PAYMENT,165777.24,165431.41999999998,17636.87,17982.69,0
250.59,PAYMENT,226415.26,226164.67,88582.1,88832.69,0
592.16,TRANSFER,163070.27,162478.11,281803.97,282396.12999999995,0
274.62,PAYMENT,233264.77,232990.15,192656.88,192931.5,0
275.14,CASH_OUT,251282.84,251007.69999999998,340087.87,340363.01,0
2041.73,PAYMENT,79538.48,77496.75,481277.12,483318.85,0
1092.06,TRANSFER,184829.45,183737.39,329930.98,331023.04,0
678.79,TRANSFER,167133.11,166454.31999999998,208681.45,209360.24000000002,0
744.74,PAYMENT,68195.18,67450.43999999999,271182.01,271926.75,0
603.51,TRANSFER,146963.43,146359.91999999998,456413.24,457016.75,0
5712.26,PAYMENT,164570.49,158858.22999999998,336494.62,342206.88,0
525.58,TRANSFER,245201.96,244676.38,401589.75,402115.33,0
292.32,PAYMENT,138296.81,138004.49,150759.2,151051.52000000002,0
2430.98,CASH_OUT,24274.79,21843.81,372160.58,374591.56,1
883.81,CASH_IN,146188.79,145304.98,69715.68,70599.48999999999,0
8423.44,PAYMENT,251385.28,242961.84,374887.81,383311.25,0
647.94,TRANSFER,171376.64,170728.7,440779.3,441427.24,1
2555.45,CASH_OUT,95659.57,93104.12000000001,450116.23,452671.68,0
3236.34,PAYMENT,276291.28,273054.94,58295.03,61531.369999999995,0
651.1,CASH_OUT,46695.42,46044.32,414941.03,415592.13,0
521.69,CASH_OUT,98063.3,97541.61,54968.26,55489.950000000004,0
2301.62,CASH_IN,131140.41,128838.79000000001,239198.48,241500.1,0
1948.65,CASH_IN,221393.37,219444.72,341260.76,343209.41000000003,0
267.57,PAYMENT,250724.04,250456.47,242124.56,242392.13,0
354.8,TRANSFER,17568.14,17213.34,169954.8,170309.59999999998,0
86.8,TRANSFER,237610.75,237523.95,341910.58,341997.38,1
1989.0,PAYMENT,216158.52,214169.52,330439.39,332428.39,1
844.02,PAYMENT,268395.69,267551.67,291446.33,292290.35000000003,0
932.48,CASH_IN,270132.9,269200.42000000004,264214.33,265146.81,0
202.06,PAYMENT,233257.67,233055.61000000002,352869.95,353072.01,0
365.73,TRANSFER,57060.81,56695.079999999994,201518.53,201884.26,0
679.96,DEBIT,94161.45,93481.48999999999,34384.12,35064.08,0
559.85,PAYMENT,280895.91,280336.06,268727.26,269287.11,0
1233.78,TRANSFER,179451.99,178218.21,361727.78,362961.56000000006,0
1965.43,CASH_IN,161628.22,159662.79,149579.95,151545.38,0
10610.64,TRANSFER,274712.83,264102.19,70375.57,80986.21,0
1074.9,PAYMENT,262259.57,261184.67,455920.6,456995.5,0
3345.6,PAYMENT,218248.85,214903.25,431874.83,435220.43,0
478.2,CASH_IN,264675.69,264197.49,309217.11,309695.31,0
205.42,PAYMENT,34150.49,33945.07,393303.58,393509.0,0
771.01,TRANSFER,227263.19,226492.18,484402.66,485173.67,0
221.91,PAYMENT,289692.06,289470.15,284629.49,284851.39999999997,0
1112.84,TRANSFER,14693.04,13580.2,122090.84,123203.68,0
502.47,CASH_IN,66913.7,66411.23,319406.0,319908.47,0
155.36,TRANSFER,238190.52,238035.16,457296.84,457452.2,0
6223.11,CASH_IN,156014.15,149791.04,345074.1,351297.20999999996,0
640.62,PAYMENT,25985.51,25344.89,13120.2,13760.820000000002,0
213.23,TRANSFER,80387.41,80174.18000000001,458566.3,458779.52999999997,0
2692.36,DEBIT,97217.88,94525.52,376837.63,379529.99,0
529.21,TRANSFER,96318.82,95789.61,200915.51,201444.72,0
3262.23,PAYMENT,263301.82,260039.59,493745.94,497008.17,0
526.69,DEBIT,198610.94,198084.25,360839.67,361366.36,0
638.49,PAYMENT,220475.18,219836.69,412720.54,413359.02999999997,0
1548.17,TRANSFER,4071.03,2522.86,471583.28,473131.45,0
1984.69,CASH_IN,128253.6,126268.91,19789.23,21773.92,0
2364.88,PAYMENT,95346.19,92981.31,387209.92,389574.8,0
1002.51,PAYMENT,255577.62,254575.11,193173.22,194175.73,0
1860.53,PAYMENT,286160.9,284300.37,434537.51,436398.04000000004,0
2311.45,PAYMENT,127002.25,124690.8,439447.93,441759.38,0
1340.19,PAYMENT,291918.18,290577.99,414309.24,415649.43,0
950.84,CASH_OUT,4307.76,3356.92,389600.29,390551.13,0
258.45,PAYMENT,97715.82,97457.37000000001,397141.42,397399.87,0
1996.55,CASH_OUT,232479.35,230482.80000000002,148276.25,150272.8,0
1143.87,PAYMENT,108029.89,106886.02,203264.1,204407.97,0
725.15,PAYMENT,276288.7,275563.55,57527.45,58252.6,1
3935.39,PAYMENT,65539.47,61604.08,415295.76,419231.15,0
263.0,CASH_OUT,238700.02,238437.02,323003.24,323266.24,0
5676.19,TRANSFER,60510.68,54834.49,306358.36,312034.55,0
1072.48,PAYMENT,59131.48,58059.0,123039.02,124111.5,0
1506.46,DEBIT,133724.81,132218.35,307518.04,309024.5,1
738.75,TRANSFER,283482.18,282743.43,227275.86,228014.61,0
207.04,PAYMENT,175636.49,175429.44999999998,497634.4,497841.44,0
953.74,CASH_IN,190509.87,189556.13,431534.14,432487.88,0
1532.64,PAYMENT,2919.8,1387.16,262991.44,264524.08,0
2156.46,PAYMENT,16984.56,14828.100000000002,404227.78,406384.24000000005,0
899.61,TRANSFER,20080.21,19180.6,82252.5,83152.11,0
122.42,PAYMENT,245892.65,245770.22999999998,50700.25,50822.67,0
234.71,PAYMENT,71055.64,70820.93,315325.4,315560.11000000004,0
8535.76,CASH_OUT,98651.46,90115.70000000001,363392.91,371928.67,0
367.77,PAYMENT,182985.83,182618.06,26528.22,26895.99,0
4569.0,CASH_OUT,175186.3,170617.3,100481.68,105050.68,0
430.92,CASH_IN,123158.85,122727.93000000001,268633.99,269064.91,0
913.74,TRANSFER,1290.06,376.31999999999994,31408.3,32322.04,0
2049.21,CASH_OUT,134880.77,132831.56,212026.42,214075.63,0
482.9,CASH_OUT,221664.78,221181.88,241039.89,241522.79,0
5389.54,CASH_IN,70571.79,65182.24999999999,460904.87,466294.41,0
1182.9,PAYMENT,212507.4,211324.5,157838.25,159021.15,0
1738.63,PAYMENT,4545.85,2807.2200000000003,84334.24,86072.87000000001,0
839.15,TRANSFER,272402.34,271563.19,3754.13,4593.28,0
2119.04,TRANSFER,285011.76,282892.72000000003,60804.05,62923.090000000004,0
5317.68,PAYMENT,738.45,0.0,375433.0,380750.68,0
961.71,TRANSFER,137345.52,136383.81,222460.94,223422.65,0
6183.95,PAYMENT,124146.58,117962.63,99362.52,105546.47,1
594.91,CASH_IN,252565.01,251970.1,466513.85,467108.75999999995,0
2354.53,PAYMENT,162216.48,159861.95,393769.16,396123.69,0
1788.47,PAYMENT,183409.64,181621.17,57182.35,58970.82,0
376.69,PAYMENT,60751.8,60375.11,134478.68,134855.37,0
1358.06,PAYMENT,23119.4,21761.34,424720.74,426078.8,0
1104.74,PAYMENT,207699.33,206594.59,346215.83,347320.57,0
467.22,PAYMENT,186202.8,185735.58,472772.61,473239.82999999996,0
1568.7,PAYMENT,249698.62,248129.91999999998,38124.72,39693.42,1
1269.39,PAYMENT,253405.03,252135.63999999998,387705.61,388975.0,0
1019.85,PAYMENT,189310.58,188290.72999999998,38205.71,39225.56,0
1023.95,PAYMENT,161508.41,160484.46,168330.97,169354.92,0
1002.24,PAYMENT,274202.48,273200.24,375334.38,376336.62,1
759.23,PAYMENT,240379.24,239620.00999999998,355504.99,356264.22,0
1261.22,PAYMENT,264727.5,263466.28,1058.91,2320.13,0
575.99,PAYMENT,298752.27,298176.28,100971.47,101547.46,0
15627.84,PAYMENT,121051.74,105423.90000000001,389286.84,404914.68000000005,1
267.91,CASH_OUT,215080.4,214812.49,63073.76,63341.670000000006,0
611.1,CASH_IN,206420.34,205809.24,163189.45,163800.55000000002,0
661.33,CASH_IN,52242.81,51581.479999999996,91944.75,92606.08,0
8437.94,TRANSFER,190964.58,182526.63999999998,55727.27,64165.21,0
292.91,TRANSFER,128426.78,128133.87,418312.87,418605.77999999997,0
1678.95,PAYMENT,135190.68,133511.72999999998,30670.87,32349.82,0
1405.85,CASH_OUT,54041.4,52635.55,268024.97,269430.81999999995,0
1530.89,CASH_OUT,223421.8,221890.90999999997,346335.26,347866.15,0
3775.71,DEBIT,209382.3,205606.59,28795.11,32570.82,0
3699.04,DEBIT,159687.04,155988.0,316713.39,320412.43,0
698.58,TRANSFER,47015.76,46317.18,167032.76,167731.34,0
1331.44,CASH_OUT,167059.44,165728.0,416772.61,418104.05,0
170.02,CASH_OUT,30040.03,29870.01,398829.81,398999.83,0
1210.87,PAYMENT,101811.61,100600.74,396952.52,398163.39,0
495.72,CASH_IN,111707.35,111211.63,199331.74,199827.46,0
910.16,PAYMENT,265027.62,264117.46,411274.09,412184.25,1
203.29,CASH_IN,124668.62,124465.33,314991.0,315194.29,0
1643.97,CASH_OUT,179540.96,177896.99,189341.78,190985.75,0
201.03,PAYMENT,262433.7,262232.67,40334.98,40536.01,0
1271.92,CASH_OUT,127727.83,126455.91,33409.46,34681.38,0
321.66,PAYMENT,265111.06,264789.4,125700.82,126022.48000000001,0
468.89,CASH_OUT,40938.39,40469.5,149792.32,150261.21000000002,0
3479.81,CASH_OUT,109452.95,105973.14,463764.15,467243.96,0
1974.2,TRANSFER,28418.17,26443.969999999998,499969.03,501943.23000000004,0
3460.62,DEBIT,168278.89,164818.27000000002,71836.92,75297.54,0
5217.26,PAYMENT,287184.62,281967.36,471384.12,476601.38,0
506.32,PAYMENT,197085.55,196579.22999999998,353270.01,353776.33,0
4909.72,TRANSFER,187822.69,182912.97,249304.08,254213.8,0
253.28,PAYMENT,83447.59,83194.31,477343.32,477596.60000000003,0
2312.54,TRANSFER,279332.03,277019.49000000005,356846.59,359159.13,0
669.59,PAYMENT,141460.44,140790.85,296827.26,297496.85000000003,0
432.55,PAYMENT,80100.62,79668.06999999999,104763.38,105195.93000000001,0
2027.32,TRANSFER,296309.99,294282.67,122221.98,124249.3,0
2821.3,DEBIT,126937.18,124115.87999999999,455750.87,458572.17,0
2738.78,PAYMENT,111449.69,108710.91,107519.39,110258.17,0
1359.48,DEBIT,10488.38,9128.9,16153.01,17512.49,0
1251.32,TRANSFER,53488.49,52237.17,133113.55,134364.87,0
1857.28,PAYMENT,242757.41,240900.13,240277.86,242135.13999999998,0
1485.88,TRANSFER,144808.53,143322.65,190982.38,192468.26,0
1884.38,TRANSFER,286462.42,284578.04,467901.5,469785.88,0
1344.8,PAYMENT,25165.74,23820.940000000002,209287.02,210631.81999999998,1
2547.29,TRANSFER,184783.03,182235.74,444526.34,447073.63,1
215.46,PAYMENT,215995.24,215779.78,297331.47,297546.93,0
961.72,PAYMENT,186354.94,185393.22,262062.34,263024.06,0
274.83,TRANSFER,158963.27,158688.44,80097.82,80372.65000000001,0
1446.21,TRANSFER,173489.5,172043.29,135515.96,136962.16999999998,0
5664.25,DEBIT,206864.88,201200.63,433583.39,439247.64,0
682.6,PAYMENT,258979.06,258296.46,389978.61,390661.20999999996,0
1245.45,CASH_IN,100903.39,99657.94,223711.68,224957.13,0
2336.68,CASH_OUT,137896.22,135559.54,454511.08,456847.76,0
138.69,CASH_IN,190772.88,190634.19,409589.35,409728.04,0
650.6,DEBIT,94264.79,93614.18999999999,56042.17,56692.77,0
1578.95,PAYMENT,53634.86,52055.91,302965.25,304544.2,0
60.52,TRANSFER,289850.63,289790.11,399421.6,399482.12,0
412.89,PAYMENT,58418.67,58005.78,404172.06,404584.95,0
3297.3,CASH_OUT,69819.93,66522.62999999999,45670.59,48967.89,0
2989.91,TRANSFER,185605.83,182615.91999999998,112305.58,115295.49,0
1594.5,PAYMENT,23210.49,21615.99,206519.66,208114.16,0
2649.69,CASH_IN,10214.3,7564.609999999999,125815.55,128465.24,0
1359.82,PAYMENT,19204.08,17844.260000000002,54469.07,55828.89,0
1911.02,TRANSFER,36979.09,35068.07,314400.21,316311.23000000004,1
799.79,CASH_OUT,128759.06,127959.27,253736.73,254536.52000000002,1
1231.28,PAYMENT,248778.19,247546.91,77494.88,78726.16,0
582.68,TRANSFER,102591.57,102008.89000000001,293191.0,293773.68,0
3879.58,CASH_OUT,128259.42,124379.84,31007.48,34887.06,0
5021.88,PAYMENT,180075.33,175053.44999999998,191520.53,196542.41,1
4358.63,TRANSFER,90643.33,86284.7,396258.98,400617.61,0
729.16,PAYMENT,129761.36,129032.2,445024.82,445753.98,0
422.52,CASH_OUT,115893.51,115470.98999999999,122617.32,123039.84000000001,1
3932.28,PAYMENT,102565.06,98632.78,429754.4,433686.68000000005,0
1889.2,CASH_IN,116517.95,114628.75,445878.89,447768.09,0
1523.22,DEBIT,3335.31,1812.09,303441.15,304964.37,0
581.94,PAYMENT,265878.2,265296.26,491088.95,491670.89,0
1678.51,PAYMENT,293204.04,291525.52999999997,123087.91,124766.42,0
370.45,TRANSFER,258748.86,258378.40999999997,34487.12,34857.57,0
2067.43,CASH_OUT,1722.68,0.0,421721.58,423789.01,0
4354.16,TRANSFER,225265.66,220911.5,245465.33,249819.49,0
5602.93,PAYMENT,171930.05,166327.12,173226.94,178829.87,0
2227.25,PAYMENT,28252.47,26025.22,27616.42,29843.67,0
275.33,CASH_IN,279857.74,279582.41,32312.24,32587.570000000003,0
1335.86,TRANSFER,232865.14,231529.28000000003,45358.23,46694.090000000004,0
9317.8,DEBIT,43588.89,34271.09,91821.26,101139.06,0
460.07,TRANSFER,289212.43,288752.36,485200.46,485660.53,0
1033.62,CASH_IN,37859.63,36826.009999999995,140702.07,141735.69,0
4507.62,PAYMENT,136403.96,131896.34,408523.65,413031.27,0
2032.73,PAYMENT,47692.72,45659.99,9706.89,11739.619999999999,0
13097.23,CASH_IN,45057.24,31960.01,160907.53,174004.76,0
526.96,CASH_IN,290341.72,289814.75999999995,453096.22,453623.18,0
407.58,PAYMENT,171636.83,171229.25,92520.39,92927.97,0
3729.86,PAYMENT,77752.48,74022.62,142011.76,145741.62,0
331.66,TRANSFER,232919.81,232588.15,413257.44,413589.1,0
900.75,TRANSFER,262573.32,261672.57,60695.84,61596.59,0
1026.96,PAYMENT,275281.18,274254.22,26591.6,27618.559999999998,0
3090.19,DEBIT,279895.49,276805.3,482988.38,486078.57,0
2026.91,PAYMENT,271674.55,269647.64,202395.88,204422.79,0
1732.06,CASH_OUT,191679.72,189947.66,328935.63,330667.69,0
733.31,PAYMENT,102739.99,102006.68000000001,63557.96,64291.27,0
3695.99,PAYMENT,277670.3,273974.31,110088.7,113784.69,0
61440.47,CASH_OUT,36748.96,0.0,229990.38,291430.85,0
2189.18,PAYMENT,50639.94,48450.76,337576.61,339765.79,0
1211.57,CASH_OUT,130148.26,128936.68999999999,146623.96,147835.53,0
299.51,PAYMENT,85099.48,84799.97,442316.88,442616.39,0
579.7,CASH_IN,184719.84,184140.13999999998,390572.0,391151.7,0
885.62,CASH_OUT,271590.58,270704.96,275778.95,276664.57,0
642.52,DEBIT,147309.4,146666.88,229605.59,230248.11,0
1079.14,PAYMENT,166161.18,165082.03999999998,309771.27,310850.41000000003,0
6489.99,PAYMENT,126940.12,120450.12999999999,365831.58,372321.57,0
3816.8,PAYMENT,212270.75,208453.95,67475.15,71291.95,1
935.58,TRANSFER,30206.63,29271.05,426320.68,427256.26,0
327.58,PAYMENT,14576.97,14249.39,244701.39,245028.97,0
4177.08,PAYMENT,192401.54,188224.46000000002,467671.99,471849.07,0
1044.14,PAYMENT,160463.56,159419.41999999998,477771.2,478815.34,0
195.1,PAYMENT,122207.41,122012.31,15358.41,15553.51,0
2235.97,PAYMENT,100197.79,97961.81999999999,192240.49,194476.46,0
3058.52,PAYMENT,15542.23,12483.71,263111.71,266170.23000000004,0
96.94,PAYMENT,204166.85,204069.91,269797.74,269894.68,0
480.8,CASH_OUT,126440.26,125959.45999999999,411196.68,411677.48,0
981.96,PAYMENT,133580.41,132598.45,70551.99,71533.95000000001,0
2285.89,PAYMENT,268033.46,265747.57,311241.34,313527.23000000004,0
654.75,TRANSFER,221264.36,220609.61,471298.49,471953.24,0
477.16,CASH_OUT,65832.94,65355.78,498345.6,498822.75999999995,0
2269.17,PAYMENT,197149.95,194880.78,5042.77,7311.9400000000005,0
686.55,TRANSFER,39676.6,38990.049999999996,486283.64,486970.19,0
1885.7,CASH_IN,58219.16,56333.46000000001,61105.01,62990.71,0
360.86,TRANSFER,214244.77,213883.91,268475.27,268836.13,1
283.63,CASH_IN,37767.13,37483.5,123184.9,123468.53,0
2333.84,CASH_OUT,84058.19,81724.35,303195.52,305529.36000000004,0
1411.66,PAYMENT,269418.08,268006.42000000004,18513.3,19924.96,0
2758.54,TRANSFER,221494.64,218736.1,119166.34,121924.87999999999,0
643.81,CASH_OUT,278837.86,278194.05,150287.82,150931.63,0
495.17,CASH_IN,264550.0,264054.83,457803.59,458298.76,0
4275.77,TRANSFER,93773.83,89498.06,291814.77,296090.54000000004,0
239.14,PAYMENT,189713.23,189474.09,354104.86,354344.0,0
3833.22,TRANSFER,113608.7,109775.48,338007.59,341840.81,0
4107.23,PAYMENT,209131.3,205024.06999999998,196144.17,200251.40000000002,0
2591.75,CASH_OUT,104537.11,101945.36,7010.53,9602.279999999999,0
551.25,TRANSFER,395.21,0.0,53510.38,54061.63,0
484.67,CASH_OUT,28181.46,27696.79,229404.24,229888.91,0
888.86,DEBIT,231303.7,230414.84000000003,470647.39,471536.25,0
300.35,CASH_OUT,25201.57,24901.22,124378.9,124679.25,0
419.18,TRANSFER,179826.8,179407.62,349159.36,349578.54,1
2089.61,CASH_OUT,257333.55,255243.94,413297.92,415387.52999999997,0
2099.28,DEBIT,222330.37,220231.09,453392.64,455491.92000000004,0
383.92,DEBIT,124031.64,123647.72,146743.21,147127.13,0
2156.24,PAYMENT,62581.26,60425.020000000004,465641.59,467797.83,0
1727.28,TRANSFER,276761.25,275033.97,303991.13,305718.41000000003,0
4963.6,PAYMENT,169919.9,164956.3,254203.39,259166.99000000002,0
1937.47,DEBIT,121626.02,119688.55,389196.32,391133.79,0
3160.8,CASH_OUT,282617.31,279456.51,119356.31,122517.11,0
1767.07,TRANSFER,64505.32,62738.25,406290.12,408057.19,0
2921.72,PAYMENT,132684.56,129762.84,324981.35,327903.06999999995,0
302.74,PAYMENT,32593.71,32290.969999999998,399683.06,399985.8,0
970.93,CASH_OUT,37464.08,36493.15,427861.1,428832.02999999997,0
1054.71,PAYMENT,119578.88,118524.17,308673.72,309728.43,0
859.41,PAYMENT,209898.11,209038.69999999998,18367.55,19226.96,0
1709.38,DEBIT,101668.18,99958.79999999999,148873.83,150583.21,0
2068.09,CASH_OUT,206879.39,204811.30000000002,439009.87,441077.96,0
1623.37,PAYMENT,241557.14,239933.77000000002,313478.26,315101.63,0
918.79,PAYMENT,263273.37,262354.58,445028.18,445946.97,0
525.46,CASH_IN,13415.85,12890.39,192264.25,192789.71,0
3285.21,CASH_OUT,232119.5,228834.29,252363.73,255648.94,0
1555.78,TRANSFER,44142.64,42586.86,431296.22,432852.0,0
395.99,PAYMENT,209478.69,209082.7,381015.68,381411.67,0
903.53,PAYMENT,111498.74,110595.21,188750.57,189654.1,0
191.85,PAYMENT,212337.99,212146.13999999998,11315.14,11506.99,0
1136.12,CASH_OUT,64147.27,63011.149999999994,440169.78,441305.9,0
899.3,PAYMENT,193497.22,192597.92,393178.42,394077.72,0
617.41,PAYMENT,37654.23,37036.82,224580.42,225197.83000000002,0
5348.65,CASH_OUT,50923.66,45575.01,273120.24,278468.89,0
345.1,CASH_IN,184338.58,183993.47999999998,102156.01,102501.11,0
2222.51,CASH_OUT,101031.45,98808.94,206050.54,208273.05000000002,0
9766.45,TRANSFER,211133.42,201366.97,81597.71,91364.16,0
3220.42,TRANSFER,205547.83,202327.40999999997,105284.79,108505.20999999999,0
1062.59,TRANSFER,186490.2,185427.61000000002,423184.75,424247.34,0
352.81,PAYMENT,219162.16,218809.35,181236.19,181589.0,0
280.88,TRANSFER,238180.57,237899.69,407361.66,407642.54,0
726.65,TRANSFER,273426.98,272700.32999999996,236949.93,237676.58,0
551.7,TRANSFER,24154.75,23603.05,35388.89,35940.59,0
534.03,DEBIT,171464.7,170930.67,180763.59,181297.62,0
791.31,CASH_IN,224633.05,223841.74,79136.73,79928.04,0
990.05,PAYMENT,65082.44,64092.39,346788.21,347778.26,0
1781.5,PAYMENT,79086.34,77304.84,455697.02,457478.52,0
318.05,PAYMENT,80089.3,79771.25,381537.78,381855.83,0
554.33,PAYMENT,171699.89,171145.56000000003,389218.8,389773.13,0
934.8,PAYMENT,109851.17,108916.37,430933.27,431868.07,0
901.91,PAYMENT,199828.42,198926.51,388332.33,389234.24,0
6880.34,CASH_OUT,183071.9,176191.56,284286.63,291166.97000000003,0
1383.33,TRANSFER,197133.55,195750.22,357138.14,358521.47000000003,0
218.42,CASH_IN,75695.29,75476.87,207977.38,208195.80000000002,0
1666.0,PAYMENT,230211.41,228545.41,35393.99,37059.99,0
1892.52,PAYMENT,199210.67,197318.15000000002,352789.9,354682.42000000004,0
967.65,TRANSFER,39194.88,38227.229999999996,360830.48,361798.13,0
325.9,PAYMENT,60051.86,59725.96,111861.3,112187.2,0
6361.72,PAYMENT,90289.54,83927.81999999999,476970.78,483332.5,1
376.2,CASH_IN,280812.45,280436.25,26255.72,26631.920000000002,0
2123.4,PAYMENT,97904.96,95781.56000000001,367979.52,370102.92000000004,0
1339.5,PAYMENT,5963.72,4624.22,484239.19,485578.69,0
1999.82,TRANSFER,42487.72,40487.9,154574.89,156574.71000000002,0
6044.22,TRANSFER,9651.55,3607.329999999999,456232.71,462276.93,0
1922.99,TRANSFER,120851.77,118928.78,413218.13,415141.12,0
627.24,PAYMENT,239146.02,238518.78,372054.73,372681.97,0
3314.27,DEBIT,135130.73,131816.46000000002,476895.78,480210.05000000005,0
583.42,PAYMENT,251698.24,251114.81999999998,327028.54,327611.95999999996,0
1291.5,TRANSFER,14258.8,12967.3,247440.33,248731.83,0
300.94,CASH_OUT,140916.86,140615.91999999998,337840.51,338141.45,1
390.22,DEBIT,236122.61,235732.38999999998,205911.9,206302.12,0
1154.46,PAYMENT,202416.67,201262.21000000002,162443.59,163598.05,0
1584.6,TRANSFER,255847.66,254263.06,41122.81,42707.409999999996,0
199.86,PAYMENT,82150.42,81950.56,189004.29,189204.15,0
1803.14,PAYMENT,150255.24,148452.09999999998,401597.53,403400.67000000004,0
483.27,PAYMENT,203063.57,202580.30000000002,472717.89,473201.16000000003,0
3942.96,CASH_OUT,50546.99,46604.03,487575.86,491518.82,0
771.27,PAYMENT,244742.01,243970.74000000002,103262.94,104034.21,0
356.52,CASH_OUT,93441.02,93084.5,285715.88,286072.4,0
1182.99,PAYMENT,27992.19,26809.199999999997,287874.08,289057.07,0
438.68,DEBIT,229710.39,229271.71000000002,88023.77,88462.45,0
3900.83,DEBIT,211505.39,207604.56000000003,290814.1,294714.93,0
1097.21,PAYMENT,265103.93,264006.72,181381.42,182478.63,0
942.3,PAYMENT,267622.42,266680.12,471203.22,472145.51999999996,0
1981.88,PAYMENT,83557.74,81575.86,127601.1,129582.98000000001,0
401.44,DEBIT,192408.83,192007.38999999998,417480.6,417882.04,0
302.13,PAYMENT,299736.9,299434.77,448427.81,448729.94,0
1649.7,TRANSFER,73141.96,71492.26000000001,367936.13,369585.83,0
365.16,TRANSFER,141863.0,141497.84,107338.64,107703.8,0
365.03,CASH_OUT,273049.91,272684.87999999995,130184.53,130549.56,0
2531.98,TRANSFER,30923.89,28391.91,485558.93,488090.91,0
1853.93,TRANSFER,278474.97,276621.04,37914.53,39768.46,0
312.99,CASH_IN,146446.68,146133.69,58542.95,58855.939999999995,0
590.44,PAYMENT,267912.24,267321.8,489284.87,489875.31,0
444.2,DEBIT,186411.42,185967.22,388447.39,388891.59,0
6478.99,PAYMENT,201430.66,194951.67,373191.93,379670.92,0
2713.54,TRANSFER,231895.73,229182.19,80103.88,82817.42,0
719.93,DEBIT,20140.83,19420.9,244469.42,245189.35,0
1951.19,CASH_OUT,188330.5,186379.31,420381.3,422332.49,0
282.54,CASH_OUT,277181.17,276898.63,164435.35,164717.89,0
559.67,PAYMENT,286837.12,286277.45,96382.57,96942.24,0
1217.88,TRANSFER,290496.43,289278.55,5472.66,6690.54,0
1723.7,PAYMENT,193749.86,192026.15999999997,311271.24,312994.94,0
994.8,TRANSFER,189986.05,188991.25,146905.16,147899.96,0
1405.31,TRANSFER,165739.52,164334.21,431836.21,433241.52,0
1185.99,PAYMENT,182266.01,181080.02000000002,141759.04,142945.03,0
931.15,PAYMENT,183635.38,182704.23,75787.91,76719.06,0
815.54,PAYMENT,12722.48,11906.939999999999,480223.76,481039.3,0
716.04,PAYMENT,26661.39,25945.35,482388.51,483104.55,0
1382.9,PAYMENT,185824.97,184442.07,342511.91,343894.81,0
1653.77,DEBIT,94264.93,92611.15999999999,464192.85,465846.62,0
1337.23,TRANSFER,90427.65,89090.42,80916.79,82254.01999999999,0
337.45,PAYMENT,58032.19,57694.740000000005,230170.43,230507.88,0
403.86,CASH_OUT,240320.99,239917.13,102079.45,102483.31,0
1634.16,DEBIT,289298.55,287664.39,239391.63,241025.79,0
4777.5,PAYMENT,188327.4,183549.9,395589.0,400366.5,1
1277.19,PAYMENT,283625.97,282348.77999999997,422463.92,423741.11,0
726.57,PAYMENT,265165.25,264438.68,2082.2,2808.77,0
1372.43,PAYMENT,65378.09,64005.659999999996,194751.7,196124.13,0
351.84,CASH_OUT,46057.77,45705.93,497034.34,497386.18000000005,0
4060.02,CASH_IN,63476.04,59416.020000000004,294657.48,298717.5,0
1321.59,PAYMENT,28862.82,27541.23,148097.96,149419.55,0
561.46,CASH_OUT,174863.75,174302.29,194497.13,195058.59,0
928.16,PAYMENT,84795.01,83866.84999999999,161281.87,162210.03,0
647.4,TRANSFER,273875.01,273227.61,223799.22,224446.62,0
4071.11,CASH_OUT,184022.33,179951.22,222243.32,226314.43,1
895.84,PAYMENT,107883.17,106987.33,253431.65,254327.49,0
1280.96,PAYMENT,295392.19,294111.23,232253.0,233533.96,0
1946.38,TRANSFER,285958.35,284011.97,258056.84,260003.22,0
522.82,CASH_IN,233584.57,233061.75,13994.48,14517.3,0
1331.03,PAYMENT,237505.1,236174.07,27213.45,28544.48,0
1442.94,PAYMENT,293181.04,291738.1,185571.99,187014.93,0
231.81,PAYMENT,180136.87,179905.06,442470.78,442702.59,0
1411.91,TRANSFER,264005.95,262594.04000000004,395416.15,396828.06,0
1047.58,TRANSFER,19448.32,18400.739999999998,55076.82,56124.4,0
1248.83,CASH_OUT,166218.76,164969.93000000002,247415.48,248664.31,0
1136.41,CASH_OUT,150754.9,149618.49,302293.64,303430.05,1
1421.08,DEBIT,11317.16,9896.08,240594.62,242015.69999999998,0
4176.98,CASH_OUT,26085.6,21908.62,348783.32,352960.3,0
337.14,PAYMENT,6551.68,6214.54,498631.58,498968.72000000003,0
778.87,TRANSFER,88204.5,87425.63,48237.06,49015.93,0
2135.85,PAYMENT,16053.37,13917.52,257767.02,259902.87,0
1773.88,PAYMENT,126947.91,125174.03,256185.73,257959.61000000002,0
1736.12,CASH_IN,243823.92,242087.80000000002,281189.4,282925.52,0
17215.7,CASH_OUT,184148.94,166933.24,83483.73,100699.43,0
2026.64,CASH_IN,202136.97,200110.33,319178.9,321205.54000000004,0
3397.98,TRANSFER,9452.01,6054.030000000001,22170.46,25568.44,0
806.68,TRANSFER,251857.91,251051.23,370561.74,371368.42,0
406.3,TRANSFER,43857.11,43450.81,331579.76,331986.06,0
800.86,PAYMENT,90795.26,89994.4,165211.83,166012.68999999997,1
2234.92,PAYMENT,155038.17,152803.25,494494.68,496729.6,0
1647.19,TRANSFER,278998.03,277350.84,414389.19,416036.38,0
1641.31,PAYMENT,299444.75,297803.44,269767.82,271409.13,0
885.06,CASH_IN,234798.21,233913.15,495255.2,496140.26,0
754.61,PAYMENT,218794.27,218039.66,415045.32,415799.93,0
916.12,PAYMENT,158304.7,157388.58000000002,68988.64,69904.76,0
2263.07,CASH_OUT,199688.2,197425.13,295530.3,297793.37,0
2542.05,PAYMENT,43327.25,40785.2,290428.82,292970.87,0
400.92,CASH_IN,80758.84,80357.92,326472.59,326873.51,0
2350.4,CASH_OUT,295392.86,293042.45999999996,470378.3,472728.7,1
572.08,PAYMENT,293884.51,293312.43,246015.96,246588.03999999998,0
1752.72,CASH_OUT,96891.72,95139.0,38690.73,40443.450000000004,0
905.09,CASH_OUT,72314.57,71409.48000000001,239665.68,240570.77,0
5248.98,CASH_OUT,68855.42,63606.44,393897.19,399146.17,0
721.93,DEBIT,145459.32,144737.39,179304.39,180026.32,0
1311.09,CASH_OUT,67129.97,65818.88,13552.45,14863.54,0
2011.41,TRANSFER,194548.99,192537.58,151621.61,153633.02,0
457.62,PAYMENT,22445.94,21988.32,341074.97,341532.58999999997,0
1019.58,CASH_OUT,31103.17,30083.589999999997,43004.71,44024.29,0
840.01,CASH_IN,83080.28,82240.27,187982.4,188822.41,0
656.02,TRANSFER,233232.97,232576.95,66565.42,67221.44,0
706.47,CASH_OUT,96986.86,96280.39,237964.3,238670.77,1
3334.29,TRANSFER,141245.03,137910.74,70756.75,74091.04,0
602.72,CASH_OUT,196986.61,196383.88999999998,54518.49,55121.21,0
1932.19,CASH_IN,236561.98,234629.79,348899.4,350831.59,0
1502.06,PAYMENT,92132.71,90630.65000000001,79000.79,80502.84999999999,0
271.24,PAYMENT,219290.82,219019.58000000002,77397.9,77669.14,0
1843.04,TRANSFER,85820.22,83977.18000000001,296259.59,298102.63,0
266.8,TRANSFER,193339.86,193073.06,21796.91,22063.71,0
2055.12,TRANSFER,135264.04,133208.92,16496.31,18551.43,0
660.38,PAYMENT,277988.35,277327.97,215723.13,216383.51,0
1105.85,TRANSFER,294628.02,293522.17000000004,182547.74,183653.59,0
300.58,TRANSFER,232236.93,231936.35,272309.7,272610.28,0
1239.4,TRANSFER,274639.3,273399.89999999997,496742.31,497981.71,0
2770.96,CASH_OUT,40951.27,38180.31,217353.25,220124.21,0
489.33,CASH_OUT,196339.19,195849.86000000002,288029.19,288518.52,0
597.55,CASH_OUT,59510.38,58912.829999999994,459621.81,460219.36,0
1727.83,CASH_OUT,83090.55,81362.72,241589.55,243317.37999999998,0
1771.56,CASH_OUT,156846.97,155075.41,390560.26,392331.82,0
96.14,TRANSFER,222596.18,222500.03999999998,274326.27,274422.41000000003,0
8228.89,TRANSFER,216448.22,208219.33000000002,318603.62,326832.51,0
1860.41,PAYMENT,260837.8,258977.38999999998,466251.22,468111.62999999995,0
2201.55,PAYMENT,167782.46,165580.91,351.88,2553.4300000000003,0
950.0,TRANSFER,277902.8,276952.8,450469.94,451419.94,0
171.51,DEBIT,266366.58,266195.07,248846.01,249017.52000000002,0
2153.23,CASH_OUT,254717.25,252564.02,303382.18,305535.41,0
623.17,PAYMENT,68856.03,68232.86,225028.99,225652.16,0
1889.24,TRANSFER,159434.4,157545.16,130459.31,132348.55,0
881.12,PAYMENT,220870.98,219989.86000000002,33003.6,33884.72,0
1391.36,CASH_OUT,292830.75,291439.39,472562.85,473954.20999999996,0
505.22,DEBIT,3494.18,2988.96,311938.1,312443.31999999995,0
2602.92,TRANSFER,98134.36,95531.44,436735.37,439338.29,0
334.16,TRANSFER,102705.08,102370.92,145404.14,145738.30000000002,0
10358.57,PAYMENT,86560.37,76201.79999999999,138999.47,149358.04,0
10279.93,TRANSFER,245227.29,234947.36000000002,167892.22,178172.15,0
5612.21,DEBIT,13521.43,7909.22,115519.11,121131.32,0
3926.4,CASH_OUT,107830.43,103904.03,248985.36,252911.75999999998,0
1007.73,TRANSFER,213505.38,212497.65,468120.77,469128.5,0
3521.16,PAYMENT,122021.92,118500.76,438031.34,441552.5,0
996.08,PAYMENT,43219.08,42223.0,247550.23,248546.31,0
231.94,PAYMENT,183255.74,183023.8,174381.23,174613.17,0
4930.53,PAYMENT,156783.07,151852.54,305843.9,310774.43000000005,0
3390.81,PAYMENT,294551.65,291160.84,306129.07,309519.88,0
1062.8,CASH_IN,224557.87,223495.07,341882.04,342944.83999999997,0
322.09,TRANSFER,295852.8,295530.70999999996,267800.01,268122.10000000003,1
610.21,PAYMENT,55905.79,55295.58,13377.63,13987.84,0
177.48,PAYMENT,228478.5,228301.02,38023.26,38200.740000000005,0
2821.66,PAYMENT,165491.47,162669.81,486887.49,489709.14999999997,0
220.68,CASH_OUT,213752.85,213532.17,373117.65,373338.33,0
1460.93,PAYMENT,140265.44,138804.51,474123.45,475584.38,0
471.68,CASH_OUT,63717.25,63245.57,169762.8,170234.47999999998,0
263.3,CASH_OUT,13721.0,13457.7,267474.71,267738.01,0
1391.8,PAYMENT,251486.48,250094.68000000002,160975.96,162367.75999999998,0
785.41,TRANSFER,244442.5,243657.09,454467.52,455252.93,0
2535.61,CASH_IN,48761.92,46226.31,143866.69,146402.3,0
308.71,TRANSFER,193554.27,193245.56,346905.65,347214.36000000004,0
514.24,PAYMENT,221320.11,220805.87,87527.79,88042.03,0
100.72,CASH_IN,167287.5,167186.78,52625.73,52726.450000000004,0
123.43,DEBIT,95168.67,95045.24,77817.28,77940.70999999999,0
6622.26,TRANSFER,264283.77,257661.51,264727.63,271349.89,0
8809.61,TRANSFER,192732.19,183922.58000000002,422270.52,431080.13,0
1203.18,PAYMENT,216065.25,214862.07,499639.86,500843.04,0
481.15,CASH_OUT,195634.36,195153.21,311341.52,311822.67000000004,0
813.67,TRANSFER,216386.6,215572.93,266801.77,267615.44,0
2626.94,PAYMENT,43520.14,40893.2,393441.3,396068.24,0
655.64,CASH_OUT,276778.32,276122.68,31872.1,32527.739999999998,0
1390.8,CASH_IN,85743.24,84352.44,404698.62,406089.42,0
1082.73,DEBIT,250965.37,249882.63999999998,379189.77,380272.5,0
620.91,PAYMENT,268015.26,267394.35000000003,264770.76,265391.67,0
647.95,PAYMENT,195367.08,194719.12999999998,11493.49,12141.44,0
1470.45,CASH_IN,179490.23,178019.78,101098.49,102568.94,0
412.86,CASH_IN,32714.46,32301.6,184856.3,185269.15999999997,0
1722.84,TRANSFER,130866.37,129143.53,470611.11,472333.95,0
684.32,CASH_OUT,183493.32,182809.0,319244.41,319928.73,0
1245.59,TRANSFER,24560.78,23315.19,255046.31,256291.9,1
4376.32,TRANSFER,33438.6,29062.28,244213.21,248589.53,0
926.87,PAYMENT,298044.38,297117.51,389987.87,390914.74,0
2751.23,PAYMENT,99670.25,96919.02,161815.12,164566.35,0
182.72,PAYMENT,104919.75,104737.03,47262.4,47445.12,0
685.15,DEBIT,75458.75,74773.6,338521.65,339206.80000000005,0
1127.42,PAYMENT,193805.93,192678.50999999998,164508.0,165635.42,0
7505.04,PAYMENT,141922.77,134417.72999999998,162796.42,170301.46000000002,0
154.48,TRANSFER,237129.29,236974.81,227357.62,227512.1,0
996.04,PAYMENT,153748.45,152752.41,121367.01,122363.04999999999,0
4706.45,PAYMENT,4624.79,0.0,460851.26,465557.71,0
500.19,TRANSFER,144806.22,144306.03,423485.21,423985.4,0
886.39,PAYMENT,16556.19,15669.8,495544.17,496430.56,0
1528.04,CASH_OUT,248035.91,246507.87,482274.4,483802.44,0
1318.84,CASH_IN,34097.43,32778.590000000004,157227.67,158546.51,0
5248.88,PAYMENT,65086.2,59837.32,190298.98,195547.86000000002,0
1717.24,CASH_IN,137989.57,136272.33000000002,349129.0,350846.24,0
4137.19,CASH_IN,58555.22,54418.03,7922.95,12060.14,0
765.09,DEBIT,161765.99,161000.9,496944.44,497709.53,0
522.94,CASH_OUT,138209.53,137686.59,5421.54,5944.48,0
875.05,CASH_OUT,285756.78,284881.73000000004,265742.96,266618.01,0
344.09,CASH_OUT,26512.07,26167.98,334350.16,334694.25,0
1778.48,CASH_OUT,173019.61,171241.12999999998,457073.15,458851.63,0
745.55,PAYMENT,216119.88,215374.33000000002,322068.16,322813.70999999996,0
560.15,CASH_IN,38288.1,37727.95,298484.4,299044.55000000005,0
1805.62,TRANSFER,190938.64,189133.02000000002,150179.65,151985.27,0
349.42,CASH_OUT,259271.72,258922.3,295460.7,295810.12,0
2369.66,PAYMENT,236266.69,233897.03,374850.76,377220.42,0
679.71,PAYMENT,280551.21,279871.5,257795.84,258475.55,1
3495.03,TRANSFER,216175.71,212680.68,389817.65,393312.68000000005,0
740.45,TRANSFER,118196.05,117455.6,34806.52,35546.969999999994,0
2062.99,TRANSFER,276135.42,274072.43,167688.73,169751.72,0
1312.33,PAYMENT,67607.03,66294.7,479906.97,481219.3,1
2307.46,PAYMENT,175110.68,172803.22,161722.21,164029.66999999998,0
1224.08,TRANSFER,229697.38,228473.30000000002,310927.65,312151.73000000004,0
207.81,PAYMENT,261684.35,261476.54,259942.38,260150.19,0
3007.29,CASH_IN,274962.64,271955.35000000003,468312.01,471319.3,0
1004.57,PAYMENT,25492.69,24488.12,81385.94,82390.51000000001,0
2415.15,PAYMENT,217817.75,215402.6,149694.05,152109.19999999998,0
2186.91,PAYMENT,61231.29,59044.380000000005,431188.65,433375.56,0
506.08,TRANSFER,233735.83,233229.75,333101.27,333607.35000000003,0
439.31,TRANSFER,210206.92,209767.61000000002,271524.68,271963.99,0
2111.92,CASH_OUT,54405.71,52293.79,197450.2,199562.12000000002,0
809.77,CASH_IN,249849.05,249039.28,205657.72,206467.49,0
2797.35,PAYMENT,138536.64,135739.29,467461.34,470258.69,0
917.63,CASH_OUT,163156.85,162239.22,335537.8,336455.43,0
3051.56,PAYMENT,291421.13,288369.57,464549.19,467600.75,0
1674.56,PAYMENT,196987.68,195313.12,486093.05,487767.61,0
1462.61,TRANSFER,176568.94,175106.33000000002,273504.0,274966.61,0
754.45,PAYMENT,5028.83,4274.38,304944.47,305698.92,0
1383.58,TRANSFER,59764.45,58380.869999999995,328182.46,329566.04000000004,0
3615.02,CASH_OUT,7969.63,4354.610000000001,419584.5,423199.52,0
1038.76,CASH_OUT,99993.73,98954.97,329535.86,330574.62,0
1865.29,TRANSFER,103352.51,101487.22,57323.71,59189.0,1
1148.67,TRANSFER,159099.02,157950.34999999998,471215.05,472363.72,1
1242.16,PAYMENT,206930.53,205688.37,330467.18,331709.33999999997,0
6145.1,PAYMENT,53803.55,47658.450000000004,434958.64,441103.74,0
3647.25,PAYMENT,180496.33,176849.08,212368.87,216016.12,0
1187.26,CASH_OUT,275092.88,273905.62,237358.18,238545.44,0
1358.93,CASH_IN,55502.36,54143.43,344428.18,345787.11,0
543.55,PAYMENT,197726.41,197182.86000000002,388201.99,388745.54,0
922.45,TRANSFER,13676.74,12754.289999999999,39229.35,40151.799999999996,0
1494.28,CASH_OUT,159344.29,157850.01,203671.42,205165.7,0
2567.31,DEBIT,222461.78,219894.47,384928.19,387495.5,0
2319.76,TRANSFER,10212.53,7892.77,496117.97,498437.73,0
361.67,TRANSFER,100099.62,99737.95,5821.23,6182.9,0
2913.13,CASH_OUT,263387.1,260473.96999999997,132404.11,135317.24,0
1003.48,DEBIT,67643.94,66640.46,232424.29,233427.77000000002,0
408.71,PAYMENT,216862.37,216453.66,111470.85,111879.56000000001,0
4172.98,CASH_IN,183671.48,179498.5,13461.1,17634.08,0
4737.57,PAYMENT,49106.3,44368.73,269771.51,274509.08,0
1427.6,DEBIT,222512.25,221084.65,324699.3,326126.89999999997,0
2227.85,PAYMENT,159624.3,157396.44999999998,208031.03,210258.88,0
2362.44,PAYMENT,33607.74,31245.3,184939.04,187301.48,0
4428.3,PAYMENT,284811.42,280383.12,492805.28,497233.58,0
2271.21,TRANSFER,147588.61,145317.4,238764.26,241035.47,0
290.71,PAYMENT,223524.25,223233.54,399034.73,399325.44,0
8182.95,PAYMENT,65310.08,57127.130000000005,143587.09,151770.04,0
3183.25,TRANSFER,41154.96,37971.71,415094.13,418277.38,0
658.84,TRANSFER,222392.03,221733.19,411849.84,412508.68000000005,0
391.65,CASH_OUT,202147.25,201755.6,133851.06,134242.71,0
1816.77,DEBIT,82232.31,80415.54,327927.48,329744.25,0
830.26,CASH_OUT,223885.03,223054.77,341007.49,341837.75,0
1525.37,PAYMENT,151497.68,149972.31,221307.76,222833.13,0
2306.32,PAYMENT,104579.18,102272.85999999999,386890.03,389196.35000000003,0
622.38,CASH_IN,236067.55,235445.16999999998,153442.63,154065.01,0
359.2,PAYMENT,185034.82,184675.62,242135.92,242495.12000000002,0
1612.95,TRANSFER,152180.51,150567.56,495075.85,496688.8,0
643.3,CASH_IN,231932.13,231288.83000000002,89337.84,89981.14,0
1269.14,CASH_IN,163448.51,162179.37,73891.36,75160.5,0
286.2,TRANSFER,281560.33,281274.13,71099.34,71385.54,1
852.2,CASH_OUT,245416.71,244564.50999999998,499054.64,499906.84,0
2241.62,TRANSFER,107456.27,105214.65000000001,79956.64,82198.26,0
2010.09,CASH_OUT,139475.78,137465.69,95119.62,97129.70999999999,0
498.52,PAYMENT,287199.92,286701.39999999997,347393.29,347891.81,0
340.95,PAYMENT,268561.32,268220.37,379748.31,380089.26,0
1114.06,TRANSFER,57355.66,56241.600000000006,263530.65,264644.71,0
1921.83,PAYMENT,82291.15,80369.31999999999,491334.56,493256.39,0
1644.47,CASH_OUT,109326.16,107681.69,19454.44,21098.91,0
657.1,PAYMENT,263954.71,263297.61000000004,310410.43,311067.52999999997,0
1477.08,DEBIT,278225.19,276748.11,303234.66,304711.74,0
4926.36,CASH_OUT,240702.07,235775.71000000002,160622.39,165548.75,0
1346.34,TRANSFER,82712.53,81366.19,449720.24,451066.58,0
214.19,CASH_OUT,266119.44,265905.25,276440.85,276655.04,0
1343.72,PAYMENT,9864.34,8520.62,123170.13,124513.85,0
8467.22,TRANSFER,126841.04,118373.81999999999,44179.26,52646.48,0
302.66,PAYMENT,113288.59,112985.93,53559.45,53862.11,0
1129.72,DEBIT,160571.88,159442.16,448664.62,449794.33999999997,0
874.51,DEBIT,168192.17,167317.66,125154.38,126028.89,0
1206.99,CASH_IN,67621.35,66414.36,453502.65,454709.64,0
1331.75,DEBIT,61366.71,60034.96,60058.95,61390.7,0
3428.82,CASH_IN,241069.98,237641.16,491967.63,495396.45,0
1193.66,PAYMENT,22859.04,21665.38,416674.54,417868.19999999995,0
3933.4,CASH_IN,147985.81,144052.41,58114.37,62047.770000000004,0
974.91,TRANSFER,57493.92,56519.009999999995,43028.25,44003.16,0
772.68,TRANSFER,95870.17,95097.49,401718.59,402491.27,0
561.62,TRANSFER,83188.33,82626.71,39033.13,39594.75,0
178.2,PAYMENT,212556.67,212378.47,131090.49,131268.69,0
1444.88,PAYMENT,136806.18,135361.3,400624.9,402069.78,0
8552.68,PAYMENT,89832.55,81279.87,453790.01,462342.69,0
1734.09,PAYMENT,249405.6,247671.51,383826.03,385560.12000000005,0
2179.27,TRANSFER,25738.54,23559.27,444946.41,447125.68,0
725.58,DEBIT,229908.19,229182.61000000002,279944.16,280669.74,0
858.91,CASH_OUT,74493.83,73634.92,389805.58,390664.49,0
2935.52,TRANSFER,275405.77,272470.25,172093.16,175028.68,0
8173.84,TRANSFER,1667.73,0.0,392607.03,400780.87000000005,1
4855.89,TRANSFER,166999.0,162143.11,339870.45,344726.34,0
2453.44,PAYMENT,186679.5,184226.06,287415.03,289868.47000000003,0
1135.87,DEBIT,173190.1,172054.23,496150.66,497286.52999999997,0
1352.51,PAYMENT,244504.59,243152.08,234889.76,236242.27000000002,0
516.2,CASH_OUT,33649.2,33133.0,309623.62,310139.82,0
257.71,CASH_OUT,124666.8,124409.09,254952.84,255210.55,0
355.38,TRANSFER,259121.03,258765.65,130255.67,130611.05,1
1152.63,DEBIT,266620.59,265467.96,165182.74,166335.37,0
818.94,PAYMENT,149503.32,148684.38,489392.88,490211.82,0
252.28,DEBIT,167390.07,167137.79,196055.23,196307.51,0
1056.46,CASH_OUT,229172.53,228116.07,339703.13,340759.59,0
797.57,CASH_OUT,233883.12,233085.55,283548.63,284346.2,0
339.39,CASH_OUT,266424.39,266085.0,444902.64,445242.03,0
757.35,DEBIT,253157.22,252399.87,378845.04,379602.38999999996,0
795.56,CASH_IN,124326.99,123531.43000000001,40325.7,41121.259999999995,0
591.91,TRANSFER,194926.0,194334.09,177720.94,178312.85,1
2770.19,CASH_OUT,144970.58,142200.38999999998,355956.77,358726.96,0
163.55,CASH_OUT,35388.44,35224.89,80678.4,80841.95,0
150.54,TRANSFER,246504.28,246353.74,251719.59,251870.13,0
1100.24,CASH_IN,180529.06,179428.82,158884.52,159984.75999999998,0
1207.28,PAYMENT,17401.56,16194.28,32377.11,33584.39,0
1642.89,TRANSFER,203060.48,201417.59,498573.04,500215.93,0
639.72,PAYMENT,84930.31,84290.59,464682.3,465322.01999999996,0
437.94,PAYMENT,20779.56,20341.620000000003,373763.08,374201.02,0
1088.64,DEBIT,181976.67,180888.03,100512.92,101601.56,0
705.16,PAYMENT,219662.6,218957.44,494263.1,494968.25999999995,0
5172.29,PAYMENT,155185.29,150013.0,315396.14,320568.43,0
792.96,PAYMENT,1694.48,901.52,483037.72,483830.68,0
1039.83,TRANSFER,173064.82,172024.99000000002,21289.45,22329.28,0
13035.32,CASH_OUT,1982.72,0.0,86735.36,99770.68,0
902.56,DEBIT,277922.49,277019.93,338623.44,339526.0,0
1912.48,PAYMENT,80191.55,78279.07,453589.86,455502.33999999997,0
2092.91,TRANSFER,261301.98,259209.07,87891.11,89984.02,0
2278.79,TRANSFER,3632.79,1354.0,158549.12,160827.91,0
1464.82,TRANSFER,29164.95,27700.13,294088.67,295553.49,0
1331.21,TRANSFER,135422.49,134091.28,499830.51,501161.72000000003,0
1212.37,PAYMENT,227582.21,226369.84,399832.54,401044.91,0
616.47,TRANSFER,282768.51,282152.04000000004,461781.39,462397.86,0
1518.56,TRANSFER,156328.44,154809.88,337506.27,339024.83,1
8338.56,TRANSFER,106638.21,98299.65000000001,438685.64,447024.2,0
3680.05,TRANSFER,13366.36,9686.310000000001,253522.52,257202.56999999998,0
1486.11,CASH_OUT,175112.84,173626.73,62079.32,63565.43,0
2580.74,CASH_OUT,114013.13,111432.39,354778.71,357359.45,0
459.81,PAYMENT,272740.05,272280.24,300737.46,301197.27,0
845.13,CASH_OUT,144017.77,143172.63999999998,242675.03,243520.16,0
2829.48,DEBIT,229634.09,226804.61,137495.46,140324.94,0
4852.1,PAYMENT,254463.16,249611.06,392101.51,396953.61,0
507.32,TRANSFER,29483.28,28975.96,410205.04,410712.36,0
676.15,PAYMENT,132253.89,131577.74000000002,182092.81,182768.96,0
9714.51,CASH_OUT,268115.23,258400.71999999997,463883.28,473597.79000000004,0
1207.44,PAYMENT,127336.59,126129.15,184870.85,186078.29,0
6791.06,CASH_OUT,169546.28,162755.22,53781.25,60572.31,0
1348.65,PAYMENT,261931.18,260582.53,83264.18,84612.82999999999,0
1402.74,TRANSFER,69778.08,68375.34,247257.74,248660.47999999998,0
807.96,CASH_IN,268374.5,267566.54,39931.5,40739.46,0
2814.54,PAYMENT,119108.53,116293.99,359206.27,362020.81,0
4263.21,DEBIT,177910.0,173646.79,397547.93,401811.14,0
389.55,CASH_IN,98411.84,98022.29,274734.17,275123.72,0
770.89,DEBIT,158135.72,157364.83,446674.23,447445.12,0
2738.26,PAYMENT,14785.74,12047.48,477143.23,479881.49,0
963.38,CASH_OUT,19577.99,18614.61,223790.54,224753.92,0
669.56,PAYMENT,124416.83,123747.27,44563.58,45233.14,0
3009.54,PAYMENT,100485.58,97476.04000000001,115632.05,118641.59,0
3305.86,DEBIT,184737.54,181431.68000000002,328808.02,332113.88,0
699.49,CASH_OUT,11373.05,10673.56,202892.19,203591.68,0
1356.1,TRANSFER,50300.6,48944.5,342504.7,343860.8,0
327.51,PAYMENT,62877.57,62550.06,333367.59,333695.10000000003,0
447.88,CASH_OUT,132147.53,131699.65,302684.07,303131.95,0
1241.61,CASH_OUT,74050.43,72808.81999999999,78916.28,80157.89,0
1131.62,TRANSFER,41298.81,40167.189999999995,142957.65,144089.27,0
417.02,DEBIT,179272.1,178855.08000000002,188930.81,189347.83,0
535.94,PAYMENT,223161.59,222625.65,412208.99,412744.93,0
378.02,PAYMENT,205580.42,205202.40000000002,341111.42,341489.44,0
1728.59,CASH_OUT,82854.03,81125.44,322467.13,324195.72000000003,0
153.29,CASH_IN,256333.45,256180.16,336068.67,336221.95999999996,0
398.79,PAYMENT,183546.65,183147.86,251601.04,251999.83000000002,0
170.21,PAYMENT,184400.01,184229.80000000002,19815.86,19986.07,0
1667.4,PAYMENT,63854.54,62187.14,100560.34,102227.73999999999,0
180.78,DEBIT,72663.87,72483.09,70151.08,70331.86,0
1131.99,PAYMENT,142425.07,141293.08000000002,31998.33,33130.32,0
5650.64,TRANSFER,71346.31,65695.67,159738.32,165388.96000000002,0
5845.54,CASH_IN,206423.32,200577.78,393865.1,399710.63999999996,0
180.2,PAYMENT,92566.35,92386.15000000001,57565.9,57746.1,0
1477.95,TRANSFER,45574.85,44096.9,55711.26,57189.21,1
407.9,TRANSFER,45484.16,45076.26,62132.01,62539.91,0
332.57,CASH_OUT,38168.33,37835.76,134910.85,135243.42,0
979.0,PAYMENT,131925.02,130946.01999999999,101103.57,102082.57,0
3745.43,TRANSFER,912.01,0.0,6980.56,10725.99,0
1997.51,PAYMENT,162711.69,160714.18,138251.16,140248.67,0
536.39,CASH_OUT,89490.88,88954.49,498147.23,498683.62,1
2219.49,CASH_OUT,165743.65,163524.16,168243.22,170462.71,1
116.31,PAYMENT,280627.62,280511.31,105629.52,105745.83,0
516.49,PAYMENT,260714.28,260197.79,247856.96,248373.44999999998,0
481.12,DEBIT,172928.95,172447.83000000002,114684.23,115165.34999999999,0
1185.98,PAYMENT,125421.09,124235.11,279822.6,281008.57999999996,0
895.31,PAYMENT,209508.8,208613.49,200327.92,201223.23,1
951.97,TRANSFER,276941.8,275989.83,448420.66,449372.62999999995,0
920.83,PAYMENT,146864.12,145943.29,463959.63,464880.46,0
1121.48,PAYMENT,29792.32,28670.84,356530.63,357652.11,0
1882.08,TRANSFER,229826.46,227944.38,107847.12,109729.2,0
1273.25,PAYMENT,3143.75,1870.5,236949.27,238222.52,0
825.22,TRANSFER,229391.54,228566.32,152711.58,153536.8,0
1638.85,CASH_OUT,25474.98,23836.13,399138.73,400777.57999999996,0
2505.2,TRANSFER,31984.97,29479.77,14587.05,17092.25,0
628.9,PAYMENT,234512.06,233883.16,331245.85,331874.75,0
1033.39,DEBIT,206856.51,205823.12,161613.41,162646.80000000002,0
3504.86,PAYMENT,168570.94,165066.08000000002,240502.29,244007.15,0
364.03,CASH_OUT,246175.56,245811.53,161497.49,161861.52,0
6665.51,PAYMENT,255410.55,248745.03999999998,182395.01,189060.52000000002,1
287.39,CASH_OUT,137253.68,136966.28999999998,337181.32,337468.71,1
776.37,PAYMENT,298889.61,298113.24,297747.17,298523.54,0
424.03,PAYMENT,107273.98,106849.95,122044.62,122468.65,1
9778.36,TRANSFER,51452.33,41673.97,21818.81,31597.170000000002,0
662.92,PAYMENT,253792.93,253130.00999999998,428010.9,428673.82,0
664.58,PAYMENT,124671.08,124006.5,246153.34,246817.91999999998,0
756.92,CASH_OUT,262349.9,261592.98,309365.11,310122.02999999997,0
1206.65,DEBIT,18349.9,17143.25,244249.64,245456.29,1
789.63,PAYMENT,33315.63,32525.999999999996,309470.1,310259.73,0
960.17,DEBIT,12081.8,11121.63,313486.24,314446.41,0
32.16,CASH_OUT,180603.29,180571.13,7520.27,7552.43,0
1161.14,DEBIT,249559.25,248398.11,266629.56,267790.7,0
1116.34,CASH_OUT,120798.24,119681.90000000001,251053.98,252170.32,0
3098.18,CASH_OUT,27208.63,24110.45,47908.76,51006.94,0
4060.5,TRANSFER,112040.65,107980.15,372940.93,377001.43,0
908.95,CASH_OUT,104413.84,103504.89,117929.68,118838.62999999999,0
2480.53,CASH_IN,193041.58,190561.05,27262.67,29743.199999999997,0
364.47,PAYMENT,195645.49,195281.02,401579.49,401943.95999999996,0
2362.19,PAYMENT,30907.12,28544.93,432565.88,434928.07,0
618.64,PAYMENT,126053.03,125434.39,120347.38,120966.02,0
335.39,CASH_IN,192754.36,192418.96999999997,343772.76,344108.15,0
910.88,TRANSFER,77658.36,76747.48,2475.34,3386.2200000000003,0
4449.17,CASH_OUT,122124.09,117674.92,360574.98,365024.14999999997,0
1314.23,DEBIT,184108.48,182794.25,232410.22,233724.45,1
4897.54,CASH_IN,120861.21,115963.67000000001,396241.55,401139.08999999997,0
518.67,PAYMENT,9258.29,8739.62,196516.99,197035.66,0
3127.07,CASH_OUT,66784.8,63657.73,175537.86,178664.93,0
571.26,DEBIT,232824.27,232253.00999999998,420392.44,420963.7,0
1373.79,PAYMENT,74551.22,73177.43000000001,19323.35,20697.14,0
1361.96,CASH_OUT,245313.43,243951.47,93582.49,94944.45000000001,0
2124.92,PAYMENT,140072.35,137947.43,206064.43,208189.35,0
1409.15,CASH_OUT,141876.34,140467.19,298169.08,299578.23000000004,0
523.65,TRANSFER,231154.86,230631.21,2556.26,3079.9100000000003,1
2644.68,PAYMENT,114988.05,112343.37000000001,287573.85,290218.52999999997,0
6195.98,PAYMENT,71544.18,65348.2,189246.27,195442.25,0
611.67,PAYMENT,31509.71,30898.04,315001.02,315612.69,0
175.0,PAYMENT,201572.96,201397.96,453486.92,453661.92,1
1806.81,CASH_OUT,140982.76,139175.95,220436.01,222242.82,0
787.47,PAYMENT,242822.06,242034.59,277289.32,278076.79,0
961.89,PAYMENT,137302.41,136340.52,231394.96,232356.85,0
1912.52,CASH_OUT,124443.2,122530.68,59261.0,61173.52,0
694.79,CASH_OUT,89655.63,88960.84000000001,396556.49,397251.27999999997,0
838.11,TRANSFER,59828.36,58990.25,442597.86,443435.97,0
992.16,CASH_IN,249131.08,248138.91999999998,405733.29,406725.44999999995,0
4768.34,PAYMENT,28563.41,23795.07,473798.29,478566.63,0
1130.11,DEBIT,270638.32,269508.21,234014.26,235144.37,0
318.72,PAYMENT,8072.75,7754.03,326160.88,326479.6,0
331.66,CASH_OUT,156675.7,156344.04,84170.8,84502.46,0
1260.46,CASH_IN,17498.57,16238.11,488404.06,489664.52,0
354.45,DEBIT,233882.14,233527.69,290277.02,290631.47000000003,0
229.91,TRANSFER,63448.96,63219.049999999996,130831.55,131061.46,0
2070.48,CASH_OUT,169776.77,167706.28999999998,402687.14,404757.62,0
2174.38,PAYMENT,274933.83,272759.45,293245.56,295419.94,0
758.9,CASH_OUT,194777.68,194018.78,474837.49,475596.39,0
1470.94,CASH_OUT,53495.99,52025.049999999996,384988.69,386459.63,1
1323.61,CASH_IN,239003.33,237679.72,438632.41,439956.01999999996,1
2003.04,TRANSFER,132443.88,130440.84000000001,273325.0,275328.04,0
2007.71,PAYMENT,3953.02,1945.31,258654.21,260661.91999999998,0
80.98,TRANSFER,146029.49,145948.50999999998,378663.24,378744.22,0
862.21,PAYMENT,243745.4,242883.19,52506.99,53369.2,0
1840.71,PAYMENT,128987.29,127146.57999999999,27015.8,28856.51,1
727.45,PAYMENT,227528.42,226800.97,491851.12,492578.57,0
1137.06,CASH_OUT,211657.77,210520.71,458147.76,459284.82,1
2323.2,PAYMENT,137073.7,134750.5,477830.47,480153.67,0
1189.07,PAYMENT,96984.78,95795.70999999999,31182.03,32371.1,0
4953.85,PAYMENT,217962.0,213008.15,134650.71,139604.56,0
3384.58,DEBIT,110675.53,107290.95,450771.19,454155.77,0
974.02,CASH_OUT,51026.13,50052.11,44739.79,45713.81,0
899.6,PAYMENT,96258.92,95359.31999999999,225717.26,226616.86000000002,0
63.41,PAYMENT,263051.76,262988.35000000003,170645.68,170709.09,1
791.16,TRANSFER,85016.73,84225.56999999999,439925.24,440716.39999999997,0
283.36,PAYMENT,70488.16,70204.8,259038.07,259321.43,0
1368.17,TRANSFER,40026.02,38657.85,145187.09,146555.26,1
1277.77,TRANSFER,16553.35,15275.579999999998,262150.59,263428.36000000004,0
2199.21,CASH_IN,293007.71,290808.5,56223.1,58422.31,0
4432.28,PAYMENT,161033.05,156600.77,365601.37,370033.65,0
1068.2,CASH_OUT,218893.34,217825.13999999998,309168.78,310236.98000000004,0
10725.9,PAYMENT,231892.03,221166.13,300354.39,311080.29000000004,0
1383.61,CASH_IN,105695.1,104311.49,218922.18,220305.78999999998,0
295.83,CASH_IN,239671.77,239375.94,147122.08,147417.90999999997,0
625.11,CASH_OUT,288445.27,287820.16000000003,32690.33,33315.44,0
755.4,TRANSFER,222528.56,221773.16,473516.25,474271.65,0
1982.53,PAYMENT,213519.94,211537.41,208276.96,210259.49,0
425.28,CASH_OUT,129670.14,129244.86,247960.85,248386.13,0
814.05,CASH_OUT,252396.04,251581.99000000002,187883.38,188697.43,0
933.52,PAYMENT,26651.21,25717.69,493938.68,494872.2,0
700.56,TRANSFER,224905.11,224204.55,398086.01,398786.57,0
2468.62,TRANSFER,108598.06,106129.44,47880.11,50348.73,0
2082.49,DEBIT,169792.17,167709.68000000002,304087.53,306170.02,0
3521.24,CASH_OUT,267889.13,264367.89,242317.29,245838.53,0
787.59,CASH_OUT,181505.87,180718.28,396676.02,397463.61000000004,0
3650.16,CASH_OUT,7674.46,4024.3,498658.01,502308.17,0
280.34,PAYMENT,216781.45,216501.11000000002,372153.37,372433.71,0
273.59,PAYMENT,278707.35,278433.75999999995,432464.41,432738.0,0
325.77,PAYMENT,192603.58,192277.81,251317.75,251643.52,0
1106.78,CASH_OUT,258426.02,257319.24,186799.0,187905.78,0
3649.62,TRANSFER,247588.73,243939.11000000002,321639.84,325289.46,1
600.56,TRANSFER,258387.68,257787.12,374709.21,375309.77,0
680.83,PAYMENT,103230.12,102549.29,113766.97,114447.8,0
883.58,PAYMENT,142249.06,141365.48,251693.74,252577.31999999998,0
1944.63,TRANSFER,254410.05,252465.41999999998,56895.49,58840.119999999995,0
680.19,PAYMENT,273119.57,272439.38,108176.41,108856.6,0
643.28,PAYMENT,44052.45,43409.17,440929.45,441572.73000000004,0
285.6,CASH_OUT,54459.71,54174.11,72365.99,72651.59000000001,0
619.11,PAYMENT,104048.88,103429.77,405674.13,406293.24,0
3559.81,PAYMENT,231089.35,227529.54,186297.87,189857.68,0
1201.02,TRANSFER,262494.35,261293.33,331760.69,332961.71,0
523.3,CASH_OUT,174072.04,173548.74000000002,455163.19,455686.49,0
3774.96,PAYMENT,33980.45,30205.489999999998,390449.34,394224.30000000005,1
610.81,CASH_OUT,91124.47,90513.66,412970.56,413581.37,0
4536.7,CASH_IN,257106.9,252570.19999999998,130574.54,135111.24,0
4463.14,CASH_OUT,104266.49,99803.35,180837.3,185300.44,1
1159.81,TRANSFER,30842.17,29682.359999999997,366396.01,367555.82,0
245.05,CASH_OUT,90620.54,90375.48999999999,388617.29,388862.33999999997,0
10823.78,TRANSFER,242011.91,231188.13,395026.13,405849.91000000003,0
1615.3,TRANSFER,148043.86,146428.56,370053.99,371669.29,0
793.23,TRANSFER,51471.83,50678.6,115811.31,116604.54,0
2853.0,PAYMENT,93789.71,90936.71,144543.32,147396.32,0
2213.44,PAYMENT,286074.38,283860.94,471020.5,473233.94,0
4068.13,TRANSFER,129587.25,125519.12,276930.19,280998.32,0
565.47,PAYMENT,132479.78,131914.31,377225.2,377790.67,0
1507.9,TRANSFER,45920.88,44412.979999999996,299597.84,301105.74000000005,0
335.0,TRANSFER,91366.29,91031.29,462250.93,462585.93,0
2135.24,CASH_IN,244405.84,242270.6,434390.91,436526.14999999997,0
1071.76,PAYMENT,235859.69,234787.93,130687.4,131759.16,0
1452.45,CASH_OUT,130649.64,129197.19,442354.74,443807.19,0
947.33,TRANSFER,268095.68,267148.35,150019.68,150967.00999999998,0
853.21,PAYMENT,114077.68,113224.46999999999,220490.23,221343.44,0
460.25,PAYMENT,259298.87,258838.62,425616.79,426077.04,0
2417.36,PAYMENT,9469.67,7052.3099999999995,162009.54,164426.9,0
4864.43,PAYMENT,104169.09,99304.66,145385.96,150250.38999999998,0
628.5,PAYMENT,256520.54,255892.04,334328.42,334956.92,0
1907.48,TRANSFER,270392.87,268485.39,499838.18,501745.66,0
1689.49,TRANSFER,226927.21,225237.72,65528.49,67217.98,0
1105.55,PAYMENT,200959.75,199854.2,350530.32,351635.87,0
238.27,PAYMENT,244651.47,244413.2,263477.69,263715.96,0
298.39,PAYMENT,212267.46,211969.06999999998,205308.75,205607.14,0
502.21,TRANSFER,76266.29,75764.07999999999,374929.37,375431.58,1
129.15,PAYMENT,139871.07,139741.92,277418.16,277547.31,0
4482.92,TRANSFER,198211.5,193728.58,398905.57,403388.49,0
1583.99,PAYMENT,176340.83,174756.84,371926.97,373510.95999999996,0
1064.26,PAYMENT,265529.28,264465.02,492559.49,493623.75,0
122.7,CASH_IN,142153.39,142030.69,405432.92,405555.62,0
177.0,PAYMENT,53396.21,53219.21,33399.9,33576.9,0
1094.07,PAYMENT,64374.61,63280.54,389789.65,390883.72000000003,0
7867.46,PAYMENT,253816.97,245949.51,324851.61,332719.07,0
545.31,CASH_IN,2616.29,2070.98,44895.18,45440.49,0
2601.38,TRANSFER,260739.11,258137.72999999998,302744.61,305345.99,0
678.64,TRANSFER,16676.43,15997.79,375401.8,376080.44,0
1158.91,CASH_IN,117497.54,116338.62999999999,98597.26,99756.17,0
3694.81,PAYMENT,240052.87,236358.06,217455.82,221150.63,0
775.92,CASH_IN,122284.61,121508.69,271243.14,272019.06,0
549.99,PAYMENT,246704.46,246154.47,206576.36,207126.34999999998,0
4528.16,CASH_OUT,30089.65,25561.49,438002.4,442530.56,0
1147.75,TRANSFER,153462.67,152314.92,84451.6,85599.35,0
3265.62,PAYMENT,174742.21,171476.59,385777.78,389043.4,0
552.66,CASH_IN,267260.58,266707.92000000004,389045.6,389598.25999999995,0
4476.85,PAYMENT,28086.42,23609.57,224014.98,228491.83000000002,0
1441.77,CASH_IN,101580.21,100138.44,269739.0,271180.77,0
1693.9,PAYMENT,197804.43,196110.53,76781.22,78475.12,0
1250.91,CASH_OUT,293979.02,292728.11000000004,97578.79,98829.7,0
661.51,CASH_IN,254482.3,253820.78999999998,265832.41,266493.92,0
1094.79,PAYMENT,253948.52,252853.72999999998,112340.39,113435.18,0
704.44,CASH_IN,155154.76,154450.32,403232.69,403937.13,0
2862.77,TRANSFER,169289.74,166426.97,308109.04,310971.81,0
895.11,CASH_OUT,257574.03,256678.92,28289.34,29184.45,0
245.55,PAYMENT,260887.68,260642.13,178938.33,179183.87999999998,0
204.5,TRANSFER,240682.37,240477.87,429212.97,429417.47,1
195.06,CASH_OUT,245571.38,245376.32,138722.02,138917.08,0
2034.43,TRANSFER,263888.96,261854.53000000003,359858.94,361893.37,0
346.71,PAYMENT,34134.58,33787.87,46900.07,47246.78,0
1480.43,PAYMENT,87791.81,86311.38,465266.83,466747.26,0
1257.11,DEBIT,292834.06,291576.95,224672.84,225929.94999999998,0
1027.92,PAYMENT,163432.85,162404.93,245782.82,246810.74000000002,1
1700.04,CASH_OUT,52939.16,51239.12,284915.07,286615.11,0
1284.73,CASH_IN,150916.69,149631.96,181716.17,183000.90000000002,0
72.99,PAYMENT,193735.25,193662.26,362642.65,362715.64,0
793.44,PAYMENT,248466.6,247673.16,7291.78,8085.219999999999,0
1677.57,CASH_OUT,243653.02,241975.44999999998,81102.13,82779.70000000001,0
5654.93,PAYMENT,14772.45,9117.52,94410.46,100065.39000000001,0
5922.17,TRANSFER,136057.5,130135.33,317670.09,323592.26,1
280.58,CASH_OUT,6170.72,5890.14,445300.41,445580.99,0
773.0,TRANSFER,266446.84,265673.84,31819.87,32592.87,0
229.04,PAYMENT,52171.82,51942.78,426229.3,426458.33999999997,0
5013.48,CASH_OUT,187462.41,182448.93,409756.8,414770.27999999997,0
3019.53,TRANSFER,171185.51,168165.98,38312.83,41332.36,0
1557.11,PAYMENT,187658.83,186101.72,71614.21,73171.32,0
1294.78,TRANSFER,169024.99,167730.21,175022.66,176317.44,1
4361.76,DEBIT,214676.6,210314.84,57334.81,61696.57,0
3682.42,CASH_OUT,187832.99,184150.56999999998,379143.07,382825.49,0
3491.35,TRANSFER,27090.07,23598.72,252034.66,255526.01,1
1731.39,PAYMENT,110030.39,108299.0,205382.3,207113.69,0
773.38,PAYMENT,163978.03,163204.65,362473.81,363247.19,0
2361.67,PAYMENT,97559.23,95197.56,146447.69,148809.36000000002,0
2480.07,PAYMENT,228099.27,225619.19999999998,435765.71,438245.78,0
906.29,CASH_IN,95369.31,94463.02,326983.37,327889.66,0
771.82,PAYMENT,248605.25,247833.43,173252.66,174024.48,0
3406.07,CASH_OUT,44020.12,40614.05,269936.35,273342.42,0
5791.32,PAYMENT,230817.77,225026.44999999998,129724.24,135515.56,0
518.33,PAYMENT,55039.63,54521.299999999996,492490.37,493008.7,0
842.71,TRANSFER,158404.58,157561.87,217802.16,218644.87,0
1557.65,PAYMENT,96157.31,94599.66,448387.08,449944.73000000004,0
1783.97,CASH_OUT,191200.33,189416.36,489010.23,490794.19999999995,0
650.43,CASH_IN,63822.12,63171.69,267896.23,268546.66,0
7212.14,DEBIT,238622.92,231410.78,364997.79,372209.93,0
1672.53,PAYMENT,172075.16,170402.63,286123.39,287795.92000000004,0
1865.68,CASH_OUT,287181.95,285316.27,45783.82,47649.5,0
6367.0,PAYMENT,213531.1,207164.1,476209.03,482576.03,0
699.9,CASH_IN,182218.66,181518.76,228318.23,229018.13,0
1003.82,TRANSFER,248747.61,247743.78999999998,447031.56,448035.38,1
313.15,PAYMENT,65904.77,65591.62000000001,327802.67,328115.82,0
923.02,PAYMENT,189822.74,188899.72,52595.45,53518.469999999994,0
247.42,PAYMENT,117121.15,116873.73,208526.49,208773.91,0
2316.58,PAYMENT,223137.29,220820.71000000002,97924.08,100240.66,0
1669.03,CASH_IN,7340.82,5671.79,84929.93,86598.95999999999,0
831.25,CASH_OUT,128313.63,127482.38,357544.37,358375.62,0
991.85,CASH_IN,195510.57,194518.72,15009.99,16001.84,0
2348.35,PAYMENT,138191.8,135843.44999999998,483070.28,485418.63,0
352.2,TRANSFER,71391.48,71039.28,224961.69,225313.89,1
1345.02,PAYMENT,139304.78,137959.76,244878.84,246223.86,0
2207.27,TRANSFER,254923.36,252716.09,149714.45,151921.72,0
184.51,PAYMENT,62051.71,61867.2,42808.04,42992.55,0
2175.34,PAYMENT,110151.65,107976.31,294121.34,296296.68000000005,0
205.6,TRANSFER,297100.66,296895.06,172377.25,172582.85,0
974.97,PAYMENT,273845.15,272870.18000000005,312036.31,313011.27999999997,0
342.62,TRANSFER,10190.5,9847.88,277884.9,278227.52,0
4588.22,CASH_OUT,159099.59,154511.37,108455.42,113043.64,0
344.77,PAYMENT,19623.91,19279.14,230826.96,231171.72999999998,0
210.57,CASH_IN,277171.48,276960.91,154031.5,154242.07,0
1253.07,TRANSFER,132463.47,131210.4,119862.04,121115.11,0
725.09,CASH_OUT,125531.1,124806.01000000001,384852.18,385577.27,0
243.57,CASH_OUT,81883.81,81640.23999999999,5953.3,6196.87,1
1855.33,CASH_OUT,170645.69,168790.36000000002,134441.43,136296.75999999998,0
149.68,CASH_OUT,43499.62,43349.94,265542.84,265692.52,0
389.07,DEBIT,239686.5,239297.43,238072.99,238462.06,0
616.95,TRANSFER,147363.1,146746.15,470082.66,470699.61,0
2446.03,PAYMENT,169938.87,167492.84,421828.74,424274.77,0
4005.68,PAYMENT,252241.42,248235.74000000002,375801.31,379806.99,0
3303.65,TRANSFER,55544.63,52240.979999999996,257039.07,260342.72,1
940.8,PAYMENT,52554.92,51614.119999999995,214453.37,215394.16999999998,0
96.8,PAYMENT,126240.5,126143.7,18284.78,18381.579999999998,0
1621.09,PAYMENT,235838.47,234217.38,410834.12,412455.21,0
4772.25,TRANSFER,17563.67,12791.419999999998,215356.45,220128.7,0
3766.08,PAYMENT,238551.06,234784.98,160483.7,164249.78,0
1742.28,TRANSFER,150226.98,148484.7,303317.19,305059.47000000003,0
333.79,CASH_OUT,168529.03,168195.24,377068.91,377402.69999999995,0
648.52,DEBIT,169315.78,168667.26,261525.66,262174.18,0
7584.14,PAYMENT,16850.22,9266.080000000002,74791.59,82375.73,0
265.94,TRANSFER,74931.24,74665.3,460823.24,461089.18,0
347.98,TRANSFER,226589.24,226241.25999999998,56424.74,56772.72,0
2814.53,TRANSFER,123680.44,120865.91,484785.82,487600.35000000003,0
712.54,CASH_OUT,168155.09,167442.55,221238.55,221951.09,0
336.38,PAYMENT,283460.59,283124.21,473311.6,473647.98,0
5054.18,CASH_IN,13881.53,8827.35,457324.88,462379.06,0
1738.98,PAYMENT,134904.11,133165.12999999998,203133.63,204872.61000000002,1
748.6,DEBIT,108382.24,107633.64,400012.65,400761.25,0
348.7,TRANSFER,31934.83,31586.13,44886.27,45234.969999999994,0
8496.47,PAYMENT,285238.3,276741.83,41367.13,49863.6,0
1070.14,CASH_OUT,288437.88,287367.74,177978.3,179048.44,0
4435.2,PAYMENT,93446.45,89011.25,304892.55,309327.75,0
2680.16,CASH_OUT,284014.98,281334.82,4660.53,7340.69,0
651.38,TRANSFER,10552.08,9900.7,257587.56,258238.94,0
656.59,PAYMENT,294268.8,293612.20999999996,487823.45,488480.04000000004,0
4657.88,PAYMENT,250779.6,246121.72,429222.71,433880.59,0
4733.96,CASH_OUT,64299.07,59565.11,116235.31,120969.27,0
167.85,PAYMENT,179864.15,179696.3,264034.38,264202.23,1
1900.33,DEBIT,239489.81,237589.48,85704.38,87604.71,0
971.45,CASH_OUT,95789.69,94818.24,131630.07,132601.52000000002,0
390.21,CASH_OUT,106125.54,105735.32999999999,461500.42,461890.63,1
1424.74,PAYMENT,188691.83,187267.09,498889.07,500313.81,0
284.41,CASH_OUT,44128.22,43843.81,121280.49,121564.90000000001,0
687.83,CASH_IN,35463.18,34775.35,106033.94,106721.77,0
493.5,PAYMENT,74941.58,74448.08,191929.66,192423.16,0
665.28,PAYMENT,222377.92,221712.64,222928.21,223593.49,0
1020.98,PAYMENT,109979.77,108958.79000000001,44624.33,45645.310000000005,0
397.2,PAYMENT,152207.47,151810.27,73854.33,74251.53,1
5287.91,CASH_OUT,58635.17,53347.259999999995,212413.63,217701.54,0
1795.94,TRANSFER,58231.7,56435.759999999995,117710.28,119506.22,0
6598.27,TRANSFER,195135.38,188537.11000000002,422467.38,429065.65,0
934.41,PAYMENT,32512.58,31578.170000000002,375773.28,376707.69,0
633.47,PAYMENT,200352.22,199718.75,268169.22,268802.68999999994,0
6364.02,PAYMENT,120210.56,113846.54,216314.66,222678.68,0
615.2,DEBIT,201381.27,200766.06999999998,415493.9,416109.10000000003,0
917.55,TRANSFER,114518.84,113601.29,82997.67,83915.22,0
2253.07,PAYMENT,253815.66,251562.59,443693.93,445947.0,0
318.07,CASH_OUT,16666.85,16348.779999999999,24538.69,24856.76,0
2233.43,PAYMENT,267989.19,265755.76,461697.23,463930.66,0
1965.2,PAYMENT,80598.35,78633.15000000001,69405.03,71370.23,0
3902.32,PAYMENT,12762.66,8860.34,406049.52,409951.84,0
2670.56,CASH_IN,168721.33,166050.77,9022.54,11693.1,0
4023.79,CASH_OUT,67306.27,63282.48,407539.09,411562.88,0
981.99,TRANSFER,137760.94,136778.95,292035.39,293017.38,0
462.82,PAYMENT,240694.26,240231.44,9517.13,9979.949999999999,0
9045.16,PAYMENT,237464.03,228418.87,387104.88,396150.04,0
238.25,CASH_OUT,180115.68,179877.43,50778.65,51016.9,0
263.35,PAYMENT,293361.57,293098.22000000003,269952.71,270216.06,0
1929.72,CASH_IN,139125.33,137195.61,166001.97,167931.69,0
5569.09,CASH_OUT,11816.52,6247.43,379584.13,385153.22000000003,0
1325.51,TRANSFER,245827.54,244502.03,426610.79,427936.3,1
2978.88,CASH_OUT,66388.16,63409.280000000006,232138.35,235117.23,1
149.04,CASH_IN,52871.64,52722.6,378970.11,379119.14999999997,0
665.44,TRANSFER,21002.98,20337.54,458312.47,458977.91,0
168.35,CASH_OUT,98369.98,98201.62999999999,344600.27,344768.62,0
2393.26,CASH_IN,97847.69,95454.43000000001,160995.24,163388.5,0
233.4,PAYMENT,90831.46,90598.06000000001,231656.04,231889.44,0
305.57,DEBIT,177957.88,177652.31,114998.87,115304.44,0
1833.58,PAYMENT,225462.65,223629.07,229204.17,231037.75,0
3171.07,CASH_OUT,281330.02,278158.95,122945.24,126116.31000000001,0
935.45,CASH_OUT,28215.02,27279.57,403624.86,404560.31,1
1939.47,TRANSFER,45114.55,43175.08,304958.71,306898.18,0
1877.67,TRANSFER,176952.75,175075.08,316622.99,318500.66,0
884.1,TRANSFER,29440.68,28556.58,55131.64,56015.74,0
366.98,PAYMENT,111229.29,110862.31,730.15,1097.13,0
1929.26,PAYMENT,187365.67,185436.41,394593.32,396522.58,0
2024.54,PAYMENT,234163.51,232138.97,271153.21,273177.75,0
2681.21,TRANSFER,65279.79,62598.58,465776.69,468457.9,0
1498.27,TRANSFER,200395.67,198897.40000000002,268619.62,270117.89,0
340.87,PAYMENT,193760.9,193420.03,107339.26,107680.12999999999,0
2187.12,DEBIT,257884.84,255697.72,349238.29,351425.41,0
1095.12,PAYMENT,94124.25,93029.13,350491.49,351586.61,0
676.72,TRANSFER,225027.56,224350.84,32766.3,33443.02,0
816.78,TRANSFER,225599.96,224783.18,346825.45,347642.23000000004,0
549.9,PAYMENT,71758.36,71208.46,106264.11,106814.01,0
2667.36,CASH_OUT,186347.35,183679.99000000002,127260.31,129927.67,1
265.57,TRANSFER,202548.63,202283.06,15707.35,15972.92,0
406.07,PAYMENT,82328.52,81922.45,313686.11,314092.18,0
789.36,CASH_IN,135540.0,134750.64,365864.7,366654.06,0
5506.87,CASH_OUT,130733.32,125226.45000000001,115245.83,120752.7,0
3147.24,CASH_OUT,232052.87,228905.63,396269.47,399416.70999999996,0
212.55,DEBIT,207.38,0.0,381015.64,381228.19,0
4235.88,CASH_IN,150307.98,146072.1,204883.1,209118.98,0
4227.73,PAYMENT,55302.24,51074.509999999995,34112.58,38340.31,0
339.0,TRANSFER,194052.59,193713.59,140092.66,140431.66,0
88.11,TRANSFER,204110.66,204022.55000000002,82714.57,82802.68000000001,0
1020.22,PAYMENT,150337.95,149317.73,479409.12,480429.33999999997,0
3369.18,PAYMENT,162608.86,159239.68,408872.13,412241.31,0
5384.4,PAYMENT,94517.46,89133.06000000001,39188.24,44572.64,0
459.06,CASH_OUT,93996.8,93537.74,256730.01,257189.07,0
6323.19,CASH_OUT,223535.12,217211.93,133443.16,139766.35,0
118.16,CASH_OUT,39519.41,39401.25,16058.99,16177.15,0
758.96,PAYMENT,231450.99,230692.03,161150.64,161909.6,0
722.55,PAYMENT,196503.95,195781.40000000002,63792.65,64515.200000000004,0
3471.48,TRANSFER,265342.41,261870.92999999996,111366.01,114837.48999999999,0
4017.05,TRANSFER,78043.41,74026.36,163270.23,167287.28,1
2847.58,CASH_IN,151853.72,149006.14,204445.23,207292.81,1
284.14,DEBIT,11696.85,11412.710000000001,234221.23,234505.37000000002,0
2598.32,CASH_IN,273751.97,271153.64999999997,260098.64,262696.96,0
1824.46,DEBIT,202617.44,200792.98,185000.38,186824.84,0
206.18,CASH_IN,186862.57,186656.39,249174.8,249380.97999999998,0
138.79,TRANSFER,219806.76,219667.97,208929.23,209068.02000000002,0
3096.38,PAYMENT,85298.66,82202.28,482219.49,485315.87,0
915.89,PAYMENT,181158.08,180242.18999999997,33820.44,34736.33,0
303.33,PAYMENT,240276.57,239973.24000000002,292975.67,293279.0,0
890.54,PAYMENT,27088.33,26197.79,96823.59,97714.12999999999,0
1578.2,PAYMENT,287645.07,286066.87,187718.93,189297.13,0
1009.44,CASH_IN,267566.04,266556.6,273232.9,274242.34,0
232.3,PAYMENT,288905.65,288673.35000000003,379904.72,380137.01999999996,0
7226.84,CASH_IN,242504.55,235277.71,488865.56,496092.4,0
2993.56,CASH_OUT,88293.33,85299.77,246810.83,249804.38999999998,0
784.17,CASH_OUT,174466.64,173682.47,128489.56,129273.73,0
816.4,CASH_OUT,36048.73,35232.33,395787.61,396604.01,0
1571.03,PAYMENT,226250.02,224678.99,110786.22,112357.25,0
354.38,CASH_OUT,46091.9,45737.520000000004,253920.34,254274.72,0
1514.25,PAYMENT,260047.18,258532.93,423355.65,424869.9,0
289.82,CASH_IN,72167.09,71877.26999999999,201899.25,202189.07,0
1021.95,PAYMENT,48123.57,47101.62,278488.88,279510.83,1
340.85,PAYMENT,21271.31,20930.460000000003,59775.01,60115.86,0
358.5,CASH_OUT,213409.54,213051.04,27983.89,28342.39,0
5685.77,CASH_OUT,55861.13,50175.36,493141.24,498827.01,0
1163.54,TRANSFER,59300.34,58136.799999999996,89447.85,90611.39,0
1349.39,CASH_OUT,50908.98,49559.590000000004,167774.52,169123.91,0
146.73,PAYMENT,91738.54,91591.81,252342.44,252489.17,1
603.65,CASH_OUT,282363.43,281759.77999999997,187235.8,187839.44999999998,0
1739.25,PAYMENT,145986.5,144247.25,48669.53,50408.78,0
1331.6,PAYMENT,78263.38,76931.78,98457.06,99788.66,0
127.23,PAYMENT,51117.23,50990.0,246723.83,246851.06,0
1349.03,PAYMENT,5670.43,4321.400000000001,219400.79,220749.82,0
1582.18,PAYMENT,109497.79,107915.61,399096.92,400679.1,0
3959.06,TRANSFER,33018.44,29059.38,155893.98,159853.04,0
569.51,PAYMENT,8103.6,7534.09,470157.56,470727.07,0
116.5,PAYMENT,30893.91,30777.41,141405.18,141521.68,0
404.73,TRANSFER,95556.45,95151.72,165649.33,166054.06,0
366.11,PAYMENT,225259.11,224893.0,474656.66,475022.76999999996,1
2290.92,CASH_OUT,20095.88,17804.96,420241.69,422532.61,0
72.48,CASH_IN,203602.18,203529.69999999998,158483.98,158556.46000000002,0
700.39,TRANSFER,186162.76,185462.37,197642.35,198342.74000000002,0
4563.27,CASH_IN,264597.06,260033.79,421130.14,425693.41000000003,0
1104.57,PAYMENT,55196.1,54091.53,43044.72,44149.29,0
2687.37,PAYMENT,238280.31,235592.94,147338.16,150025.53,0
212.34,CASH_OUT,259459.57,259247.23,265778.05,265990.39,0
220.97,CASH_OUT,292945.24,292724.27,414452.09,414673.06,0
4615.81,DEBIT,242564.81,237949.0,282308.34,286924.15,0
1213.44,PAYMENT,37130.46,35917.02,244889.42,246102.86000000002,0
1215.94,CASH_OUT,284138.7,282922.76,481058.78,482274.72000000003,0
358.47,PAYMENT,244497.62,244139.15,58205.2,58563.67,0
1212.91,PAYMENT,63697.56,62484.649999999994,390032.96,391245.87,0
348.65,PAYMENT,49559.22,49210.57,63517.43,63866.08,0
3593.46,CASH_IN,280924.25,277330.79,366413.72,370007.18,0
16778.12,PAYMENT,46709.59,29931.469999999998,271544.81,288322.93,0
1779.24,DEBIT,233131.02,231351.78,132323.11,134102.34999999998,0
581.18,CASH_OUT,121577.78,120996.6,271668.54,272249.72,0
87.04,CASH_OUT,217141.58,217054.53999999998,439708.04,439795.07999999996,1
203.47,CASH_OUT,27555.41,27351.94,236091.84,236295.31,0
5191.94,DEBIT,217517.49,212325.55,3289.28,8481.22,0
391.82,PAYMENT,153573.41,153181.59,28302.8,28694.62,0
756.85,PAYMENT,270113.52,269356.67000000004,316318.49,317075.33999999997,0
2111.86,TRANSFER,56519.53,54407.67,338965.78,341077.64,1
4828.49,PAYMENT,32806.82,27978.33,200887.44,205715.93,0
898.22,PAYMENT,58866.09,57967.869999999995,121390.19,122288.41,0
731.67,PAYMENT,23572.61,22840.940000000002,357983.29,358714.95999999996,0
1178.06,PAYMENT,294045.16,292867.1,152080.59,153258.65,0
585.44,PAYMENT,36856.99,36271.549999999996,37005.79,37591.23,0
617.81,PAYMENT,60255.28,59637.47,204805.27,205423.08,0
1655.54,CASH_IN,242905.72,241250.18,269569.3,271224.83999999997,0
1319.87,PAYMENT,74026.32,72706.45000000001,482814.4,484134.27,0
9242.85,CASH_IN,66688.0,57445.15,296110.86,305353.70999999996,0
1700.79,CASH_IN,201692.93,199992.13999999998,104160.07,105860.86,0
3467.35,PAYMENT,119629.57,116162.22,416096.79,419564.13999999996,0
375.67,CASH_OUT,250643.75,250268.08,145741.0,146116.67,0
1854.1,TRANSFER,191480.8,189626.69999999998,479639.09,481493.19,0
532.2,CASH_OUT,86464.42,85932.22,162656.13,163188.33000000002,0
1628.56,PAYMENT,179376.98,177748.42,454758.98,456387.54,0
2183.13,PAYMENT,259938.49,257755.36,439476.98,441660.11,0
1152.71,PAYMENT,109344.89,108192.18,431996.37,433149.08,0
12177.26,TRANSFER,220941.22,208763.96,19692.64,31869.9,0
4573.25,CASH_IN,124749.89,120176.64,424934.98,429508.23,0
3559.04,CASH_OUT,162922.02,159362.97999999998,360650.06,364209.1,0
2354.98,CASH_OUT,220110.01,217755.03,167149.14,169504.12000000002,0
6395.57,CASH_IN,18158.21,11762.64,245049.21,251444.78,0
260.61,CASH_OUT,136484.86,136224.25,319957.52,320218.13,0
4316.86,PAYMENT,28564.05,24247.19,471768.49,476085.35,0
406.98,DEBIT,217501.66,217094.68,390042.24,390449.22,0
623.69,PAYMENT,182341.88,181718.19,214250.37,214874.06,0
1922.52,PAYMENT,98078.9,96156.37999999999,322710.35,324632.87,0
3763.93,TRANSFER,22884.45,19120.52,92935.44,96699.37,0
345.99,CASH_IN,277740.74,277394.75,211971.2,212317.19,0
656.85,PAYMENT,94501.12,93844.26999999999,395650.67,396307.51999999996,0
1208.98,TRANSFER,82613.03,81404.05,303294.86,304503.83999999997,0
910.17,PAYMENT,30301.49,29391.320000000003,391624.57,392534.74,0
2576.1,PAYMENT,173205.96,170629.86,254908.37,257484.47,0
34061.66,PAYMENT,79696.04,45634.37999999999,190071.72,224133.38,0
1667.9,CASH_OUT,252855.92,251188.02000000002,371270.19,372938.09,0
525.74,DEBIT,204830.04,204304.30000000002,46877.43,47403.17,0
299.91,PAYMENT,1174.47,874.56,489303.42,489603.32999999996,0
792.15,PAYMENT,169702.38,168910.23,474186.89,474979.04000000004,0
428.27,PAYMENT,69550.4,69122.12999999999,440184.3,440612.57,0
1750.31,PAYMENT,4610.14,2859.8300000000004,442139.05,443889.36,0
1723.34,TRANSFER,185810.15,184086.81,255528.06,257251.4,0
690.1,CASH_OUT,61474.31,60784.21,248972.86,249662.96,0
7982.09,CASH_OUT,269890.74,261908.65,410041.09,418023.18000000005,0
525.61,PAYMENT,172014.22,171488.61000000002,141628.26,142153.87,0
973.18,TRANSFER,62755.53,61782.35,424956.89,425930.07,0
2078.0,PAYMENT,293738.23,291660.23,100440.11,102518.11,0
2675.94,PAYMENT,163932.47,161256.53,439553.64,442229.58,0
3934.65,CASH_IN,49641.65,45707.0,270542.61,274477.26,0
1683.27,CASH_OUT,155172.65,153489.38,421605.51,423288.78,0
3136.66,CASH_IN,287804.72,284668.06,246571.39,249708.05000000002,0
563.91,CASH_IN,127263.07,126699.16,304216.09,304780.0,0
2746.5,CASH_OUT,127603.65,124857.15,463393.07,466139.57,1
2710.07,CASH_IN,138338.02,135627.94999999998,209106.13,211816.2,0
4978.51,TRANSFER,84031.07,79052.56000000001,110143.19,115121.7,1
206.76,PAYMENT,48535.08,48328.32,45490.17,45696.93,0
442.67,PAYMENT,173678.31,173235.63999999998,294989.53,295432.2,0
2497.74,PAYMENT,268260.06,265762.32,305542.56,308040.3,0
77.37,PAYMENT,220718.92,220641.55000000002,310352.55,310429.92,1
1793.65,PAYMENT,28856.22,27062.57,18583.06,20376.710000000003,0
3164.67,CASH_OUT,120254.69,117090.02,13707.74,16872.41,1
616.23,CASH_OUT,1588.76,972.53,447708.51,448324.74,0
713.23,TRANSFER,92382.12,91668.89,347750.99,348464.22,0
374.6,PAYMENT,200812.98,200438.38,56658.6,57033.2,0
650.96,CASH_OUT,87070.29,86419.32999999999,37318.4,37969.36,0
670.1,PAYMENT,252167.5,251497.4,80928.51,81598.61,0
554.0,PAYMENT,143215.26,142661.26,403459.49,404013.49,0
524.44,PAYMENT,200750.45,200226.01,361543.01,362067.45,0
836.31,PAYMENT,265159.57,264323.26,319326.59,320162.9,0
826.25,PAYMENT,204843.09,204016.84,320395.39,321221.64,0
7144.74,CASH_OUT,269197.86,262053.12,429436.93,436581.67,1
739.38,CASH_OUT,242419.61,241680.22999999998,166729.37,167468.75,0
1547.12,CASH_OUT,170119.27,168572.15,161115.01,162662.13,0
615.92,PAYMENT,89169.93,88554.01,212713.41,213329.33000000002,0
608.14,CASH_OUT,89442.72,88834.58,494838.01,495446.15,0
199.46,CASH_OUT,262599.33,262399.87,277449.47,277648.93,0
227.84,PAYMENT,16165.27,15937.43,273450.57,273678.41000000003,0
328.0,CASH_OUT,282431.05,282103.05,404796.89,405124.89,0
1317.77,TRANSFER,98117.94,96800.17,89032.25,90350.02,0
3216.9,TRANSFER,221661.32,218444.42,202700.5,205917.4,0
183.71,PAYMENT,99008.93,98825.21999999999,320681.2,320864.91000000003,0
633.29,TRANSFER,285990.42,285357.13,494008.38,494641.67,0
279.53,PAYMENT,10942.21,10662.679999999998,77234.8,77514.33,0
841.95,PAYMENT,105995.66,105153.71,226013.39,226855.34000000003,0
3215.6,PAYMENT,260238.31,257022.71,452790.9,456006.5,0
701.43,CASH_IN,82216.96,81515.53000000001,362765.53,363466.96,0
1045.74,PAYMENT,82685.84,81640.09999999999,306890.12,307935.86,0
4699.58,PAYMENT,269625.54,264925.95999999996,128554.18,133253.75999999998,0
1733.51,PAYMENT,249174.68,247441.16999999998,93605.37,95338.87999999999,0
512.81,DEBIT,31731.36,31218.55,187106.15,187618.96,0
1285.52,TRANSFER,174053.97,172768.45,127553.95,128839.47,0
479.36,CASH_IN,67018.56,66539.2,404237.95,404717.31,0
1669.84,PAYMENT,64541.48,62871.64000000001,360351.71,362021.55000000005,0
1835.99,PAYMENT,184621.2,182785.21000000002,417599.06,419435.05,0
279.45,TRANSFER,37159.85,36880.4,85541.16,85820.61,0
1306.56,PAYMENT,140933.7,139627.14,154984.68,156291.24,0
974.99,CASH_OUT,76746.52,75771.53,384275.73,385250.72,0
1890.65,DEBIT,256176.74,254286.09,81774.21,83664.86,0
2518.32,TRANSFER,166348.27,163829.94999999998,72802.53,75320.85,0
1767.73,CASH_IN,64532.65,62764.92,191529.44,193297.17,0
809.82,TRANSFER,277939.7,277129.88,93218.44,94028.26000000001,0
2788.7,PAYMENT,246868.96,244080.25999999998,39451.33,42240.03,0
458.03,TRANSFER,79587.67,79129.64,156387.26,156845.29,0
292.8,PAYMENT,288315.27,288022.47000000003,437799.76,438092.56,0
44.91,CASH_OUT,80321.68,80276.76999999999,28266.46,28311.37,0
1022.35,PAYMENT,87792.94,86770.59,283052.56,284074.91,0
482.25,PAYMENT,115789.01,115306.76,281501.94,281984.19,0
1632.31,TRANSFER,49441.57,47809.26,265420.28,267052.59,0
152.75,PAYMENT,206104.84,205952.09,252754.36,252907.11,0
574.11,PAYMENT,167201.2,166627.09000000003,8618.23,9192.34,0
1755.08,CASH_OUT,268338.74,266583.66,23725.59,25480.67,0
391.57,PAYMENT,72262.57,71871.0,255603.51,255995.08000000002,0
1651.2,TRANSFER,51069.27,49418.07,484154.64,485805.84,0
628.27,PAYMENT,107587.02,106958.75,203987.89,204616.16,0
1061.24,PAYMENT,43832.61,42771.37,236163.38,237224.62,0
1988.54,PAYMENT,283845.31,281856.77,491031.56,493020.1,0
2843.52,CASH_OUT,215234.01,212390.49000000002,389556.7,392400.22000000003,1
1202.9,CASH_IN,238857.5,237654.6,385054.92,386257.82,0
485.89,PAYMENT,224413.09,223927.19999999998,252367.72,252853.61000000002,0
693.65,CASH_IN,72845.75,72152.1,448956.33,449649.98000000004,0
2073.42,TRANSFER,42196.99,40123.57,290588.15,292661.57,1
394.94,CASH_OUT,128830.07,128435.13,328348.66,328743.6,0
917.76,CASH_OUT,248705.74,247787.97999999998,393777.76,394695.52,0
745.55,CASH_OUT,99154.6,98409.05,203292.44,204037.99,0
988.94,CASH_OUT,2868.88,1879.94,476635.14,477624.08,0
399.7,TRANSFER,198018.21,197618.50999999998,494003.62,494403.32,0
172.1,TRANSFER,60018.92,59846.82,293568.92,293741.01999999996,1
1845.94,PAYMENT,162850.55,161004.61,111027.69,112873.63,0
2875.93,PAYMENT,4464.02,1588.0900000000006,387451.01,390326.94,0
182.7,CASH_OUT,152654.96,152472.25999999998,161069.3,161252.0,0
1585.93,PAYMENT,118082.55,116496.62000000001,288551.75,290137.68,0
3239.53,PAYMENT,264123.6,260884.06999999998,43351.76,46591.29,0
1990.04,PAYMENT,216544.14,214554.1,403695.35,405685.38999999996,0
722.94,PAYMENT,10808.45,10085.51,479543.48,480266.42,0
426.88,CASH_OUT,236856.72,236429.84,47110.76,47537.64,0
1189.13,CASH_OUT,237368.24,236179.11,365799.53,366988.66000000003,1
1404.99,TRANSFER,199022.86,197617.87,430419.43,431824.42,0
1206.9,PAYMENT,278789.02,277582.12,54753.11,55960.01,0
915.86,TRANSFER,240976.06,240060.2,123398.23,124314.09,1
371.43,PAYMENT,65669.6,65298.170000000006,195935.62,196307.05,0
1673.53,CASH_OUT,114463.77,112790.24,418380.17,420053.7,0
1756.11,TRANSFER,104976.97,103220.86,246715.63,248471.74,0
1340.53,TRANSFER,151472.34,150131.81,68481.65,69822.18,0
1225.36,TRANSFER,286114.09,284888.73000000004,128185.53,129410.89,0
5879.63,CASH_IN,184679.51,178799.88,233688.92,239568.55000000002,0
587.35,CASH_OUT,93881.72,93294.37,19632.12,20219.469999999998,0
3949.86,TRANSFER,282455.32,278505.46,315498.53,319448.39,0
526.35,TRANSFER,210081.44,209555.09,12660.95,13187.300000000001,0
3324.09,PAYMENT,79824.16,76500.07,390435.67,393759.76,0
3764.49,CASH_IN,271953.83,268189.34,366925.47,370689.95999999996,0
818.07,PAYMENT,103263.87,102445.79999999999,432720.0,433538.07,0
5773.09,PAYMENT,154863.38,149090.29,78856.37,84629.45999999999,0
1752.92,CASH_IN,143766.85,142013.93,301292.61,303045.52999999997,0
456.11,CASH_OUT,277089.26,276633.15,390513.79,390969.89999999997,0
754.34,PAYMENT,79699.01,78944.67,257874.39,258628.73,0
3404.19,PAYMENT,99992.02,96587.83,65402.16,68806.35,0
2760.22,PAYMENT,198048.06,195287.84,49462.81,52223.03,0
380.68,TRANSFER,265984.71,265604.03,302948.7,303329.38,1
954.08,PAYMENT,34465.23,33511.15,248803.8,249757.87999999998,0
1344.16,CASH_IN,62965.06,61620.899999999994,464780.07,466124.23,0
660.1,CASH_IN,284410.34,283750.24000000005,416920.39,417580.49,0
11588.86,TRANSFER,233189.13,221600.27000000002,361874.6,373463.45999999996,0
1385.29,TRANSFER,103820.93,102435.64,491198.38,492583.67,1
1030.9,PAYMENT,107290.44,106259.54000000001,347305.34,348336.24000000005,1
3607.79,PAYMENT,140860.16,137252.37,46181.37,49789.16,0
761.12,CASH_OUT,202139.85,201378.73,38781.49,39542.61,0
3003.18,PAYMENT,168312.33,165309.15,407934.6,410937.77999999997,0
206.91,PAYMENT,232835.99,232629.08,180351.79,180558.7,0
696.69,PAYMENT,16250.04,15553.35,462141.89,462838.58,0
3130.88,PAYMENT,245712.22,242581.34,59123.72,62254.6,0
5272.17,TRANSFER,17415.41,12143.24,99393.51,104665.68,0
506.08,CASH_OUT,264292.18,263786.1,386583.75,387089.83,0
450.42,CASH_OUT,12976.33,12525.91,423737.22,424187.63999999996,1
1934.19,TRANSFER,38349.73,36415.54,433598.17,435532.36,0
588.14,DEBIT,54055.31,53467.17,49569.63,50157.77,0
838.34,TRANSFER,66915.23,66076.89,190901.15,191739.49,0
2634.38,DEBIT,120528.62,117894.23999999999,323193.18,325827.56,0
636.44,TRANSFER,196644.6,196008.16,459397.81,460034.25,0
153.63,PAYMENT,267781.01,267627.38,119507.52,119661.15000000001,0
298.54,CASH_IN,157350.84,157052.3,300171.44,300469.98,0
1107.61,PAYMENT,159746.92,158639.31000000003,71759.65,72867.26,0
170.13,PAYMENT,95791.53,95621.4,373639.36,373809.49,0
814.72,PAYMENT,240204.13,239389.41,63762.23,64576.950000000004,0
272.57,PAYMENT,33145.87,32873.3,499991.24,500263.81,0
5652.99,PAYMENT,90330.95,84677.95999999999,46133.45,51786.439999999995,0
9558.08,TRANSFER,29094.42,19536.339999999997,342668.58,352226.66000000003,0
380.62,DEBIT,64254.25,63873.63,388519.42,388900.04,0
1417.65,PAYMENT,175979.37,174561.72,128994.89,130412.54,0
419.72,TRANSFER,37788.12,37368.4,127414.33,127834.05,0
804.87,PAYMENT,30185.34,29380.47,298073.53,298878.4,0
6657.3,DEBIT,247773.24,241115.94,315237.29,321894.58999999997,0
687.67,PAYMENT,35489.74,34802.07,360262.99,360950.66,0
823.83,PAYMENT,182416.0,181592.17,290146.99,290970.82,0
427.29,TRANSFER,105603.35,105176.06000000001,87233.39,87660.68,0
3450.21,CASH_OUT,268910.14,265459.93,462071.74,465521.95,0
41.96,CASH_OUT,212265.01,212223.05000000002,83305.79,83347.75,0
704.3,TRANSFER,17829.07,17124.77,282619.26,283323.56,0
1047.45,CASH_OUT,268640.43,267592.98,460001.42,461048.87,0
566.19,PAYMENT,124169.67,123603.48,456484.8,457050.99,0
2600.72,PAYMENT,89468.23,86867.51,83953.24,86553.96,0
3648.34,PAYMENT,201834.61,198186.27,119301.35,122949.69,0
267.19,PAYMENT,215392.18,215124.99,300925.29,301192.48,0
8897.15,PAYMENT,90975.23,82078.08,168582.17,177479.32,0
264.21,TRANSFER,105496.96,105232.75,365441.62,365705.83,0
3978.38,PAYMENT,46899.15,42920.770000000004,261202.16,265180.54,0
1273.89,TRANSFER,178033.07,176759.18,133045.03,134318.92,1
662.68,TRANSFER,287072.72,286410.04,205518.96,206181.63999999998,0
728.24,CASH_OUT,124987.34,124259.09999999999,345555.54,346283.77999999997,0
1060.49,CASH_OUT,298861.85,297801.36,392570.68,393631.17,0
1350.75,PAYMENT,52924.38,51573.63,184780.5,186131.25,0
436.96,PAYMENT,238829.84,238392.88,52492.69,52929.65,0
867.89,TRANSFER,278432.48,277564.58999999997,176638.5,177506.39,0
507.41,TRANSFER,206416.31,205908.9,315235.36,315742.76999999996,1
325.37,PAYMENT,32797.89,32472.52,379916.08,380241.45,0
484.29,PAYMENT,97962.41,97478.12000000001,439829.62,440313.91,0
347.24,CASH_OUT,25699.74,25352.5,480970.94,481318.18,0
720.43,CASH_OUT,180524.44,179804.01,264682.09,265402.52,0
1689.98,PAYMENT,299444.64,297754.66000000003,440103.72,441793.69999999995,0
1237.33,TRANSFER,112426.38,111189.05,131039.01,132276.34,0
7897.84,DEBIT,48883.51,40985.67,279825.86,287723.7,0
120.25,PAYMENT,80592.06,80471.81,269692.46,269812.71,1
1753.45,DEBIT,171240.59,169487.13999999998,384347.07,386100.52,0
1103.7,PAYMENT,170688.54,169584.84,386561.42,387665.12,0
2479.15,TRANSFER,68946.25,66467.1,142671.48,145150.63,0
2245.01,TRANSFER,225211.42,222966.41,442930.72,445175.73,0
929.84,PAYMENT,26403.69,25473.85,445746.49,446676.33,0
1303.3,CASH_IN,186912.08,185608.78,474120.76,475424.06,0
521.09,TRANSFER,127709.68,127188.59,228822.16,229343.25,0
2025.72,CASH_IN,38152.51,36126.79,493707.16,495732.87999999995,0
167.52,PAYMENT,190315.43,190147.91,392455.67,392623.19,0
2384.69,DEBIT,201914.83,199530.13999999998,326593.69,328978.38,0
1071.51,CASH_IN,132006.09,130934.58,216128.99,217200.5,0
673.8,TRANSFER,239397.85,238724.05000000002,421215.61,421889.41,1
869.11,PAYMENT,152794.98,151925.87000000002,382068.78,382937.89,0
935.24,CASH_OUT,85726.34,84791.09999999999,292779.13,293714.37,0
4013.04,TRANSFER,286080.38,282067.34,498572.94,502585.98,0
27819.53,CASH_IN,283213.21,255393.68000000002,124730.68,152550.21,0
3714.02,TRANSFER,28686.42,24972.399999999998,320877.05,324591.07,0
623.08,PAYMENT,283824.38,283201.3,160563.58,161186.65999999997,0
2058.6,PAYMENT,232644.71,230586.11,228921.62,230980.22,0
2150.23,CASH_OUT,31993.25,29843.02,169473.25,171623.48,0
434.78,CASH_IN,155797.58,155362.8,167277.6,167712.38,0
310.82,PAYMENT,10485.39,10174.57,188413.05,188723.87,0
1029.39,CASH_OUT,176657.12,175627.72999999998,28339.79,29369.18,0
2459.49,CASH_IN,279956.29,277496.8,19930.54,22390.03,0
218.81,PAYMENT,110462.92,110244.11,362461.13,362679.94,0
533.31,PAYMENT,152587.55,152054.24,155454.28,155987.59,0
1944.29,CASH_OUT,68268.1,66323.81000000001,10607.31,12551.599999999999,0
1143.36,CASH_OUT,162283.87,161140.51,40740.58,41883.94,1
4520.03,PAYMENT,240772.4,236252.37,97924.62,102444.65,0
267.37,DEBIT,64577.48,64310.11,24106.13,24373.5,0
11523.74,TRANSFER,166046.03,154522.29,473073.6,484597.33999999997,0
235.57,CASH_IN,106392.98,106157.40999999999,284180.44,284416.01,0
144.15,DEBIT,224361.62,224217.47,197012.18,197156.33,0
1033.89,CASH_OUT,210611.6,209577.71,266356.12,267390.01,0
352.67,TRANSFER,209636.9,209284.22999999998,56410.05,56762.72,0
1054.95,PAYMENT,113340.94,112285.99,350922.79,351977.74,0
1018.69,TRANSFER,179783.79,178765.1,484795.25,485813.94,0
901.65,PAYMENT,195325.56,194423.91,65328.57,66230.22,0
472.29,CASH_OUT,204244.19,203771.9,76300.06,76772.34999999999,0
1690.29,PAYMENT,172576.91,170886.62,314331.69,316021.98,1
798.44,TRANSFER,260041.42,259242.98,75964.96,76763.40000000001,0
3306.56,PAYMENT,74639.57,71333.01000000001,63026.39,66332.95,0
915.64,PAYMENT,16742.04,15826.400000000001,335241.91,336157.55,0
417.95,PAYMENT,288751.04,288333.08999999997,309328.73,309746.68,0
202.81,CASH_OUT,18220.12,18017.309999999998,108868.51,109071.31999999999,0
923.24,CASH_OUT,270886.7,269963.46,411589.47,412512.70999999996,0
308.21,PAYMENT,183685.48,183377.27000000002,52625.42,52933.63,0
284.3,DEBIT,275622.12,275337.82,166287.45,166571.75,0
1858.37,DEBIT,169486.18,167627.81,369433.82,371292.19,0
185.37,PAYMENT,246302.62,246117.25,306950.61,307135.98,0
4501.62,CASH_OUT,216387.08,211885.46,300035.48,304537.1,0
1286.55,TRANSFER,157533.64,156247.09000000003,343137.06,344423.61,0
1049.59,PAYMENT,108997.08,107947.49,323231.36,324280.95,0
389.64,TRANSFER,857.71,468.07000000000005,437135.37,437525.01,0
2355.18,PAYMENT,75271.58,72916.40000000001,284383.67,286738.85,0
1093.45,DEBIT,285530.04,284436.58999999997,200642.24,201735.69,0
552.2,CASH_IN,82638.55,82086.35,383044.66,383596.86,0
1339.2,DEBIT,225555.73,224216.53,129619.85,130959.05,0
203.82,TRANSFER,152549.28,152345.46,379796.02,379999.84,0
213.72,TRANSFER,92554.32,92340.6,139991.99,140205.71,1
357.74,CASH_IN,297328.03,296970.29000000004,240190.38,240548.12,0
1555.46,PAYMENT,14092.31,12536.849999999999,369596.66,371152.12,0
1093.07,PAYMENT,174623.13,173530.06,313829.62,314922.69,0
3130.6,TRANSFER,138455.46,135324.86,42844.52,45975.119999999995,0
437.03,PAYMENT,22957.92,22520.89,223279.84,223716.87,0
1948.21,PAYMENT,64228.86,62280.65,405927.78,407875.99000000005,0
978.61,PAYMENT,208272.59,207293.98,498382.49,499361.1,0
427.07,TRANSFER,32498.59,32071.52,233398.99,233826.06,0
1612.12,PAYMENT,240307.53,238695.41,42962.86,44574.98,0
1026.58,PAYMENT,187518.3,186491.72,183092.86,184119.43999999997,0
584.57,PAYMENT,30257.28,29672.71,244961.5,245546.07,0
1143.67,PAYMENT,86044.39,84900.72,36714.26,37857.93,0
963.4,DEBIT,41153.36,40189.96,432129.49,433092.89,0
940.41,PAYMENT,239280.39,238339.98,269395.55,270335.95999999996,0
725.9,CASH_OUT,159887.89,159161.99000000002,208057.8,208783.69999999998,0
297.39,CASH_OUT,848.98,551.59,198592.25,198889.64,0
1181.77,PAYMENT,162871.09,161689.32,14154.27,15336.04,0
491.41,DEBIT,144841.11,144349.69999999998,259437.81,259929.22,0
395.31,CASH_OUT,192922.92,192527.61000000002,237788.04,238183.35,0
862.04,TRANSFER,10453.22,9591.18,172942.63,173804.67,0
2284.78,PAYMENT,10627.74,8342.96,329338.65,331623.43000000005,1
1320.3,PAYMENT,104810.43,103490.12999999999,205516.12,206836.41999999998,0
644.75,CASH_IN,206561.43,205916.68,285882.0,286526.75,0
619.34,CASH_OUT,199967.43,199348.09,442521.21,443140.55000000005,0
2071.05,CASH_IN,83479.07,81408.02,181943.35,184014.4,0
99.81,CASH_IN,64820.26,64720.450000000004,198961.92,199061.73,0
2434.18,PAYMENT,204937.68,202503.5,432951.99,435386.17,0
168.34,CASH_OUT,8133.82,7965.48,179046.97,179215.31,0
266.29,TRANSFER,167035.0,166768.71,219681.45,219947.74000000002,0
655.72,CASH_OUT,127229.59,126573.87,400406.11,401061.82999999996,0
9605.82,PAYMENT,71726.05,62120.23,295933.45,305539.27,0
5868.88,PAYMENT,156089.43,150220.55,466942.92,472811.8,0
2222.72,CASH_OUT,65150.3,62927.58,235331.47,237554.19,0
1566.41,CASH_OUT,169296.48,167730.07,239513.2,241079.61000000002,0
170.33,TRANSFER,44692.15,44521.82,21464.19,21634.52,0
1282.75,PAYMENT,121707.87,120425.12,98651.58,99934.33,0
633.2,PAYMENT,153127.9,152494.69999999998,269999.66,270632.86,0
484.6,CASH_IN,9510.31,9025.71,93555.32,94039.92000000001,0
1280.24,TRANSFER,183215.17,181934.93000000002,226791.7,228071.94,0
684.64,TRANSFER,225094.59,224409.94999999998,141658.59,142343.23,0
2615.73,TRANSFER,286822.07,284206.34,10406.67,13022.4,0
158.23,TRANSFER,60937.91,60779.68,237554.71,237712.94,0
1182.06,TRANSFER,62608.61,61426.55,323134.99,324317.05,0
455.28,TRANSFER,91449.25,90993.97,169116.85,169572.13,0
728.05,DEBIT,267229.21,266501.16000000003,388263.48,388991.52999999997,0
1487.16,CASH_IN,122057.15,120569.98999999999,73026.97,74514.13,0
358.77,CASH_IN,90538.14,90179.37,45645.87,46004.64,0
1292.37,TRANSFER,222354.23,221061.86000000002,467420.75,468713.12,0
886.84,TRANSFER,11397.05,10510.21,460828.27,461715.11000000004,0
566.46,CASH_OUT,164644.35,164077.89,203272.12,203838.58,0
685.01,DEBIT,135057.0,134371.99,209965.94,210650.95,0
939.59,TRANSFER,187457.46,186517.87,425517.79,426457.38,0
508.86,CASH_OUT,219329.9,218821.04,265260.56,265769.42,0
1104.44,CASH_OUT,97496.52,96392.08,58556.89,59661.33,0
830.33,CASH_OUT,190925.16,190094.83000000002,57436.72,58267.05,0
595.09,CASH_OUT,157298.61,156703.52,65565.37,66160.45999999999,1
5376.77,PAYMENT,40190.34,34813.56999999999,390382.6,395759.37,0
1661.11,TRANSFER,264517.86,262856.75,300948.13,302609.24,0
747.91,TRANSFER,226377.05,225629.13999999998,149883.1,150631.01,0
1268.84,PAYMENT,276496.24,275227.39999999997,81036.71,82305.55,0
392.75,DEBIT,216121.38,215728.63,61731.76,62124.51,0
708.56,TRANSFER,73441.97,72733.41,370693.75,371402.31,0
796.26,PAYMENT,129157.87,128361.61,442931.28,443727.54000000004,0
315.2,CASH_OUT,116060.53,115745.33,265539.19,265854.39,0
1615.43,CASH_OUT,10746.58,9131.15,386355.05,387970.48,0
661.42,CASH_OUT,123164.45,122503.03,141564.2,142225.62000000002,0
768.57,PAYMENT,103670.84,102902.26999999999,292831.9,293600.47000000003,0
620.97,DEBIT,1177.14,556.1700000000001,219019.42,219640.39,0
21143.56,TRANSFER,254136.98,232993.42,43847.1,64990.66,0
565.32,TRANSFER,43162.33,42597.01,243683.39,244248.71000000002,0
138.56,PAYMENT,150285.65,150147.09,423393.37,423531.93,0
221.42,CASH_OUT,235403.35,235181.93,25891.26,26112.679999999997,0
2343.27,CASH_OUT,181344.41,179001.14,238552.99,240896.25999999998,0
4173.26,TRANSFER,50805.37,46632.11,436631.54,440804.8,0
554.58,TRANSFER,185463.34,184908.76,395035.96,395590.54000000004,0
3940.05,CASH_OUT,227279.07,223339.02000000002,246724.99,250665.03999999998,0
2302.13,CASH_OUT,256429.35,254127.22,85672.32,87974.45000000001,0
907.34,PAYMENT,95596.13,94688.79000000001,424263.1,425170.44,0
845.18,CASH_IN,10176.42,9331.24,76567.29,77412.46999999999,0
1314.05,CASH_OUT,182384.46,181070.41,138410.36,139724.40999999997,0
2637.15,CASH_IN,67730.55,65093.4,62137.6,64774.75,0
1631.56,CASH_IN,234268.52,232636.96,229504.56,231136.12,0
557.35,CASH_IN,203964.51,203407.16,314598.96,315156.31,0
921.31,CASH_OUT,231956.06,231034.75,413559.16,414480.47,0
7952.67,TRANSFER,290259.36,282306.69,230668.8,238621.47,1
1409.82,PAYMENT,175364.22,173954.4,485360.14,486769.96,0
2615.8,TRANSFER,271294.07,268678.27,297928.49,300544.29,0
1881.61,CASH_OUT,192568.01,190686.40000000002,302205.02,304086.63,0
1441.38,TRANSFER,54523.3,53081.920000000006,87644.01,89085.39,0
1222.56,DEBIT,239792.45,238569.89,95058.02,96280.58,0
2690.25,PAYMENT,208109.59,205419.34,288313.08,291003.33,0
2249.9,PAYMENT,293381.93,291132.02999999997,360439.7,362689.60000000003,0
1427.8,TRANSFER,73029.6,71601.8,102353.34,103781.14,0
547.98,TRANSFER,99937.65,99389.67,242008.84,242556.82,0
1612.53,PAYMENT,246447.31,244834.78,178100.03,179712.56,0
1025.56,PAYMENT,18866.88,17841.32,219381.88,220407.44,0
805.73,DEBIT,189959.93,189154.19999999998,111065.47,111871.2,0
15974.93,TRANSFER,160642.82,144667.89,70361.43,86336.35999999999,1
235.32,PAYMENT,50646.56,50411.24,160250.51,160485.83000000002,0
2859.82,PAYMENT,49536.51,46676.69,434458.33,437318.15,0
462.82,TRANSFER,243059.29,242596.47,402612.88,403075.7,0
1250.37,PAYMENT,4633.55,3383.1800000000003,50827.07,52077.44,0
14308.19,CASH_OUT,224052.43,209744.24,43904.26,58212.450000000004,1
418.9,CASH_OUT,219800.17,219381.27000000002,246475.61,246894.50999999998,0
531.73,PAYMENT,194903.99,194372.25999999998,138691.1,139222.83000000002,0
1077.59,TRANSFER,122855.3,121777.71,411712.9,412790.49000000005,0
470.02,PAYMENT,8496.21,8026.189999999999,243090.59,243560.61,0
2654.62,PAYMENT,240533.0,237878.38,426353.87,429008.49,0
642.57,DEBIT,37712.16,37069.590000000004,54099.41,54741.98,0
2109.09,TRANSFER,84236.25,82127.16,485038.54,487147.63,0
290.27,DEBIT,284034.88,283744.61,383550.67,383840.94,0
180.04,PAYMENT,90558.31,90378.27,365938.28,366118.32,0
872.2,PAYMENT,76541.75,75669.55,470108.08,470980.28,0
228.49,TRANSFER,292011.17,291782.68,235151.37,235379.86,1
5005.38,TRANSFER,25779.66,20774.28,74444.46,79449.84000000001,0
237.51,CASH_IN,48207.12,47969.61,248450.37,248687.88,0
388.51,PAYMENT,131495.25,131106.74,407611.92,408000.43,0
1658.42,DEBIT,236301.94,234643.52,429771.48,431429.89999999997,0
610.11,DEBIT,265307.68,264697.57,244272.85,244882.96,0
240.23,TRANSFER,226690.72,226450.49,366151.11,366391.33999999997,0
8433.47,PAYMENT,292852.51,284419.04000000004,123476.35,131909.82,0
402.77,TRANSFER,5053.84,4651.07,115273.52,115676.29000000001,0
901.21,PAYMENT,185851.97,184950.76,293129.78,294030.99000000005,0
889.63,CASH_OUT,34903.86,34014.23,210875.58,211765.21,1
2231.23,TRANSFER,273108.82,270877.59,80526.2,82757.43,0
1741.24,CASH_IN,280592.16,278850.92,380681.25,382422.49,0
479.72,CASH_OUT,90908.47,90428.75,266073.72,266553.43999999994,0
791.69,TRANSFER,248312.56,247520.87,260196.15,260987.84,0
874.0,CASH_OUT,189082.67,188208.67,94654.76,95528.76,1
2319.16,TRANSFER,30146.64,27827.48,120570.32,122889.48000000001,0
340.93,CASH_IN,180830.45,180489.52000000002,346353.94,346694.87,0
8251.17,PAYMENT,292817.11,284565.94,425951.54,434202.70999999996,0
513.28,CASH_IN,92428.21,91914.93000000001,88606.07,89119.35,0
1087.08,CASH_OUT,342.23,0.0,406172.86,407259.94,0
343.78,DEBIT,293037.5,292693.72,394047.58,394391.36000000004,0
299.42,TRANSFER,124195.03,123895.61,407455.91,407755.32999999996,0
457.41,DEBIT,129279.83,128822.42,290871.91,291329.31999999995,0
415.5,PAYMENT,213783.64,213368.14,175921.01,176336.51,0
724.69,CASH_OUT,181315.62,180590.93,385510.46,386235.15,0
412.0,PAYMENT,90595.98,90183.98,239972.71,240384.71,0
2198.55,PAYMENT,29993.36,27794.81,110932.04,113130.59,0
501.21,TRANSFER,248208.76,247707.55000000002,201193.38,201694.59,0
448.62,PAYMENT,145013.15,144564.53,228858.42,229307.04,0
740.28,PAYMENT,201742.29,201002.01,252672.58,253412.86,0
2959.69,DEBIT,258151.41,255191.72,448781.79,451741.48,1
1359.51,PAYMENT,5316.71,3957.2,205582.51,206942.02000000002,0
992.58,CASH_OUT,257815.58,256823.0,142405.41,143397.99,0
261.64,PAYMENT,225538.58,225276.93999999997,481173.98,481435.62,0
349.78,CASH_OUT,284046.52,283696.74,120974.1,121323.88,0
305.39,CASH_OUT,70077.24,69771.85,5558.15,5863.54,1
4051.54,TRANSFER,96726.7,92675.16,424910.51,428962.05,0
1864.15,CASH_OUT,198443.62,196579.47,477222.89,479087.04000000004,1
463.3,CASH_IN,277737.9,277274.60000000003,341065.97,341529.26999999996,0
623.67,CASH_OUT,297800.81,297177.14,203824.83,204448.5,1
480.44,PAYMENT,125021.3,124540.86,271877.34,272357.78,0
452.21,TRANSFER,161768.9,161316.69,416000.79,416453.0,0
1737.67,CASH_OUT,51165.3,49427.630000000005,442670.16,444407.82999999996,0
822.59,PAYMENT,208192.61,207370.02,51262.94,52085.53,0
8788.22,CASH_OUT,251211.13,242422.91,433998.36,442786.57999999996,0
3829.0,PAYMENT,239594.79,235765.79,308674.91,312503.91,0
4062.2,CASH_OUT,103752.91,99690.71,16139.28,20201.48,0
2145.99,PAYMENT,288979.2,286833.21,54242.85,56388.84,0
718.63,PAYMENT,36103.98,35385.350000000006,22767.11,23485.74,0
1993.79,CASH_IN,148191.0,146197.21,474279.29,476273.07999999996,0
773.69,DEBIT,166379.14,165605.45,213258.95,214032.64,0
5598.62,DEBIT,160954.16,155355.54,357807.82,363406.44,0
1643.0,CASH_IN,227367.23,225724.23,858.67,2501.67,0
1425.62,TRANSFER,182882.17,181456.55000000002,396585.98,398011.6,0
1245.23,PAYMENT,23138.83,21893.600000000002,241017.69,242262.92,0
6249.56,PAYMENT,53955.5,47705.94,461801.33,468050.89,0
261.45,TRANSFER,159671.71,159410.25999999998,260448.75,260710.2,1
6893.18,PAYMENT,208364.28,201471.1,394400.07,401293.25,0
910.37,CASH_IN,154252.36,153341.99,314733.35,315643.72,0
268.77,PAYMENT,106652.34,106383.56999999999,260269.24,260538.00999999998,0
516.87,PAYMENT,15340.37,14823.5,474122.09,474638.96,0
210.44,PAYMENT,235764.27,235553.83,247799.61,248010.05,0
2108.34,PAYMENT,149158.27,147049.93,446194.18,448302.52,0
388.27,PAYMENT,161636.74,161248.47,18038.82,18427.09,1
1298.11,CASH_OUT,140687.44,139389.33000000002,328709.42,330007.52999999997,0
3409.15,PAYMENT,79603.62,76194.47,455830.79,459239.94,0
560.03,TRANSFER,82912.04,82352.01,449637.66,450197.69,1
838.74,DEBIT,19050.24,18211.5,242526.82,243365.56,0
297.86,TRANSFER,212279.7,211981.84000000003,236048.58,236346.43999999997,0
743.7,CASH_OUT,81561.86,80818.16,405256.72,406000.42,0
14386.18,PAYMENT,89568.4,75182.22,167507.94,181894.12,0
2387.34,PAYMENT,298050.04,295662.69999999995,468580.71,470968.05000000005,0
841.57,PAYMENT,115743.77,114902.2,125342.06,126183.63,0
594.85,CASH_IN,153209.16,152614.31,37198.91,37793.76,0
1050.86,CASH_OUT,115941.93,114891.06999999999,385961.98,387012.83999999997,0
1248.94,PAYMENT,87057.33,85808.39,202362.13,203611.07,0
721.21,TRANSFER,1755.22,1034.01,177888.68,178609.88999999998,0
1863.22,DEBIT,256465.9,254602.68,160454.98,162318.2,0
422.65,CASH_OUT,141946.1,141523.45,490221.12,490643.77,1
420.57,TRANSFER,215967.09,215546.52,285838.33,286258.9,0
1587.94,DEBIT,287597.01,286009.07,495957.22,497545.16,0
340.82,CASH_OUT,849.4,508.58,171790.49,172131.31,0
2273.37,CASH_OUT,202511.88,200238.51,206984.62,209257.99,0
1081.08,PAYMENT,35592.21,34511.13,105881.35,106962.43000000001,0
176.28,PAYMENT,137389.52,137213.24,215182.06,215358.34,0
1223.53,CASH_IN,254034.62,252811.09,31002.67,32226.199999999997,0
203.33,TRANSFER,21448.75,21245.42,278.93,482.26,0
2193.74,TRANSFER,296884.05,294690.31,226536.74,228730.47999999998,0
855.16,TRANSFER,174250.75,173395.59,373011.96,373867.12,0
6981.95,PAYMENT,118498.04,111516.09,218532.58,225514.53,0
3201.3,DEBIT,5853.08,2651.7799999999997,259002.7,262204.0,0
379.67,PAYMENT,176046.92,175667.25,222807.95,223187.62000000002,1
145.37,CASH_OUT,148467.14,148321.77000000002,263402.14,263547.51,0
515.38,TRANSFER,64595.1,64079.72,387802.02,388317.4,0
323.35,PAYMENT,147134.26,146810.91,401893.15,402216.5,0
6807.21,PAYMENT,3836.78,0.0,419029.02,425836.23000000004,0
1085.38,CASH_OUT,299843.28,298757.9,106214.95,107300.33,0
2788.95,PAYMENT,99634.33,96845.38,228922.23,231711.18000000002,0
824.66,PAYMENT,144066.64,143241.98,415502.85,416327.50999999995,0
916.29,CASH_OUT,235433.45,234517.16,470939.51,471855.8,1
1061.43,PAYMENT,213833.5,212772.07,271491.69,272553.12,0
3316.08,PAYMENT,266567.71,263251.63,246499.99,249816.06999999998,0
1497.61,PAYMENT,282397.72,280900.11,382297.39,383795.0,0
380.95,DEBIT,56753.35,56372.4,495847.16,496228.11,0
5555.34,PAYMENT,117119.95,111564.61,212966.1,218521.44,0
818.26,PAYMENT,206045.1,205226.84,82549.84,83368.09999999999,0
695.39,PAYMENT,13507.28,12811.890000000001,417153.4,417848.79000000004,0
64.75,PAYMENT,215083.47,215018.72,355212.6,355277.35,0
2068.13,PAYMENT,1465.03,0.0,72537.89,74606.02,0
1213.19,PAYMENT,274226.54,273013.35,161754.65,162967.84,0
1211.88,PAYMENT,215450.83,214238.94999999998,276611.7,277823.58,0
733.02,TRANSFER,169649.75,168916.73,365732.78,366465.80000000005,0
616.95,DEBIT,128670.29,128053.34,390323.29,390940.24,0
757.8,PAYMENT,296407.43,295649.63,77865.68,78623.48,0
1742.65,PAYMENT,220953.52,219210.87,108375.34,110117.98999999999,0
2077.91,CASH_IN,242187.89,240109.98,372061.26,374139.17,0
870.41,DEBIT,247615.5,246745.09,58056.19,58926.600000000006,0
2832.56,CASH_OUT,6562.48,3729.9199999999996,249080.12,251912.68,0
1013.36,PAYMENT,16405.32,15391.96,272996.08,274009.44,0
662.34,TRANSFER,59509.5,58847.16,169677.27,170339.61,0
1337.31,PAYMENT,196565.28,195227.97,398168.11,399505.42,0
281.64,PAYMENT,187184.76,186903.12,27707.91,27989.55,1
1383.98,PAYMENT,97549.07,96165.09000000001,388722.25,390106.23,0
234.58,TRANSFER,291899.63,291665.05,323016.37,323250.95,0
392.4,PAYMENT,27931.99,27539.59,253608.79,254001.19,0
145.66,TRANSFER,233016.04,232870.38,436186.35,436332.00999999995,0
920.47,PAYMENT,144263.14,143342.67,101123.22,102043.69,0
5484.24,PAYMENT,125650.26,120166.01999999999,400387.02,405871.26,0
975.47,CASH_OUT,7669.5,6694.03,93887.27,94862.74,0
2087.21,DEBIT,218339.89,216252.68000000002,495223.05,497310.26,0
11525.46,PAYMENT,231472.65,219947.19,16382.38,27907.839999999997,0
1642.63,TRANSFER,95687.25,94044.62,276598.63,278241.26,0
510.19,PAYMENT,155088.86,154578.66999999998,84008.41,84518.6,0
585.48,PAYMENT,181932.64,181347.16,203987.53,204573.01,0
1097.36,CASH_OUT,110293.57,109196.21,73973.34,75070.7,0
582.37,PAYMENT,184674.6,184092.23,96912.73,97495.09999999999,0
627.61,TRANSFER,130238.12,129610.51,30490.25,31117.86,0
2937.32,TRANSFER,263420.96,260483.64,4001.77,6939.09,0
3059.96,PAYMENT,215553.97,212494.01,359652.94,362712.9,0
211.26,PAYMENT,33149.99,32938.729999999996,226730.27,226941.53,0
483.88,PAYMENT,239880.96,239397.08,22796.09,23279.97,0
689.52,CASH_IN,101251.69,100562.17,469484.91,470174.43,0
1996.38,TRANSFER,280670.53,278674.15,332805.07,334801.45,0
3439.48,PAYMENT,181011.38,177571.9,132136.57,135576.05000000002,0
16349.75,PAYMENT,8273.39,0.0,219347.57,235697.32,0
688.37,TRANSFER,220308.81,219620.44,244633.34,245321.71,0
723.62,PAYMENT,39220.31,38496.689999999995,284963.91,285687.52999999997,0
1975.49,TRANSFER,263180.24,261204.75,428725.14,430700.63,0
554.34,CASH_OUT,284499.09,283944.75,294950.14,295504.48000000004,1
952.45,TRANSFER,208576.76,207624.31,489363.07,490315.52,0
724.12,PAYMENT,159861.83,159137.71,363404.54,364128.66,0
79.71,PAYMENT,180618.9,180539.19,494258.6,494338.31,0
1240.45,PAYMENT,128656.55,127416.1,275374.58,276615.03,0
913.82,TRANSFER,25074.83,24161.010000000002,339224.59,340138.41000000003,0
3909.76,DEBIT,278653.05,274743.29,368949.29,372859.05,0
1102.67,PAYMENT,98755.96,97653.29000000001,377373.52,378476.19,0
312.7,TRANSFER,93854.33,93541.63,12214.81,12527.51,0
847.17,CASH_OUT,57397.43,56550.26,63737.16,64584.33,0
135.49,PAYMENT,297722.47,297586.98,113861.19,113996.68000000001,0
326.71,PAYMENT,282769.33,282442.62,135747.25,136073.96,0
2070.42,PAYMENT,104829.71,102759.29000000001,452684.09,454754.51,0
856.33,CASH_OUT,78001.61,77145.28,361301.61,362157.94,1
2758.68,TRANSFER,241610.86,238852.18,71640.81,74399.48999999999,0
153.41,CASH_OUT,126783.02,126629.61,213177.52,213330.93,0
860.52,DEBIT,290336.42,289475.89999999997,121560.77,122421.29000000001,0
681.63,CASH_OUT,270365.02,269683.39,414931.82,415613.45,0
2852.21,CASH_IN,227835.4,224983.19,458898.49,461750.7,0
2149.01,CASH_OUT,26977.29,24828.28,82145.07,84294.08,1
2084.43,DEBIT,210638.32,208553.89,208285.39,210369.82,0
5122.56,DEBIT,296176.32,291053.76,476418.49,481541.05,0
758.93,CASH_OUT,111987.76,111228.83,328544.72,329303.64999999997,0
4167.54,CASH_OUT,264470.7,260303.16,434048.43,438215.97,0
385.98,CASH_IN,122442.55,122056.57,178846.87,179232.85,0
372.08,TRANSFER,291397.2,291025.12,104851.18,105223.26,1
2327.96,CASH_OUT,196077.41,193749.45,345651.86,347979.82,0
243.53,TRANSFER,28950.14,28706.61,68713.17,68956.7,0
1944.51,DEBIT,143713.72,141769.21,419950.95,421895.46,0
1213.56,TRANSFER,14918.63,13705.07,377418.58,378632.14,0
3203.03,CASH_OUT,118522.72,115319.69,152453.32,155656.35,0
1033.34,CASH_OUT,274614.36,273581.01999999996,249355.76,250389.1,0
1159.85,CASH_IN,69660.66,68500.81,399596.95,400756.8,0
1824.87,PAYMENT,285170.33,283345.46,467455.16,469280.02999999997,1
565.3,CASH_OUT,29976.91,29411.61,176080.25,176645.55,0
541.2,CASH_OUT,199443.46,198902.25999999998,394995.91,395537.11,0
1762.4,CASH_IN,289705.67,287943.26999999996,97233.54,98995.93999999999,0
1064.98,CASH_IN,196246.07,195181.09,451770.07,452835.05,0
729.74,TRANSFER,269701.19,268971.45,343125.01,343854.75,0
1009.51,TRANSFER,297309.14,296299.63,76369.66,77379.17,0
5402.19,PAYMENT,192553.03,187150.84,369914.46,375316.65,0
704.14,CASH_IN,234679.15,233975.00999999998,362028.84,362732.98000000004,0
684.02,PAYMENT,9595.56,8911.539999999999,371148.73,371832.75,0
198.85,CASH_OUT,128193.11,127994.26,172438.71,172637.56,0
1051.16,CASH_OUT,86479.61,85428.45,369900.12,370951.27999999997,0
2115.16,TRANSFER,247255.6,245140.44,413285.03,415400.19,0
2530.57,PAYMENT,203273.4,200742.83,173564.45,176095.02000000002,0
1221.97,PAYMENT,184324.27,183102.3,103978.83,105200.8,0
2852.16,DEBIT,279467.61,276615.45,443939.96,446792.12,0
2278.4,TRANSFER,26660.34,24381.94,310347.03,312625.43000000005,0
3337.41,PAYMENT,286152.38,282814.97000000003,230193.58,233530.99,0
2934.53,CASH_OUT,30229.41,27294.88,439871.95,442806.48000000004,0
5271.01,PAYMENT,104105.26,98834.25,68002.82,73273.83,0
925.47,DEBIT,189082.1,188156.63,405292.3,406217.76999999996,0
290.89,PAYMENT,102442.86,102151.97,245410.64,245701.53000000003,0
2129.66,PAYMENT,204760.88,202631.22,21262.13,23391.79,0
2393.6,PAYMENT,232625.59,230231.99,486306.34,488699.94,0
5271.11,TRANSFER,248551.75,243280.64,389033.37,394304.48,0
3949.29,TRANSFER,53803.11,49853.82,107377.91,111327.2,0
7673.07,CASH_OUT,54623.01,46949.94,461847.79,469520.86,1
2038.26,TRANSFER,15694.21,13655.949999999999,467672.78,469711.04000000004,0
1378.58,PAYMENT,147255.55,145876.97,400232.8,401611.38,0
274.52,PAYMENT,41260.09,40985.57,63585.22,63859.74,0
1492.33,PAYMENT,95579.1,94086.77,93190.67,94683.0,0
631.12,CASH_IN,252130.3,251499.18,377016.47,377647.58999999997,0
1354.94,PAYMENT,284597.68,283242.74,456902.89,458257.83,0
1158.07,CASH_IN,246622.78,245464.71,107509.07,108667.14000000001,0
1757.65,PAYMENT,194.51,0.0,230413.92,232171.57,0
994.93,PAYMENT,170407.27,169412.34,77396.98,78391.90999999999,0
2793.42,PAYMENT,49998.04,47204.62,239003.92,241797.34000000003,0
72.01,PAYMENT,112724.07,112652.06000000001,321264.57,321336.58,0
1326.09,CASH_OUT,128375.68,127049.59,9277.44,10603.53,0
3650.03,TRANSFER,282882.23,279232.19999999995,321463.6,325113.63,0
7115.63,PAYMENT,190121.62,183005.99,319874.96,326990.59,0
2280.07,CASH_OUT,80296.52,78016.45,227504.24,229784.31,0
5912.85,CASH_OUT,192838.45,186925.6,447701.13,453613.98,0
1298.46,CASH_IN,285559.64,284261.18,67409.51,68707.97,0
1099.78,CASH_IN,17747.74,16647.960000000003,25655.92,26755.699999999997,0
1862.02,CASH_OUT,244796.3,242934.28,247915.58,249777.59999999998,0
1093.14,CASH_OUT,65069.27,63976.13,266517.26,267610.4,0
501.52,CASH_OUT,45932.39,45430.87,133344.59,133846.11,0
655.08,TRANSFER,269660.08,269005.0,480813.85,481468.93,0
360.63,CASH_OUT,554.84,194.21000000000004,126863.62,127224.25,0
1860.08,PAYMENT,222325.72,220465.64,135080.91,136940.99,0
1109.2,CASH_OUT,26168.52,25059.32,405493.23,406602.43,1
764.88,CASH_IN,185398.59,184633.71,461411.84,462176.72000000003,0
622.23,PAYMENT,186269.07,185646.84,268069.87,268692.1,0
1817.21,DEBIT,258832.81,257015.6,9526.99,11344.2,0
2393.35,CASH_IN,246781.95,244388.6,177717.44,180110.79,0
354.07,PAYMENT,205549.3,205195.22999999998,111969.91,112323.98000000001,0
302.57,TRANSFER,114164.28,113861.70999999999,255509.02,255811.59,0
2848.39,CASH_IN,49921.72,47073.33,341285.89,344134.28,0
277.24,CASH_IN,190704.88,190427.64,196218.14,196495.38,0
1895.97,PAYMENT,149090.94,147194.97,268679.99,270575.95999999996,1
5524.29,PAYMENT,23382.68,17858.39,379930.16,385454.44999999995,0
5537.15,CASH_OUT,286668.57,281131.42,123073.5,128610.65,0
2293.59,PAYMENT,94325.86,92032.27,97983.95,100277.54,0
2227.89,PAYMENT,642.23,0.0,402817.47,405045.36,0
10424.43,PAYMENT,270507.09,260082.66000000003,18511.81,28936.24,0
106.23,PAYMENT,173115.26,173009.03,75298.29,75404.51999999999,1
689.29,TRANSFER,219918.2,219228.91,6178.37,6867.66,0
2561.87,CASH_OUT,45799.87,43238.0,277692.4,280254.27,0
782.67,CASH_OUT,121381.7,120599.03,300042.87,300825.54,1
3788.7,CASH_OUT,193518.37,189729.66999999998,265515.35,269304.05,0
1054.31,TRANSFER,75289.41,74235.1,207134.51,208188.82,0
1251.06,PAYMENT,210449.68,209198.62,264514.56,265765.62,0
833.24,PAYMENT,70084.48,69251.23999999999,96968.9,97802.14,0
650.34,PAYMENT,62738.35,62088.01,413121.36,413771.7,0
634.53,PAYMENT,3487.4,2852.87,490386.5,491021.03,0
1438.23,PAYMENT,84572.02,83133.79000000001,270311.44,271749.67,0
505.44,PAYMENT,74021.04,73515.59999999999,187177.77,187683.21,0
2844.68,PAYMENT,229306.97,226462.29,395891.36,398736.04,0
2107.43,CASH_OUT,170912.97,168805.54,96535.97,98643.4,0
3292.55,CASH_OUT,53347.35,50054.799999999996,160386.78,163679.33,0
354.63,CASH_IN,170438.24,170083.61,469990.29,470344.92,1
200.44,CASH_OUT,67633.08,67432.64,93147.09,93347.53,0
1092.05,TRANSFER,127650.68,126558.62999999999,56057.79,57149.840000000004,1
19906.48,PAYMENT,266462.42,246555.93999999997,273176.85,293083.32999999996,0
3890.17,TRANSFER,215776.87,211886.69999999998,293708.67,297598.83999999997,1
629.9,PAYMENT,195330.01,194700.11000000002,298575.05,299204.95,0
1676.58,TRANSFER,84445.03,82768.45,82239.11,83915.69,0
2270.12,PAYMENT,37374.5,35104.38,360572.36,362842.48,0
279.11,TRANSFER,225884.7,225605.59000000003,121140.56,121419.67,0
4314.02,PAYMENT,170367.12,166053.1,474051.28,478365.30000000005,0
927.58,CASH_OUT,186828.05,185900.47,113978.59,114906.17,0
1001.57,DEBIT,292534.0,291532.43,8655.74,9657.31,0
1123.03,CASH_OUT,104496.28,103373.25,283922.6,285045.63,0
3444.52,CASH_OUT,240224.26,236779.74000000002,101423.94,104868.46,0
515.34,TRANSFER,167687.05,167171.71,314286.91,314802.25,0
198.95,PAYMENT,70577.98,70379.03,114606.68,114805.62999999999,0
1514.67,CASH_OUT,15866.5,14351.83,214042.18,215556.85,0
142.07,TRANSFER,184803.27,184661.19999999998,89757.2,89899.27,0
811.51,PAYMENT,89284.84,88473.33,214405.68,215217.19,0
3593.47,PAYMENT,208643.5,205050.03,68260.17,71853.64,0
1956.86,CASH_IN,210218.15,208261.29,168986.53,170943.38999999998,0
3109.93,CASH_OUT,136638.14,133528.21000000002,99465.81,102575.73999999999,0
2039.28,TRANSFER,160919.14,158879.86000000002,408050.94,410090.22000000003,0
12213.96,CASH_OUT,187964.06,175750.1,364677.04,376891.0,1
608.96,TRANSFER,140581.48,139972.52000000002,83409.7,84018.66,0
1632.93,TRANSFER,263211.18,261578.25,41452.28,43085.21,0
707.6,PAYMENT,22780.37,22072.77,12872.3,13579.9,0
2854.93,TRANSFER,293945.45,291090.52,113335.9,116190.82999999999,0
1031.15,CASH_OUT,10035.27,9004.12,240088.68,241119.83,0
6117.11,PAYMENT,62428.91,56311.8,199941.6,206058.71,0
644.96,CASH_OUT,212492.36,211847.4,485749.52,486394.48000000004,0
4478.87,PAYMENT,25488.08,21009.210000000003,396122.82,400601.69,0
1984.53,CASH_OUT,78651.83,76667.3,39093.34,41077.869999999995,0
1061.61,CASH_OUT,46193.0,45131.39,79466.19,80527.8,0
1886.43,CASH_OUT,217071.47,215185.04,13299.53,15185.960000000001,1
1424.06,TRANSFER,173680.02,172255.96,69113.18,70537.23999999999,0
1565.49,CASH_IN,19343.58,17778.09,264708.57,266274.06,0
891.7,TRANSFER,138040.27,137148.56999999998,38369.02,39260.719999999994,1
543.71,CASH_OUT,62550.88,62007.17,29933.97,30477.68,0
784.41,CASH_OUT,290309.58,289525.17000000004,59080.75,59865.16,0
203.74,PAYMENT,32375.38,32171.64,334706.82,334910.56,0
2545.16,PAYMENT,179416.55,176871.38999999998,9679.06,12224.22,0
318.89,TRANSFER,144554.17,144235.28,484813.05,485131.94,1
882.14,PAYMENT,173425.35,172543.21,190393.13,191275.27000000002,0
2096.54,PAYMENT,286947.86,284851.32,168293.68,170390.22,0
2538.67,PAYMENT,102384.56,99845.89,237406.42,239945.09000000003,1
185.93,TRANSFER,224629.91,224443.98,258930.9,259116.83,0
1000.4,PAYMENT,134239.94,133239.54,210006.69,211007.09,0
1736.7,CASH_OUT,198228.48,196491.78,243162.94,244899.64,0
1155.19,TRANSFER,109697.26,108542.06999999999,169866.95,171022.14,0
4205.19,CASH_OUT,68136.66,63931.47,161003.71,165208.9,0
482.12,PAYMENT,25084.91,24602.79,13657.63,14139.75,0
141.31,TRANSFER,30525.38,30384.07,335900.27,336041.58,0
2465.93,PAYMENT,287829.1,285363.17,308635.99,311101.92,0
640.93,CASH_OUT,236536.99,235896.06,334410.19,335051.12,0
188.95,PAYMENT,73487.77,73298.82,470527.53,470716.48000000004,0
935.88,CASH_IN,158744.17,157808.29,236542.37,237478.25,1
3753.93,PAYMENT,214269.82,210515.89,440885.22,444639.14999999997,1
310.05,TRANSFER,105761.37,105451.31999999999,221971.62,222281.66999999998,0
11338.92,PAYMENT,131996.42,120657.50000000001,238807.01,250145.93000000002,0
474.43,CASH_OUT,215514.58,215040.15,316476.26,316950.69,0
1196.33,TRANSFER,68236.29,67039.95999999999,107950.7,109147.03,0
324.04,PAYMENT,157903.31,157579.27,108678.06,109002.09999999999,0
1143.23,PAYMENT,63026.45,61883.219999999994,254915.92,256059.15000000002,0
959.35,PAYMENT,923.28,0.0,34304.91,35264.26,0
247.28,PAYMENT,207079.12,206831.84,118329.02,118576.3,0
18505.57,CASH_IN,212179.46,193673.88999999998,396706.08,415211.65,0
668.25,TRANSFER,298716.81,298048.56,231866.71,232534.96,0
668.84,PAYMENT,54304.63,53635.79,13310.97,13979.81,0
2890.07,CASH_IN,221874.1,218984.03,30370.71,33260.78,1
6729.49,PAYMENT,284390.23,277660.74,459757.69,466487.18,0
3382.72,TRANSFER,193374.1,189991.38,478359.22,481741.93999999994,0
329.91,CASH_OUT,288942.17,288612.26,320551.92,320881.82999999996,0
1358.19,CASH_IN,298332.3,296974.11,92472.55,93830.74,0
167.11,CASH_OUT,240487.32,240320.21000000002,184043.1,184210.21,0
2701.89,TRANSFER,299785.77,297083.88,152733.53,155435.42,0
213.75,CASH_IN,187747.34,187533.59,392578.16,392791.91,1
491.17,PAYMENT,149116.71,148625.53999999998,268544.84,269036.01,0
1093.13,CASH_IN,275290.88,274197.75,389828.27,390921.4,0
1711.3,DEBIT,249286.75,247575.45,180255.31,181966.61,0
844.77,CASH_IN,33033.62,32188.850000000002,434755.73,435600.5,0
5009.46,PAYMENT,90816.79,85807.32999999999,214581.19,219590.65,0
2260.27,PAYMENT,78193.54,75933.26999999999,208687.03,210947.3,0
2089.59,CASH_OUT,256578.5,254488.91,244549.22,246638.81,0
320.73,TRANSFER,69973.61,69652.88,295902.88,296223.61,0
5999.12,TRANSFER,91213.43,85214.31,447055.93,453055.05,0
491.24,CASH_IN,155636.6,155145.36000000002,228877.77,229369.00999999998,0
6232.56,CASH_OUT,22835.85,16603.289999999997,465068.12,471300.68,1
8284.94,PAYMENT,288368.89,280083.95,196834.17,205119.11000000002,0
1831.07,TRANSFER,147318.83,145487.75999999998,162286.35,164117.42,0
3077.93,PAYMENT,57130.12,54052.19,147522.8,150600.72999999998,0
50.25,PAYMENT,81246.22,81195.97,10576.0,10626.25,0
902.35,PAYMENT,239425.12,238522.77,424571.97,425474.31999999995,0
3301.61,CASH_OUT,190201.94,186900.33000000002,39616.87,42918.48,0
2764.21,CASH_OUT,139387.81,136623.6,167165.68,169929.88999999998,0
323.85,TRANSFER,99480.41,99156.56,125228.39,125552.24,0
817.52,PAYMENT,270205.31,269387.79,372218.37,373035.89,0
86.8,CASH_OUT,231769.36,231682.56,466293.59,466380.39,0
1657.38,CASH_OUT,215433.61,213776.22999999998,408354.89,410012.27,0
166.78,DEBIT,133800.15,133633.37,159999.16,160165.94,0
3396.42,TRANSFER,294348.05,290951.63,227878.67,231275.09000000003,0
3578.59,CASH_OUT,213021.09,209442.5,123518.45,127097.04,0
682.41,TRANSFER,127087.42,126405.01,461990.1,462672.50999999995,0
1846.92,TRANSFER,288165.61,286318.69,59372.29,61219.21,0
882.63,DEBIT,268717.5,267834.87,475977.23,476859.86,0
1396.76,PAYMENT,221989.56,220592.8,406828.41,408225.17,0
348.19,PAYMENT,230098.84,229750.65,355788.86,356137.05,0
2043.65,PAYMENT,127088.25,125044.6,386996.83,389040.48000000004,0
212.47,TRANSFER,152205.15,151992.68,169673.4,169885.87,0
175.93,TRANSFER,57464.2,57288.27,147943.25,148119.18,0
970.75,CASH_OUT,178618.87,177648.12,190710.43,191681.18,0
887.81,TRANSFER,110974.96,110087.15000000001,90806.62,91694.43,1
1439.86,PAYMENT,104231.5,102791.64,373180.04,374619.89999999997,0
572.77,DEBIT,284468.46,283895.69,237521.92,238094.69,0
7227.81,PAYMENT,49435.03,42207.22,442904.98,450132.79,0
1287.69,CASH_IN,248992.08,247704.38999999998,439190.75,440478.44,0
1384.21,PAYMENT,84440.57,83056.36,77926.94,79311.15000000001,0
1335.73,TRANSFER,8596.69,7260.960000000001,109409.13,110744.86,0
2989.64,TRANSFER,12138.92,9149.28,205320.11,208309.75,0
1950.84,DEBIT,128753.25,126802.41,59407.23,61358.07,0
1706.19,PAYMENT,136338.27,134632.08,344716.94,346423.13,0
2289.26,CASH_IN,96075.34,93786.08,368797.83,371087.09,0
176.86,TRANSFER,200633.88,200457.02000000002,360675.18,360852.04,0
183.67,TRANSFER,145602.83,145419.15999999997,235105.16,235288.83000000002,0
1016.32,TRANSFER,22233.92,21217.6,421608.11,422624.43,0
899.94,PAYMENT,104421.36,103521.42,302922.87,303822.81,0
1958.26,TRANSFER,30588.82,28630.56,496805.89,498764.15,0
1118.81,PAYMENT,18874.71,17755.899999999998,407719.11,408837.92,0
1962.29,PAYMENT,62491.99,60529.7,361129.41,363091.69999999995,0
315.58,CASH_OUT,210172.64,209857.06000000003,61651.4,61966.98,0
1084.91,TRANSFER,208800.49,207715.58,416300.02,417384.93,0
286.85,PAYMENT,258416.74,258129.88999999998,152786.11,153072.96,0
1614.62,PAYMENT,226925.79,225311.17,209457.15,211071.77,0
167.62,PAYMENT,160648.71,160481.09,231380.14,231547.76,0
1553.57,PAYMENT,93783.63,92230.06,165655.26,167208.83000000002,0
252.4,TRANSFER,1743.45,1491.05,54219.4,54471.8,1
747.3,PAYMENT,194141.24,193393.94,99681.92,100429.22,0
2683.64,DEBIT,86913.96,84230.32,401733.23,404416.87,0
1376.61,PAYMENT,75030.03,73653.42,326135.07,327511.68,0
211.52,PAYMENT,292447.66,292236.13999999996,471420.75,471632.27,0
559.81,DEBIT,52272.06,51712.25,410534.18,411093.99,0
244.35,PAYMENT,9730.42,9486.07,201110.11,201354.46,0
201.39,TRANSFER,284817.12,284615.73,393103.08,393304.47000000003,0
1233.56,CASH_IN,91802.02,90568.46,288214.6,289448.16,0
1920.42,CASH_IN,118026.02,116105.6,143150.54,145070.96000000002,0
1703.78,CASH_OUT,24280.47,22576.690000000002,487544.66,489248.44,0
2003.45,PAYMENT,121219.56,119216.11,464245.5,466248.95,0
1083.65,TRANSFER,291666.39,290582.74,56099.23,57182.880000000005,0
834.31,CASH_IN,208205.92,207371.61000000002,419710.74,420545.05,0
375.0,CASH_IN,142147.45,141772.45,38843.36,39218.36,0
706.22,PAYMENT,92241.49,91535.27,464409.6,465115.81999999995,1
292.55,PAYMENT,109813.19,109520.64,312083.02,312375.57,0
470.99,PAYMENT,183368.44,182897.45,83291.12,83762.11,0
1198.62,PAYMENT,76335.02,75136.40000000001,408631.22,409829.83999999997,0
974.76,CASH_OUT,45584.26,44609.5,257890.92,258865.68000000002,0
23499.35,PAYMENT,208868.6,185369.25,29774.94,53274.28999999999,0
285.49,PAYMENT,260840.93,260555.44,399213.69,399499.18,0
967.68,PAYMENT,270461.67,269493.99,394169.09,395136.77,0
264.08,TRANSFER,252425.56,252161.48,241029.97,241294.05,1
744.13,PAYMENT,159179.9,158435.77,365554.83,366298.96,0
775.03,TRANSFER,236649.29,235874.26,20074.16,20849.19,0
2552.63,PAYMENT,277906.72,275354.08999999997,159053.3,161605.93,0
699.48,CASH_IN,7008.78,6309.299999999999,336611.19,337310.67,0
905.67,PAYMENT,123629.47,122723.8,115302.86,116208.53,0
713.14,TRANSFER,61237.64,60524.5,225205.69,225918.83000000002,0
270.14,PAYMENT,299030.64,298760.5,465973.38,466243.52,0
571.29,PAYMENT,278869.8,278298.51,413375.89,413947.18,0
748.49,PAYMENT,240655.79,239907.30000000002,278998.27,279746.76,0
1180.66,PAYMENT,88763.94,87583.28,288358.17,289538.82999999996,0
1917.83,PAYMENT,285630.68,283712.85,443503.01,445420.84,0
867.32,TRANSFER,8775.13,7907.8099999999995,431529.55,432396.87,0
852.2,CASH_OUT,56411.91,55559.71000000001,44148.37,45000.57,0
196.21,PAYMENT,185062.13,184865.92,232788.69,232984.9,0
1881.33,TRANSFER,237902.01,236020.68000000002,95426.83,97308.16,0
546.81,TRANSFER,265089.26,264542.45,41609.88,42156.689999999995,0
2314.9,PAYMENT,90152.58,87837.68000000001,146197.75,148512.65,0
4090.57,PAYMENT,117241.38,113150.81,305321.9,309412.47000000003,0
908.76,PAYMENT,136448.22,135539.46,397185.16,398093.92,0
394.13,PAYMENT,8092.15,7698.0199999999995,456238.18,456632.31,0
1078.47,TRANSFER,259190.78,258112.31,211478.07,212556.54,0
1554.18,CASH_IN,101384.52,99830.34000000001,211161.54,212715.72,0
799.89,CASH_IN,59783.54,58983.65,76626.27,77426.16,0
623.88,CASH_IN,122759.12,122135.23999999999,97420.64,98044.52,0
1926.64,TRANSFER,213169.01,211242.37,51247.45,53174.09,0
1803.67,PAYMENT,261274.67,259471.0,487950.27,489753.94,0
775.66,PAYMENT,64612.94,63837.28,63798.72,64574.380000000005,0
209.75,PAYMENT,51783.89,51574.14,378321.23,378530.98,0
1730.87,PAYMENT,283134.89,281404.02,158882.15,160613.02,0
509.11,PAYMENT,165267.91,164758.80000000002,268573.9,269083.01,0
1358.78,TRANSFER,109731.61,108372.83,436355.11,437713.89,0
1275.58,PAYMENT,59795.84,58520.259999999995,468083.73,469359.31,0
165.84,PAYMENT,298574.35,298408.50999999995,120115.16,120281.0,0
1189.25,CASH_OUT,215755.29,214566.04,455634.7,456823.95,0
1834.51,PAYMENT,65365.59,63531.079999999994,126026.22,127860.73,0
2073.83,DEBIT,27377.83,25304.0,402398.6,404472.43,0
1233.2,PAYMENT,59784.7,58551.5,7625.19,8858.39,1
151.84,TRANSFER,74322.78,74170.94,267615.74,267767.58,0
3932.7,PAYMENT,33325.69,29392.99,362906.34,366839.04000000004,0
1654.12,TRANSFER,68895.41,67241.29000000001,419469.48,421123.6,0
329.21,PAYMENT,35033.91,34704.700000000004,420564.44,420893.65,0
498.82,PAYMENT,113319.51,112820.68999999999,149433.92,149932.74000000002,0
1381.91,TRANSFER,145858.58,144476.66999999998,426574.8,427956.70999999996,0
2164.15,PAYMENT,136585.49,134421.34,161823.51,163987.66,0
673.2,PAYMENT,248763.02,248089.81999999998,116883.68,117556.87999999999,0
2503.7,CASH_IN,76198.62,73694.92,736.63,3240.33,0
182.59,PAYMENT,266128.15,265945.56,117857.63,118040.22,0
386.66,TRANSFER,272436.85,272050.19,59219.41,59606.07000000001,0
139.16,TRANSFER,287939.91,287800.75,337468.3,337607.45999999996,0
447.02,PAYMENT,54294.97,53847.950000000004,72393.81,72840.83,0
4954.63,TRANSFER,73725.34,68770.70999999999,292691.76,297646.39,0
8585.26,PAYMENT,187149.68,178564.41999999998,63233.88,71819.14,0
1386.57,CASH_OUT,42267.49,40880.92,352209.27,353595.84,0
579.16,PAYMENT,25686.4,25107.24,142772.75,143351.91,0
878.63,PAYMENT,22109.16,21230.53,154348.19,155226.82,0
1760.48,PAYMENT,181844.89,180084.41,320192.66,321953.13999999996,0
229.76,CASH_IN,241403.44,241173.68,469472.66,469702.42,0
618.63,CASH_OUT,77665.7,77047.06999999999,495800.52,496419.15,0
4604.98,CASH_IN,280060.17,275455.19,178631.81,183236.79,0
385.4,CASH_OUT,237580.65,237195.25,473163.29,473548.69,0
518.52,CASH_OUT,23238.12,22719.6,306160.73,306679.25,0
1111.2,TRANSFER,122190.94,121079.74,453234.29,454345.49,0
1455.55,CASH_IN,20404.46,18948.91,13926.07,15381.619999999999,0
586.98,TRANSFER,274558.25,273971.27,16586.43,17173.41,0
1184.37,PAYMENT,222840.64,221656.27000000002,37286.99,38471.36,0
2014.12,CASH_OUT,205963.54,203949.42,402196.5,404210.62,0
7796.67,TRANSFER,204810.55,197013.87999999998,68978.24,76774.91,0
966.57,PAYMENT,85554.75,84588.18,88292.51,89259.08,0
1052.27,PAYMENT,280061.75,279009.48,292699.95,293752.22000000003,0
5051.56,PAYMENT,276833.0,271781.44,478722.93,483774.49,0
633.23,DEBIT,221846.64,221213.41,283556.24,284189.47,0
291.68,PAYMENT,140679.06,140387.38,366297.9,366589.58,1
1408.46,DEBIT,14134.72,12726.259999999998,93867.13,95275.59000000001,0
3216.91,TRANSFER,8493.41,5276.5,457087.03,460303.94,1
1573.48,CASH_OUT,41440.3,39866.82,27938.32,29511.8,0
995.24,PAYMENT,178729.41,177734.17,141409.5,142404.74,0
257.65,CASH_IN,239429.81,239172.16,226862.1,227119.75,0
1034.46,TRANSFER,284539.73,283505.26999999996,113086.08,114120.54000000001,0
3763.69,PAYMENT,52608.62,48844.93,331880.41,335644.1,1
319.22,PAYMENT,82658.36,82339.14,339396.22,339715.43999999994,1
858.56,PAYMENT,16230.09,15371.53,105929.01,106787.56999999999,0
744.35,PAYMENT,296714.15,295969.80000000005,4295.63,5039.9800000000005,0
545.82,CASH_OUT,234274.52,233728.69999999998,37158.62,37704.44,0
1405.18,CASH_IN,144214.24,142809.06,213.94,1619.1200000000001,0
1708.39,CASH_OUT,172669.61,170961.21999999997,452696.86,454405.25,0
1690.58,TRANSFER,168652.32,166961.74000000002,310832.85,312523.43,0
412.89,TRANSFER,76308.23,75895.34,69217.64,69630.53,1
211.46,DEBIT,55617.21,55405.75,46256.46,46467.92,0
1425.66,DEBIT,89092.71,87667.05,408797.43,410223.08999999997,0
661.22,PAYMENT,74146.06,73484.84,405519.8,406181.01999999996,0
6893.35,CASH_IN,167258.43,160365.08,463689.82,470583.17,0
7219.27,PAYMENT,92460.84,85241.56999999999,79636.74,86856.01000000001,0
8027.99,CASH_OUT,218683.44,210655.45,261137.38,269165.37,0
428.33,CASH_IN,170381.92,169953.59000000003,60738.03,61166.36,0
1937.92,CASH_OUT,159679.13,157741.21,397819.78,399757.7,0
2620.06,PAYMENT,285388.13,282768.07,206242.39,208862.45,0
2341.05,TRANSFER,96722.86,94381.81,347912.78,350253.83,0
769.39,PAYMENT,190580.96,189811.56999999998,15156.84,15926.23,0
3940.9,CASH_OUT,15.19,0.0,388965.5,392906.4,0
1097.15,PAYMENT,221077.09,219979.94,114743.14,115840.29,0
1246.51,CASH_OUT,150763.18,149516.66999999998,421402.18,422648.69,0
235.61,CASH_IN,62515.49,62279.88,92929.24,93164.85,0
2089.68,PAYMENT,453.17,0.0,395048.62,397138.3,0
845.21,PAYMENT,212083.19,211237.98,67052.87,67898.08,0
1745.47,CASH_OUT,198810.21,197064.74,331708.62,333454.08999999997,0
1387.3,TRANSFER,199622.13,198234.83000000002,389629.36,391016.66,0
1314.14,PAYMENT,131236.45,129922.31000000001,193116.43,194430.57,0
1047.63,PAYMENT,191789.2,190741.57,122166.31,123213.94,0
2408.12,TRANSFER,171400.44,168992.32,172263.8,174671.91999999998,0
898.84,CASH_OUT,71668.51,70769.67,148295.83,149194.66999999998,0
255.9,TRANSFER,155630.41,155374.51,316533.32,316789.22000000003,0
1937.12,PAYMENT,154377.84,152440.72,22280.87,24217.989999999998,0
488.33,TRANSFER,247086.87,246598.54,20718.19,21206.52,0
291.7,PAYMENT,130046.71,129755.01000000001,143886.29,144177.99000000002,0
394.55,PAYMENT,130825.63,130431.08,138486.68,138881.22999999998,0
1455.83,CASH_OUT,295321.34,293865.51,88535.12,89990.95,0
995.74,PAYMENT,268339.16,267343.42,358407.47,359403.20999999996,0
129.97,TRANSFER,72685.8,72555.83,11881.46,12011.429999999998,0
747.21,CASH_IN,273087.93,272340.72,462117.38,462864.59,0
3530.63,TRANSFER,41390.0,37859.37,378743.41,382274.04,0
698.34,TRANSFER,256017.32,255318.98,201478.85,202177.19,0
929.39,PAYMENT,54997.01,54067.62,429467.21,430396.60000000003,0
3111.91,PAYMENT,127681.0,124569.09,309076.76,312188.67,0
2429.62,PAYMENT,295176.49,292746.87,285114.78,287544.4,0
3046.51,CASH_OUT,29114.68,26068.17,156508.93,159555.44,0
68.54,DEBIT,251936.35,251867.81,331552.34,331620.88,0
6207.56,PAYMENT,148420.18,142212.62,69847.36,76054.92,0
2072.27,PAYMENT,33297.41,31225.140000000003,262449.65,264521.92000000004,0
12854.85,PAYMENT,285747.41,272892.56,58055.03,70909.88,0
501.54,TRANSFER,164769.41,164267.87,222573.47,223075.01,0
188.02,CASH_OUT,264192.31,264004.29,308135.6,308323.62,0
1104.58,CASH_OUT,260732.08,259627.5,77751.72,78856.3,0
832.66,CASH_IN,4390.37,3557.71,111059.81,111892.47,0
2108.36,PAYMENT,79452.21,77343.85,406628.86,408737.22,0
3212.9,CASH_OUT,101076.47,97863.57,127856.43,131069.32999999999,0
1004.96,TRANSFER,160459.21,159454.25,47778.03,48782.99,0
862.03,PAYMENT,21559.8,20697.77,165345.06,166207.09,0
1849.59,CASH_IN,116690.07,114840.48000000001,467569.97,469419.56,0
848.67,PAYMENT,244391.44,243542.77,346891.28,347739.95,0
780.56,CASH_OUT,51957.33,51176.770000000004,287717.16,288497.72,0
3093.74,CASH_OUT,210382.94,207289.2,420209.81,423303.55,0
3865.24,CASH_IN,138098.82,134233.58000000002,330093.63,333958.87,0
3242.07,TRANSFER,21211.54,17969.47,405572.72,408814.79,0
926.83,PAYMENT,53212.22,52285.39,328578.5,329505.33,0
129.05,DEBIT,42309.22,42180.17,432128.91,432257.95999999996,0
945.58,CASH_OUT,185915.35,184969.77000000002,312004.09,312949.67000000004,0
513.9,TRANSFER,26197.32,25683.42,132437.43,132951.33,0
963.21,CASH_OUT,246914.03,245950.82,20559.07,21522.28,1
560.54,PAYMENT,241997.74,241437.19999999998,52660.12,53220.66,0
1074.12,TRANSFER,24018.6,22944.48,256222.89,257297.01,0
387.89,DEBIT,266459.16,266071.26999999996,485884.19,486272.08,0
304.69,PAYMENT,287748.25,287443.56,379730.84,380035.53,0
3724.51,TRANSFER,13040.43,9315.92,387721.34,391445.85000000003,0
415.86,CASH_IN,285098.87,284683.01,331893.56,332309.42,0
1097.0,CASH_OUT,83838.65,82741.65,451744.07,452841.07,0
2848.41,DEBIT,199428.58,196580.16999999998,367729.66,370578.06999999995,0
2736.14,PAYMENT,52444.72,49708.58,129181.71,131917.85,0
2428.06,CASH_IN,245236.75,242808.69,249741.14,252169.2,0
1484.55,PAYMENT,252574.0,251089.45,202171.5,203656.05,0
2262.0,TRANSFER,293502.42,291240.42,82695.41,84957.41,0
4328.98,TRANSFER,297760.04,293431.06,111188.53,115517.51,1
1677.44,CASH_OUT,22757.31,21079.870000000003,142578.39,144255.83000000002,0
174.65,CASH_IN,197389.08,197214.43,86821.83,86996.48,0
646.43,CASH_OUT,81913.85,81267.42000000001,108654.2,109300.62999999999,0
2200.35,CASH_OUT,37673.34,35472.99,458196.68,460397.02999999997,0
585.76,TRANSFER,44638.63,44052.869999999995,171619.6,172205.36000000002,0
5541.97,TRANSFER,280931.17,275389.2,413758.34,419300.31,1
1029.49,TRANSFER,205094.77,204065.28,32194.97,33224.46,0
1194.22,PAYMENT,15138.29,13944.070000000002,490904.69,492098.91,0
3377.0,TRANSFER,295269.02,291892.02,382395.87,385772.87,0
913.38,DEBIT,242343.67,241430.29,453358.03,454271.41000000003,0
1308.03,CASH_OUT,92753.79,91445.76,262955.69,264263.72000000003,1
2694.92,CASH_OUT,141260.01,138565.09,317268.96,319963.88,0
251.57,PAYMENT,217972.79,217721.22,180409.51,180661.08000000002,0
824.44,TRANSFER,202809.63,201985.19,216015.61,216840.05,0
2512.8,PAYMENT,138924.27,136411.47,375371.41,377884.20999999996,0
1170.98,PAYMENT,153716.97,152545.99,24984.32,26155.3,0
4756.82,TRANSFER,12962.3,8205.48,18275.67,23032.489999999998,1
226.8,PAYMENT,150189.97,149963.17,437460.52,437687.32,0
202.35,PAYMENT,102074.07,101871.72,55003.82,55206.17,0
2367.73,CASH_OUT,85515.36,83147.63,360514.97,362882.69999999995,0
2606.61,TRANSFER,80886.73,78280.12,99771.4,102378.01,0
903.93,TRANSFER,194684.07,193780.14,183104.44,184008.37,1
1636.63,PAYMENT,128777.29,127140.65999999999,146774.91,148411.54,0
2310.47,TRANSFER,127740.72,125430.25,245167.74,247478.21,0
485.97,TRANSFER,47756.1,47270.13,413330.74,413816.70999999996,0
540.86,TRANSFER,288559.07,288018.21,437767.05,438307.91,0
1325.74,TRANSFER,67177.86,65852.12,111022.26,112348.0,0
2708.33,PAYMENT,121832.76,119124.43,168824.25,171532.58,0
341.74,CASH_IN,57061.43,56719.69,418458.43,418800.17,0
899.69,PAYMENT,210942.86,210043.16999999998,44817.5,45717.19,0
859.0,TRANSFER,130838.62,129979.62,58448.42,59307.42,0
1665.63,PAYMENT,124094.98,122429.34999999999,239790.71,241456.34,0
1087.14,TRANSFER,262528.47,261441.32999999996,395072.18,396159.32,0
635.31,PAYMENT,227843.95,227208.64,167988.09,168623.4,0
3822.14,DEBIT,155962.52,152140.37999999998,34715.95,38538.09,0
639.54,PAYMENT,140577.12,139937.58,483933.77,484573.31,0
818.85,CASH_OUT,287970.42,287151.57,469455.66,470274.50999999995,0
223.3,PAYMENT,286938.65,286715.35000000003,325950.71,326174.01,0
537.2,PAYMENT,211431.26,210894.06,340938.21,341475.41000000003,0
1837.34,TRANSFER,228044.38,226207.04,466847.68,468685.02,0
1511.11,TRANSFER,269727.87,268216.76,321931.71,323442.82,1
1997.23,TRANSFER,289292.63,287295.4,394206.21,396203.44,0
1902.61,CASH_IN,24682.43,22779.82,231757.93,233660.53999999998,0
8845.94,CASH_OUT,299201.65,290355.71,114001.3,122847.24,0
519.12,CASH_IN,210906.66,210387.54,416266.08,416785.2,0
217.15,PAYMENT,177823.46,177606.31,342190.96,342408.11000000004,0
383.54,CASH_OUT,123950.14,123566.6,144781.09,145164.63,0
542.59,TRANSFER,100916.97,100374.38,311637.78,312180.37000000005,0
413.92,TRANSFER,241263.06,240849.13999999998,408241.99,408655.91,1
1204.31,CASH_IN,196330.52,195126.21,135172.61,136376.91999999998,0
3837.8,CASH_OUT,60211.55,56373.75,384076.05,387913.85,0
5113.6,DEBIT,182973.31,177859.71,36171.69,41285.29,0
1815.85,CASH_OUT,42349.83,40533.98,312474.41,314290.25999999995,0
9332.63,PAYMENT,149062.45,139729.82,499466.81,508799.44,0
767.87,CASH_OUT,175037.29,174269.42,433187.37,433955.24,0
214.32,TRANSFER,190705.22,190490.9,437829.03,438043.35000000003,0
3143.77,CASH_IN,43578.66,40434.89000000001,340178.58,343322.35000000003,0
174.41,CASH_OUT,28679.56,28505.15,230593.56,230767.97,0
515.43,PAYMENT,77612.45,77097.02,338607.77,339123.2,0
1844.77,PAYMENT,182108.95,180264.18000000002,160596.17,162440.94,0
989.91,PAYMENT,279504.84,278514.93000000005,276384.27,277374.18,0
906.01,TRANSFER,233737.06,232831.05,269839.96,270745.97000000003,0
336.71,PAYMENT,223713.16,223376.45,271865.18,272201.89,0
1084.85,CASH_OUT,99069.7,97984.84999999999,205993.8,207078.65,0
2991.9,TRANSFER,33512.21,30520.309999999998,176400.92,179392.82,0
1118.75,DEBIT,267581.82,266463.07,165177.26,166296.01,0
478.08,PAYMENT,150256.05,149777.97,112365.43,112843.51,0
314.97,TRANSFER,30153.25,29838.28,219273.62,219588.59,0
488.04,PAYMENT,160490.62,160002.58,58872.83,59360.87,0
1623.49,DEBIT,202623.07,200999.58000000002,450786.77,452410.26,0
1546.27,PAYMENT,95970.01,94423.73999999999,34841.9,36388.17,0
492.5,PAYMENT,2774.68,2282.18,418709.36,419201.86,1
120.21,PAYMENT,186482.09,186361.88,120624.2,120744.41,0
1669.05,CASH_OUT,12028.66,10359.61,426609.59,428278.64,0
446.88,PAYMENT,129837.99,129391.11,360133.1,360579.98,0
2184.33,TRANSFER,247432.57,245248.24000000002,460487.56,462671.89,0
514.86,CASH_OUT,299654.29,299139.43,435116.49,435631.35,0
408.34,CASH_OUT,111090.87,110682.53,350543.76,350952.10000000003,0
1278.15,PAYMENT,6038.08,4759.93,75839.41,77117.56,0
11587.7,PAYMENT,147870.93,136283.22999999998,274522.66,286110.36,0
2319.32,TRANSFER,82882.62,80563.29999999999,169914.03,172233.35,0
1256.67,PAYMENT,267832.5,266575.83,442887.82,444144.49,0
1570.03,CASH_OUT,213450.95,211880.92,436114.25,437684.28,0
190.35,PAYMENT,121296.98,121106.62999999999,157018.73,157209.08000000002,0
356.97,TRANSFER,228608.47,228251.5,335849.79,336206.75999999995,0
89.04,PAYMENT,102361.76,102272.72,169142.41,169231.45,0
6184.95,TRANSFER,156529.08,150344.12999999998,339095.25,345280.2,0
5051.22,PAYMENT,276835.58,271784.36000000004,306935.52,311986.74,0
1624.28,CASH_OUT,60047.18,58422.9,255473.98,257098.26,0
1255.28,PAYMENT,93917.4,92662.12,439203.01,440458.29000000004,0
232.39,CASH_IN,265678.02,265445.63,123025.13,123257.52,1
880.69,CASH_OUT,138563.51,137682.82,398733.33,399614.02,0
6583.96,PAYMENT,95366.65,88782.68999999999,344753.86,351337.82,0
1250.65,PAYMENT,11189.6,9938.95,140633.93,141884.58,0
623.5,PAYMENT,125685.91,125062.41,210842.88,211466.38,0
189.03,PAYMENT,150180.33,149991.3,34507.09,34696.119999999995,0
4360.34,PAYMENT,121899.86,117539.52,298788.33,303148.67000000004,0
1022.41,DEBIT,83237.77,82215.36,443945.47,444967.87999999995,0
189.29,TRANSFER,110739.05,110549.76000000001,58909.21,59098.5,0
435.17,PAYMENT,192733.44,192298.27,65999.23,66434.4,0
305.66,TRANSFER,267383.92,267078.26,237283.43,237589.09,0
961.27,PAYMENT,194902.75,193941.48,140615.05,141576.31999999998,0
1349.3,CASH_IN,193848.73,192499.43000000002,138464.46,139813.75999999998,0
663.01,PAYMENT,245062.46,244399.44999999998,319335.07,319998.08,0
2385.22,CASH_OUT,49542.83,47157.61,205128.19,207513.41,0
1186.55,CASH_OUT,90329.29,89142.73999999999,422323.78,423510.33,0
3172.62,PAYMENT,15177.29,12004.670000000002,214453.06,217625.68,0
767.24,PAYMENT,104891.34,104124.09999999999,307637.74,308404.98,0
23047.8,PAYMENT,299647.13,276599.33,198945.69,221993.49,0
623.6,DEBIT,98793.72,98170.12,128011.75,128635.35,0
444.38,TRANSFER,257931.9,257487.52,235666.05,236110.43,0
392.96,CASH_OUT,25733.31,25340.350000000002,360240.21,360633.17000000004,0
888.08,CASH_OUT,137913.71,137025.63,476404.57,477292.65,0
196.46,DEBIT,105438.86,105242.4,21083.41,21279.87,0
1472.27,TRANSFER,60474.86,59002.590000000004,265913.47,267385.74,0
163.15,TRANSFER,111751.88,111588.73000000001,317983.0,318146.15,0
1289.06,CASH_OUT,195383.43,194094.37,42860.26,44149.32,1
283.94,PAYMENT,147092.42,146808.48,414585.51,414869.45,0
748.98,DEBIT,253300.21,252551.22999999998,137976.0,138724.98,0
2007.29,PAYMENT,271483.98,269476.69,437455.97,439463.25999999995,0
10982.27,PAYMENT,144567.85,133585.58000000002,276303.48,287285.75,0
373.16,CASH_OUT,294517.89,294144.73000000004,76039.46,76412.62000000001,0
943.58,PAYMENT,21606.23,20662.649999999998,369610.45,370554.03,0
531.79,PAYMENT,82901.77,82369.98000000001,78614.25,79146.04,0
459.5,PAYMENT,125013.38,124553.88,360189.22,360648.72,0
536.48,TRANSFER,174810.45,174273.97,404099.11,404635.58999999997,0
2500.05,DEBIT,163778.92,161278.87000000002,287764.57,290264.62,0
673.13,PAYMENT,170393.03,169719.9,135546.22,136219.35,0
10397.42,PAYMENT,268875.22,258477.79999999996,218668.88,229066.30000000002,0
1662.34,TRANSFER,83269.56,81607.22,264010.23,265672.57,0
399.41,CASH_IN,245056.12,244656.71,332890.55,333289.95999999996,0
759.98,PAYMENT,167400.17,166640.19,316962.77,317722.75,0
491.84,CASH_IN,147147.14,146655.30000000002,200212.16,200704.0,0
2440.77,DEBIT,89824.03,87383.26,379083.18,381523.95,0
212.98,PAYMENT,91220.64,91007.66,385708.18,385921.16,0
286.88,CASH_OUT,116543.96,116257.08,348165.6,348452.48,0
606.95,CASH_OUT,229053.15,228446.19999999998,136077.35,136684.30000000002,0
2171.01,TRANSFER,143019.87,140848.86,234698.14,236869.15000000002,0
3763.33,TRANSFER,46150.11,42386.78,216378.5,220141.83,1
4361.37,CASH_OUT,227958.95,223597.58000000002,408396.12,412757.49,0
1862.74,CASH_OUT,199014.0,197151.26,404089.99,405952.73,0
1009.4,CASH_OUT,284771.63,283762.23,433040.45,434049.85000000003,0
2427.52,CASH_IN,158824.23,156396.71000000002,115587.89,118015.41,0
349.15,TRANSFER,196326.64,195977.49000000002,374227.28,374576.43000000005,0
173.36,CASH_OUT,143799.08,143625.72,435199.6,435372.95999999996,0
1697.03,DEBIT,204234.06,202537.03,83245.37,84942.4,0
401.14,PAYMENT,130835.12,130433.98,19968.53,20369.67,0
1027.3,PAYMENT,41356.94,40329.64,52754.27,53781.57,0
1235.99,TRANSFER,296004.97,294768.98,303101.19,304337.18,0
1405.46,DEBIT,216109.11,214703.65,210823.94,212229.4,0
2801.17,PAYMENT,182587.75,179786.58,97525.68,100326.84999999999,0
2520.15,CASH_OUT,144426.23,141906.08000000002,264151.79,266671.94,1
1332.75,PAYMENT,213428.7,212095.95,392761.26,394094.01,0
704.85,PAYMENT,38032.48,37327.630000000005,427908.84,428613.69,0
1221.41,TRANSFER,97834.02,96612.61,375860.49,377081.89999999997,1
604.13,PAYMENT,37409.81,36805.68,442755.7,443359.83,0
901.06,DEBIT,37807.53,36906.47,302092.7,302993.76,0
15035.56,PAYMENT,6404.26,0.0,418536.84,433572.4,0
1315.79,CASH_IN,226768.02,225452.22999999998,208593.55,209909.34,1
1720.28,PAYMENT,68192.59,66472.31,426239.31,427959.59,1
541.6,CASH_IN,249602.32,249060.72,447906.59,448448.19,0
3041.4,TRANSFER,271330.35,268288.94999999995,343204.03,346245.43000000005,0
2345.54,PAYMENT,50569.82,48224.28,215523.15,217868.69,0
2362.21,PAYMENT,212659.21,210297.0,140836.96,143199.16999999998,0
1359.53,PAYMENT,138091.72,136732.19,162589.74,163949.27,0
3084.64,TRANSFER,275688.35,272603.70999999996,66177.55,69262.19,0
3911.54,CASH_OUT,145325.16,141413.62,23580.9,27492.440000000002,0
1455.49,TRANSFER,113662.17,112206.68,207209.02,208664.50999999998,0
977.88,TRANSFER,88369.54,87391.65999999999,21334.34,22312.22,0
2682.68,TRANSFER,271086.43,268403.75,440294.01,442976.69,0
444.02,TRANSFER,67853.79,67409.76999999999,324979.05,325423.07,0
534.88,CASH_OUT,248314.44,247779.56,421833.62,422368.5,0
1039.71,TRANSFER,58256.23,57216.520000000004,222208.33,223248.03999999998,1
192.22,CASH_OUT,193019.06,192826.84,111976.47,112168.69,0
2508.89,CASH_IN,135319.69,132810.8,145139.41,147648.30000000002,1
418.67,PAYMENT,31382.6,30963.93,427366.56,427785.23,0
684.38,PAYMENT,37779.9,37095.520000000004,60946.62,61631.0,1
886.0,PAYMENT,84452.74,83566.74,349132.92,350018.92,0
1140.57,TRANSFER,229995.51,228854.94,112845.12,113985.69,0
777.7,PAYMENT,218682.0,217904.3,176584.94,177362.64,0
1025.19,CASH_IN,61536.08,60510.89,1523.38,2548.57,0
1033.15,CASH_OUT,142860.66,141827.51,239544.38,240577.53,0
701.32,TRANSFER,29096.09,28394.77,64176.41,64877.73,1
506.14,CASH_OUT,214783.89,214277.75,429823.7,430329.84,0
3234.0,PAYMENT,237990.61,234756.61,48863.96,52097.96,0
133.7,CASH_OUT,268053.6,267919.89999999997,125184.27,125317.97,0
892.73,PAYMENT,265723.79,264831.06,7399.2,8291.93,0
686.15,TRANSFER,101367.69,100681.54000000001,496438.69,497124.84,0
1667.02,CASH_IN,76360.15,74693.12999999999,320718.86,322385.88,0
256.14,CASH_OUT,268976.81,268720.67,321788.41,322044.55,0
665.28,DEBIT,43802.09,43136.81,259430.42,260095.7,0
989.94,PAYMENT,17803.22,16813.280000000002,434027.75,435017.69,1
3197.34,DEBIT,94272.89,91075.55,72094.04,75291.37999999999,0
1528.72,TRANSFER,228090.01,226561.29,396425.93,397954.64999999997,0
335.8,TRANSFER,208259.94,207924.14,403561.74,403897.54,0
673.52,PAYMENT,296116.58,295443.06,18064.18,18737.7,0
2659.92,PAYMENT,107860.07,105200.15000000001,66338.47,68998.39,0
330.04,TRANSFER,82754.19,82424.15000000001,273574.45,273904.49,0
1013.69,PAYMENT,113462.28,112448.59,45095.76,46109.450000000004,0
1086.68,CASH_OUT,234676.88,233590.2,141183.11,142269.78999999998,0
745.62,DEBIT,64289.99,63544.369999999995,201836.55,202582.16999999998,0
16248.43,CASH_IN,284324.4,268075.97000000003,78608.78,94857.20999999999,0
725.8,PAYMENT,153764.8,153039.0,352073.34,352799.14,0
1719.46,CASH_IN,234943.5,233224.04,247530.67,249250.13,0
509.64,PAYMENT,248178.55,247668.90999999997,319908.22,320417.86,0
1858.91,TRANSFER,143644.54,141785.63,237149.76,239008.67,0
2619.63,DEBIT,222411.41,219791.78,206242.2,208861.83000000002,0
609.13,PAYMENT,109408.3,108799.17,246194.53,246803.66,0
1038.26,PAYMENT,243278.4,242240.13999999998,449757.38,450795.64,0
447.97,PAYMENT,247170.9,246722.93,198019.41,198467.38,0
349.18,TRANSFER,169861.75,169512.57,321131.3,321480.48,0
3092.69,CASH_OUT,65444.34,62351.649999999994,416981.26,420073.95,0
630.18,PAYMENT,291066.95,290436.77,310543.83,311174.01,0
98.14,PAYMENT,284093.96,283995.82,113032.19,113130.33,0
6408.34,TRANSFER,185946.16,179537.82,60979.84,67388.18,0
491.72,PAYMENT,295164.3,294672.58,295438.56,295930.27999999997,0
857.16,CASH_OUT,150838.89,149981.73,363697.65,364554.81,0
5658.46,CASH_IN,112645.31,106986.84999999999,384368.58,390027.04000000004,0
951.71,CASH_OUT,138150.9,137199.19,346901.1,347852.81,0
931.38,DEBIT,13772.11,12840.730000000001,1727.11,2658.49,0
321.12,TRANSFER,164736.55,164415.43,386920.15,387241.27,0
213.83,DEBIT,199869.73,199655.90000000002,302311.34,302525.17000000004,0
928.54,PAYMENT,32855.99,31927.449999999997,494090.69,495019.23,0
1576.26,PAYMENT,76679.27,75103.01000000001,382293.64,383869.9,0
1488.5,CASH_OUT,216355.23,214866.73,215103.58,216592.08,1
677.72,PAYMENT,238077.05,237399.33,338074.98,338752.69999999995,0
1119.08,DEBIT,295760.11,294641.02999999997,307967.87,309086.95,0
174.65,CASH_OUT,75967.11,75792.46,168696.74,168871.38999999998,0
1737.44,CASH_IN,252431.84,250694.4,266764.57,268502.01,0
1288.72,PAYMENT,51630.89,50342.17,102190.49,103479.21,0
7892.44,TRANSFER,39263.52,31371.079999999998,43915.09,51807.53,0
1104.87,CASH_OUT,218761.07,217656.2,366512.22,367617.08999999997,0
427.23,PAYMENT,133761.71,133334.47999999998,192064.35,192491.58000000002,0
1042.4,TRANSFER,238177.05,237134.65,377856.66,378899.06,0
790.13,CASH_OUT,84769.44,83979.31,244168.51,244958.64,0
1693.76,CASH_IN,63958.16,62264.4,404894.69,406588.45,0
1126.52,CASH_OUT,164639.62,163513.1,369804.41,370930.93,0
311.08,PAYMENT,34593.14,34282.06,382065.48,382376.56,0
213.63,TRANSFER,83624.76,83411.12999999999,214665.74,214879.37,1
1426.4,TRANSFER,49871.1,48444.7,480589.63,482016.03,0
4372.61,PAYMENT,96014.19,91641.58,202627.29,206999.9,0
1187.19,TRANSFER,229649.61,228462.41999999998,396571.88,397759.07,0
2473.27,PAYMENT,36222.7,33749.43,244794.4,247267.66999999998,0
3019.39,PAYMENT,183560.68,180541.28999999998,117542.83,120562.22,0
1431.95,TRANSFER,175429.82,173997.87,314456.97,315888.92,0
485.66,PAYMENT,161439.19,160953.53,234554.71,235040.37,0
1333.16,TRANSFER,145274.28,143941.12,132034.93,133368.09,0
3666.79,PAYMENT,199158.18,195491.38999999998,191265.84,194932.63,0
1862.9,CASH_OUT,255543.2,253680.30000000002,79968.67,81831.56999999999,0
2317.5,PAYMENT,48610.99,46293.49,493522.71,495840.21,0
690.53,DEBIT,244239.4,243548.87,321591.86,322282.39,0
895.74,PAYMENT,18442.69,17546.949999999997,86772.42,87668.16,0
973.86,TRANSFER,144637.33,143663.47,382294.17,383268.02999999997,0
1041.75,PAYMENT,153439.66,152397.91,300939.25,301981.0,0
3526.14,PAYMENT,59275.75,55749.61,361275.6,364801.74,0
104.88,TRANSFER,26901.93,26797.05,292243.19,292348.07,0
1130.64,DEBIT,22473.29,21342.65,30233.61,31364.25,0
1012.83,CASH_IN,11170.2,10157.37,101619.87,102632.7,0
278.24,PAYMENT,172077.91,171799.67,384372.17,384650.41,0
2146.87,PAYMENT,46642.38,44495.509999999995,377175.17,379322.04,0
531.39,CASH_OUT,242611.42,242080.03,376937.67,377469.06,0
767.37,TRANSFER,269685.82,268918.45,7607.36,8374.73,1
6965.9,PAYMENT,87722.45,80756.55,402575.4,409541.30000000005,0
3010.84,CASH_OUT,49339.93,46329.09,219564.1,222574.94,0
1947.86,TRANSFER,122883.56,120935.7,346830.73,348778.58999999997,0
1604.84,CASH_OUT,264471.06,262866.22,136039.84,137644.68,0
930.13,PAYMENT,119945.76,119015.62999999999,384764.32,385694.45,0
8098.04,TRANSFER,32500.89,24402.85,491140.88,499238.92,0
2445.9,PAYMENT,295400.43,292954.52999999997,126769.38,129215.28,0
518.25,CASH_OUT,149902.64,149384.39,392098.82,392617.07,0
270.4,PAYMENT,102711.44,102441.04000000001,302475.23,302745.63,0
1933.02,CASH_OUT,268086.24,266153.22,136547.91,138480.93,0
1037.05,CASH_OUT,278221.05,277184.0,147178.52,148215.56999999998,0
262.71,CASH_OUT,149041.34,148778.63,365818.84,366081.55000000005,0
1683.43,PAYMENT,92014.92,90331.49,142172.99,143856.41999999998,0
837.96,PAYMENT,144790.15,143952.19,23896.78,24734.739999999998,0
1864.34,TRANSFER,65784.59,63920.25,436980.15,438844.49000000005,0
1705.72,TRANSFER,143471.43,141765.71,294474.63,296180.35,0
596.89,CASH_IN,68829.33,68232.44,379236.82,379833.71,0
2064.92,PAYMENT,186660.83,184595.90999999997,301611.87,303676.79,0
666.54,DEBIT,227966.75,227300.21,258228.72,258895.26,0
711.32,PAYMENT,290828.34,290117.02,384991.19,385702.51,0
644.02,PAYMENT,252771.14,252127.12000000002,16078.16,16722.18,0
3398.11,PAYMENT,25840.45,22442.34,155943.24,159341.34999999998,0
828.34,CASH_OUT,63456.86,62628.520000000004,313734.36,314562.7,0
4326.19,PAYMENT,159507.56,155181.37,471987.35,476313.54,0
6525.58,PAYMENT,77277.3,70751.72,196825.36,203350.93999999997,0
523.89,CASH_OUT,4309.56,3785.6700000000005,487645.45,488169.34,0
59.09,TRANSFER,226437.28,226378.19,377640.93,377700.02,0
3116.64,PAYMENT,107331.6,104214.96,242448.22,245564.86000000002,0
779.01,PAYMENT,19830.01,19051.0,214579.2,215358.21000000002,0
461.19,TRANSFER,152650.92,152189.73,64721.26,65182.450000000004,0
608.67,PAYMENT,293162.61,292553.94,307597.07,308205.74,0
724.29,PAYMENT,203561.59,202837.3,26176.83,26901.120000000003,0
4012.59,TRANSFER,47629.83,43617.240000000005,214537.16,218549.75,0
1286.8,PAYMENT,154288.68,153001.88,118854.38,120141.18000000001,0
3958.41,TRANSFER,270516.74,266558.33,478143.05,482101.45999999996,0
1797.62,PAYMENT,16273.1,14475.48,181631.98,183429.6,1
804.94,PAYMENT,191367.96,190563.02,244626.86,245431.8,0
742.22,PAYMENT,216381.9,215639.68,187746.55,188488.77,0
1922.94,PAYMENT,211203.51,209280.57,68604.9,70527.84,0
2490.97,PAYMENT,45051.13,42560.159999999996,176291.02,178781.99,1
2971.41,PAYMENT,272183.56,269212.15,389499.42,392470.82999999996,0
844.26,CASH_IN,96681.4,95837.14,310597.84,311442.10000000003,0
1306.63,DEBIT,15522.61,14215.98,218707.5,220014.13,0
1966.56,PAYMENT,24966.28,22999.719999999998,410285.33,412251.89,0
746.98,TRANSFER,137273.21,136526.22999999998,2074.37,2821.35,0
352.5,TRANSFER,11994.6,11642.1,413300.4,413652.9,0
489.67,DEBIT,233865.76,233376.09,29767.79,30257.46,0
861.75,PAYMENT,259747.05,258885.3,435135.95,435997.7,0
2126.45,PAYMENT,4011.95,1885.5,473786.02,475912.47000000003,0
3862.14,PAYMENT,243004.05,239141.90999999997,409584.75,413446.89,0
282.58,PAYMENT,294361.94,294079.36,9796.89,10079.47,0
603.45,PAYMENT,9110.45,8507.0,263103.98,263707.43,0
766.73,DEBIT,217490.17,216723.44,414398.14,415164.87,0
2427.74,CASH_IN,299728.22,297300.48,272508.18,274935.92,0
646.7,PAYMENT,239135.58,238488.87999999998,179968.35,180615.05000000002,0
713.56,TRANSFER,151607.1,150893.54,235347.71,236061.27,0
267.2,PAYMENT,265446.89,265179.69,40346.96,40614.159999999996,1
1778.29,TRANSFER,212379.73,210601.44,248156.82,249935.11000000002,0
933.18,TRANSFER,87735.5,86802.32,13923.41,14856.59,0
570.18,PAYMENT,67295.93,66725.75,322057.72,322627.89999999997,0
845.97,DEBIT,153763.32,152917.35,195226.13,196072.1,0
3384.62,CASH_IN,111897.16,108512.54000000001,95671.49,99056.11,0
401.46,CASH_OUT,98840.4,98438.93999999999,8691.45,9092.91,0
472.64,CASH_OUT,53377.45,52904.81,461059.51,461532.15,1
3836.26,TRANSFER,253585.8,249749.53999999998,278159.51,281995.77,0
1182.96,PAYMENT,211504.35,210321.39,323476.69,324659.65,0
2142.55,PAYMENT,99396.44,97253.89,389678.86,391821.41,0
1638.85,TRANSFER,71300.12,69661.26999999999,313295.21,314934.06,0
1058.56,PAYMENT,38441.37,37382.810000000005,206552.02,207610.58,0
774.1,DEBIT,33753.89,32979.79,313794.1,314568.19999999995,0
2518.85,TRANSFER,187643.46,185124.61,126258.29,128777.14,0
3506.37,TRANSFER,32645.15,29138.780000000002,280675.82,284182.19,0
3242.79,PAYMENT,288063.79,284821.0,102793.65,106036.43999999999,0
335.13,CASH_IN,83740.53,83405.4,458711.4,459046.53,0
4043.68,PAYMENT,7741.46,3697.78,254783.84,258827.52,0
766.68,PAYMENT,256598.92,255832.24000000002,116920.14,117686.81999999999,0
515.41,PAYMENT,110276.22,109760.81,319816.26,320331.67,0
925.81,CASH_OUT,102889.76,101963.95,45159.8,46085.61,0
2517.77,CASH_IN,35586.18,33068.41,217009.51,219527.28,0
1882.7,PAYMENT,198126.62,196243.91999999998,432982.31,434865.01,0
849.47,CASH_IN,107638.01,106788.54,383929.25,384778.72,0
2534.28,PAYMENT,246898.36,244364.08,351719.76,354254.04000000004,0
1261.25,CASH_OUT,189185.49,187924.24,235301.67,236562.92,1
618.33,PAYMENT,263973.71,263355.38,223439.56,224057.88999999998,0
540.21,TRANSFER,186768.35,186228.14,5654.81,6195.02,0
1652.81,CASH_OUT,233783.47,232130.66,300018.97,301671.77999999997,1
1009.77,TRANSFER,208961.79,207952.02000000002,288504.17,289513.94,0
277.13,PAYMENT,138777.73,138500.6,2639.51,2916.6400000000003,0
2558.46,DEBIT,206602.2,204043.74000000002,68521.77,71080.23000000001,0
678.39,CASH_IN,199085.11,198406.71999999997,6218.08,6896.47,0
5389.02,TRANSFER,2011.09,0.0,126589.47,131978.49,0
269.62,CASH_OUT,209591.38,209321.76,1926.56,2196.18,0
915.34,CASH_OUT,78647.85,77732.51000000001,208684.63,209599.97,0
544.58,PAYMENT,162546.85,162002.27000000002,238196.56,238741.13999999998,0
413.47,DEBIT,33399.72,32986.25,218540.83,218954.3,0
673.99,PAYMENT,6906.75,6232.76,99694.6,100368.59000000001,0
6441.83,CASH_OUT,4535.91,0.0,261779.61,268221.44,0
1265.69,PAYMENT,47458.35,46192.659999999996,407047.31,408313.0,0
496.85,PAYMENT,5967.75,5470.9,145607.63,146104.48,0
176.16,TRANSFER,39719.23,39543.07,156287.72,156463.88,0
196.1,TRANSFER,167752.08,167555.97999999998,271412.92,271609.01999999996,0
641.33,DEBIT,120081.85,119440.52,116877.2,117518.53,0
581.91,CASH_IN,294224.44,293642.53,168893.16,169475.07,0
876.51,PAYMENT,242608.31,241731.8,226218.61,227095.12,0
113.05,PAYMENT,44032.73,43919.68,193151.2,193264.25,0
1000.56,PAYMENT,125036.82,124036.26000000001,409116.15,410116.71,0
3064.78,TRANSFER,129291.24,126226.46,424496.78,427561.56000000006,0
5557.15,TRANSFER,108635.03,103077.88,201439.24,206996.38999999998,0
164.94,DEBIT,148676.93,148511.99,223893.27,224058.21,0
492.06,CASH_OUT,200962.36,200470.3,478447.06,478939.12,0
466.74,PAYMENT,192266.91,191800.17,251543.76,252010.5,0
1268.67,TRANSFER,107129.75,105861.08,496516.03,497784.7,0
323.83,TRANSFER,211513.69,211189.86000000002,381401.39,381725.22000000003,0
5897.38,TRANSFER,86845.62,80948.23999999999,132116.11,138013.49,0
1145.42,PAYMENT,250640.35,249494.93,114546.33,115691.75,0
969.57,PAYMENT,289311.61,288342.04,79532.24,80501.81000000001,1
5392.23,TRANSFER,88421.0,83028.77,403072.86,408465.08999999997,0
1079.18,PAYMENT,235406.57,234327.39,153431.02,154510.19999999998,0
1636.48,CASH_OUT,244027.74,242391.25999999998,337896.26,339532.74,0
517.6,PAYMENT,147229.01,146711.41,270068.07,270585.67,0
278.52,TRANSFER,26324.19,26045.67,412998.65,413277.17000000004,0
595.64,TRANSFER,235854.57,235258.93,375408.72,376004.36,0
9769.06,DEBIT,122243.47,112474.41,31874.46,41643.52,0
2065.28,PAYMENT,62421.38,60356.1,169213.8,171279.08,0
1443.08,PAYMENT,187995.07,186551.99000000002,260049.36,261492.43999999997,0
413.07,PAYMENT,131081.43,130668.35999999999,401819.46,402232.53,0
2727.8,TRANSFER,26271.73,23543.93,357013.77,359741.57,0
282.11,PAYMENT,295102.39,294820.28,274701.98,274984.08999999997,0
228.82,CASH_OUT,73398.56,73169.73999999999,404187.67,404416.49,0
627.1,PAYMENT,153289.52,152662.41999999998,217464.24,218091.34,0
7742.59,PAYMENT,200186.48,192443.89,27829.79,35572.380000000005,0
7316.55,TRANSFER,34526.81,27210.26,435267.86,442584.41,0
698.38,CASH_OUT,221823.03,221124.65,263296.68,263995.06,0
558.81,DEBIT,194486.65,193927.84,404201.54,404760.35,0
212.65,CASH_OUT,148125.87,147913.22,196040.86,196253.50999999998,0
1185.63,TRANSFER,158499.0,157313.37,294276.13,295461.76,0
1289.5,CASH_OUT,286438.51,285149.01,165546.5,166836.0,1
2415.25,CASH_OUT,273269.35,270854.1,204787.49,207202.74,0
2726.32,PAYMENT,33595.0,30868.68,73699.11,76425.43000000001,0
900.17,TRANSFER,110625.62,109725.45,370801.78,371701.95,0
1912.23,CASH_OUT,155031.43,153119.19999999998,140142.15,142054.38,0
544.22,PAYMENT,275992.75,275448.53,150865.57,151409.79,0
1876.27,CASH_OUT,244969.0,243092.73,177094.48,178970.75,0
660.35,TRANSFER,115944.81,115284.45999999999,216063.06,216723.41,0
1736.21,TRANSFER,265863.12,264126.91,288081.96,289818.17000000004,0
1601.19,PAYMENT,113447.34,111846.15,341403.32,343004.51,0
1174.74,CASH_OUT,81357.88,80183.14,337844.75,339019.49,0
2427.31,DEBIT,182967.79,180540.48,211840.46,214267.77,0
228.06,PAYMENT,106770.53,106542.47,240945.33,241173.38999999998,0
378.07,PAYMENT,186722.27,186344.19999999998,70160.26,70538.33,0
837.1,PAYMENT,122905.22,122068.12,260753.04,261590.14,0
258.98,PAYMENT,238730.74,238471.75999999998,438528.35,438787.32999999996,0
730.07,CASH_IN,286293.29,285563.22,230224.94,230955.01,0
753.98,TRANSFER,81092.75,80338.77,469006.8,469760.77999999997,0
4063.03,PAYMENT,153003.03,148940.0,77891.77,81954.8,0
1264.63,PAYMENT,217329.73,216065.1,368454.73,369719.36,0
3069.99,CASH_IN,47555.73,44485.740000000005,353994.46,357064.45,0
1482.78,PAYMENT,238771.84,237289.06,340764.48,342247.26,0
641.84,CASH_OUT,174891.59,174249.75,331428.6,332070.44,1
1253.53,PAYMENT,44922.16,43668.630000000005,11154.14,12407.67,0
2274.3,PAYMENT,260468.88,258194.58000000002,371061.13,373335.43,0
3617.0,CASH_OUT,128010.38,124393.38,249842.14,253459.14,0
960.73,PAYMENT,52985.8,52025.07,262093.09,263053.82,0
211.13,CASH_OUT,58618.91,58407.780000000006,25436.32,25647.45,0
196.8,PAYMENT,235651.92,235455.12000000002,94190.56,94387.36,0
791.23,CASH_OUT,280714.85,279923.62,455503.45,456294.68,0
105.86,CASH_OUT,113474.98,113369.12,157764.17,157870.03,1
6601.85,CASH_OUT,23648.42,17046.57,196940.11,203541.96,1
1992.08,PAYMENT,30246.92,28254.839999999997,94601.76,96593.84,0
580.76,CASH_OUT,196343.55,195762.78999999998,316095.39,316676.15,1
361.53,CASH_IN,111225.51,110863.98,370350.44,370711.97000000003,0
3065.97,PAYMENT,127839.45,124773.48,460630.92,463696.88999999996,0
360.09,PAYMENT,101114.21,100754.12000000001,281031.81,281391.9,0
396.14,CASH_OUT,139661.57,139265.43,137815.34,138211.48,0
509.82,PAYMENT,193064.84,192555.02,35481.66,35991.48,0
1229.16,CASH_OUT,162341.75,161112.59,133054.72,134283.88,1
2040.19,CASH_OUT,49272.43,47232.24,309182.27,311222.46,0
3614.37,PAYMENT,147386.6,143772.23,487051.78,490666.15,0
3118.08,TRANSFER,138183.92,135065.84000000003,39598.91,42716.990000000005,0
1097.48,TRANSFER,163721.17,162623.69,194183.22,195280.7,0
3042.77,PAYMENT,33201.01,30158.24,333617.85,336660.62,0
560.6,DEBIT,46058.14,45497.54,287285.47,287846.06999999995,0
177.53,PAYMENT,159073.25,158895.72,325846.3,326023.83,0
560.52,PAYMENT,82630.51,82069.98999999999,231604.24,232164.75999999998,0
489.67,DEBIT,188709.51,188219.84,133518.35,134008.02000000002,0
582.9,PAYMENT,111825.41,111242.51000000001,241376.13,241959.03,0
420.16,DEBIT,66220.42,65800.26,190768.06,191188.22,0
691.52,PAYMENT,196918.44,196226.92,354648.77,355340.29000000004,0
2038.6,TRANSFER,118172.3,116133.7,85812.41,87851.01000000001,0
6095.2,PAYMENT,47283.74,41188.54,248073.97,254169.17,0
195.32,CASH_OUT,242642.69,242447.37,479531.28,479726.60000000003,1
302.56,CASH_OUT,129527.61,129225.05,265896.98,266199.54,0
496.98,DEBIT,274521.1,274024.12,118604.74,119101.72,0
2358.41,CASH_IN,58020.28,55661.869999999995,467925.15,470283.56,0
893.42,CASH_OUT,262905.07,262011.65,122078.69,122972.11,0
531.6,CASH_OUT,244772.99,244241.38999999998,375590.07,376121.67,1
2245.61,TRANSFER,31174.75,28929.14,54765.63,57011.24,0
2853.75,CASH_IN,159504.39,156650.64,426044.8,428898.55,0
1076.25,CASH_OUT,196104.86,195028.61,90287.29,91363.54,0
484.82,DEBIT,148644.66,148159.84,197089.73,197574.55000000002,0
1436.95,PAYMENT,117078.93,115641.98,482810.17,484247.12,0
868.47,TRANSFER,283152.64,282284.17000000004,289697.36,290565.82999999996,0
861.77,CASH_OUT,210246.26,209384.49000000002,131997.97,132859.74,0
656.94,PAYMENT,289760.96,289104.02,313.58,970.52,0
2765.52,PAYMENT,253869.09,251103.57,3394.61,6160.13,0
1407.94,CASH_IN,245139.42,243731.48,137293.84,138701.78,0
3089.3,TRANSFER,217689.69,214600.39,263427.4,266516.7,0
4172.73,PAYMENT,193823.77,189651.03999999998,242445.63,246618.36000000002,0
1735.38,PAYMENT,266058.63,264323.25,460940.82,462676.2,0
660.85,PAYMENT,184022.93,183362.08,382047.06,382707.91,0
3103.63,CASH_OUT,22586.52,19482.89,462367.82,465471.45,0
1747.02,CASH_IN,174769.06,173022.04,255889.09,257636.11,0
14814.59,CASH_IN,30850.55,16035.96,223333.21,238147.8,0
1495.33,CASH_OUT,284790.32,283294.99,283044.15,284539.48000000004,1
2203.25,CASH_OUT,194000.69,191797.44,186073.04,188276.29,0
1466.19,PAYMENT,166693.89,165227.7,105405.75,106871.94,0
993.17,DEBIT,59346.34,58353.17,418330.28,419323.45,1
846.58,PAYMENT,154730.11,153883.53,340265.79,341112.37,0
1471.8,PAYMENT,102759.3,101287.5,162829.05,164300.84999999998,0
1846.74,CASH_IN,202615.85,200769.11000000002,223140.62,224987.36,1
3478.61,DEBIT,181322.94,177844.33000000002,112723.92,116202.53,0
1493.46,PAYMENT,149792.13,148298.67,281419.53,282912.99000000005,0
690.29,CASH_OUT,75822.3,75132.01000000001,179179.07,179869.36000000002,1
790.88,TRANSFER,157722.94,156932.06,437787.66,438578.54,0
292.09,PAYMENT,138509.07,138216.98,264181.47,264473.56,0
5774.54,PAYMENT,255379.76,249605.22,205865.32,211639.86000000002,0
638.31,PAYMENT,268301.2,267662.89,374809.88,375448.19,0
2885.46,TRANSFER,227774.75,224889.29,452550.65,455436.11000000004,0
1445.99,TRANSFER,95891.99,94446.0,408709.55,410155.54,0
1485.83,TRANSFER,11426.85,9941.02,247458.55,248944.37999999998,0
975.11,PAYMENT,277600.79,276625.68,178221.67,179196.78,0
498.8,CASH_IN,297603.68,297104.88,331064.67,331563.47,0
416.32,CASH_OUT,38106.23,37689.91,408434.02,408850.34,1
6176.24,DEBIT,205684.81,199508.57,489319.79,495496.02999999997,0
1229.01,PAYMENT,127543.96,126314.95000000001,228625.62,229854.63,0
3378.77,CASH_OUT,44556.12,41177.350000000006,334120.07,337498.84,0
4380.45,DEBIT,299430.39,295049.94,146551.63,150932.08000000002,0
727.16,PAYMENT,279968.66,279241.5,43731.65,44458.810000000005,0
1674.9,PAYMENT,294782.66,293107.75999999995,126528.86,128203.76,0
1147.12,PAYMENT,43168.88,42021.759999999995,7245.07,8392.189999999999,0
344.74,PAYMENT,147577.36,147232.62,254713.8,255058.53999999998,0
910.98,TRANSFER,268732.25,267821.27,186578.06,187489.04,0
1973.39,PAYMENT,202547.53,200574.13999999998,339137.4,341110.79000000004,0
665.79,PAYMENT,130380.54,129714.75,307657.02,308322.81,1
792.47,CASH_OUT,155008.27,154215.8,83933.22,84725.69,0
922.08,PAYMENT,11580.48,10658.4,336910.8,337832.88,0
9059.14,PAYMENT,183455.15,174396.01,93700.11,102759.25,0
175.2,CASH_OUT,257914.66,257739.46,2976.57,3151.77,0
1811.02,PAYMENT,838.09,0.0,485096.33,486907.35000000003,0
851.21,PAYMENT,47989.4,47138.19,13492.52,14343.73,0
577.87,PAYMENT,155397.04,154819.17,170874.54,171452.41,0
830.58,PAYMENT,168289.3,167458.72,318755.62,319586.2,1
2137.47,TRANSFER,103005.7,100868.23,185187.27,187324.74,0
2263.17,PAYMENT,8380.34,6117.17,190604.58,192867.75,0
1320.83,PAYMENT,223080.03,221759.2,361363.77,362684.60000000003,0
3270.64,CASH_IN,72877.54,69606.9,301076.97,304347.61,0
3900.39,CASH_IN,193373.19,189472.8,259188.72,263089.11,0
2480.9,PAYMENT,167744.02,165263.12,443158.37,445639.27,0
635.12,PAYMENT,129251.42,128616.3,54056.82,54691.94,0
1798.02,TRANSFER,177086.85,175288.83000000002,234883.77,236681.78999999998,0
1806.6,DEBIT,208511.62,206705.02,119533.37,121339.97,0
485.11,CASH_OUT,171673.3,171188.19,18403.92,18889.03,0
228.28,PAYMENT,167257.63,167029.35,489516.85,489745.13,0
145.07,PAYMENT,130823.32,130678.25,367013.41,367158.48,0
1175.98,TRANSFER,129010.36,127834.38,108092.76,109268.73999999999,0
1477.4,DEBIT,147289.8,145812.4,201217.13,202694.53,0
336.37,DEBIT,135623.37,135287.0,113012.12,113348.48999999999,0
3121.39,PAYMENT,131707.38,128585.99,342427.64,345549.03,0
1276.94,TRANSFER,63111.02,61834.079999999994,175223.54,176500.48,0
4227.87,PAYMENT,217451.38,213223.51,459931.29,464159.16,0
1588.48,CASH_OUT,39885.74,38297.259999999995,103777.61,105366.09,0
377.54,CASH_IN,272613.13,272235.59,174913.09,175290.63,0
1734.16,TRANSFER,187453.86,185719.69999999998,465907.24,467641.39999999997,0
2143.32,PAYMENT,14670.2,12526.880000000001,442340.38,444483.7,0
634.21,TRANSFER,197699.61,197065.4,146585.07,147219.28,0
259.28,TRANSFER,108454.28,108195.0,241534.34,241793.62,0
1212.33,CASH_OUT,278929.45,277717.12,441852.49,443064.82,0
403.09,PAYMENT,280822.65,280419.56,335317.28,335720.37000000005,0
3364.01,DEBIT,253778.51,250414.5,318639.84,322003.85000000003,0
729.84,PAYMENT,170354.67,169624.83000000002,330279.29,331009.13,0
6152.42,PAYMENT,275753.31,269600.89,460490.57,466642.99,0
131.08,PAYMENT,194942.46,194811.38,258586.92,258718.0,0
1254.88,PAYMENT,262538.72,261283.83999999997,90889.93,92144.81,1
4579.72,PAYMENT,48015.96,43436.24,236361.88,240941.6,0
450.2,CASH_OUT,271254.09,270803.89,364444.15,364894.35000000003,0
935.24,PAYMENT,198477.21,197541.97,246067.16,247002.4,0
732.87,PAYMENT,90982.18,90249.31,156631.36,157364.22999999998,0
553.48,PAYMENT,299344.06,298790.58,333164.96,333718.44,0
1400.55,PAYMENT,206065.19,204664.64,225114.88,226515.43,0
300.24,DEBIT,272524.82,272224.58,481410.13,481710.37,1
981.45,CASH_IN,1675.66,694.21,176070.28,177051.73,0
1837.19,PAYMENT,165701.52,163864.33,358743.46,360580.65,0
884.4,CASH_OUT,213759.79,212875.39,277535.99,278420.39,0
403.35,CASH_OUT,4121.07,3717.72,38782.39,39185.74,0
3072.31,CASH_IN,228767.77,225695.46,234878.96,237951.27,0
2276.19,PAYMENT,195434.46,193158.27,14581.87,16858.06,0
387.15,PAYMENT,82427.9,82040.75,394915.85,395303.0,0
300.63,TRANSFER,206683.48,206382.85,367265.04,367565.67,0
423.3,DEBIT,39270.31,38847.009999999995,25255.92,25679.219999999998,0
1891.78,CASH_OUT,247211.16,245319.38,249847.36,251739.13999999998,0
1444.58,TRANSFER,259867.54,258422.96000000002,480769.73,482214.31,0
2416.52,PAYMENT,145643.08,143226.56,142319.39,144735.91,0
791.44,CASH_OUT,152232.65,151441.21,452151.65,452943.09,0
434.97,DEBIT,120616.31,120181.34,75546.33,75981.3,0
2748.6,PAYMENT,103600.2,100851.59999999999,3301.23,6049.83,0
630.52,CASH_OUT,261869.48,261238.96000000002,265260.69,265891.21,1
1321.53,TRANSFER,91461.95,90140.42,119621.65,120943.18,0
232.78,TRANSFER,120855.0,120622.22,439612.1,439844.88,0
620.29,TRANSFER,89974.89,89354.6,336961.0,337581.29,0
3009.1,CASH_OUT,197013.83,194004.72999999998,343445.18,346454.27999999997,0
535.78,CASH_IN,244265.5,243729.72,336640.2,337175.98000000004,0
2476.26,TRANSFER,49300.75,46824.49,339478.84,341955.10000000003,0
106.59,PAYMENT,76422.75,76316.16,373557.43,373664.02,0
626.79,PAYMENT,31232.31,30605.52,334943.83,335570.62,0
923.94,PAYMENT,48055.19,47131.25,417137.64,418061.58,0
6263.79,PAYMENT,122064.49,115800.70000000001,279061.07,285324.86,0
340.68,PAYMENT,232762.89,232422.21000000002,175344.11,175684.78999999998,0
2145.21,TRANSFER,162485.38,160340.17,233423.59,235568.8,0
3155.59,PAYMENT,15982.88,12827.289999999999,220117.52,223273.11,0
532.99,PAYMENT,187526.02,186993.03,166253.15,166786.13999999998,0
754.82,CASH_OUT,238591.25,237836.43,207734.06,208488.88,1
1263.48,PAYMENT,118040.34,116776.86,192493.38,193756.86000000002,0
249.26,TRANSFER,73503.78,73254.52,55570.14,55819.4,0
695.68,CASH_IN,229181.32,228485.64,415276.15,415971.83,0
3928.89,TRANSFER,7171.87,3242.98,378232.87,382161.76,0
1849.47,PAYMENT,244677.31,242827.84,168769.37,170618.84,0
937.53,PAYMENT,241277.87,240340.34,472566.02,473503.55000000005,0
1227.91,TRANSFER,266395.78,265167.87000000005,474681.27,475909.18,0
1960.4,TRANSFER,26843.98,24883.579999999998,428359.86,430320.26,0
2374.19,PAYMENT,32327.54,29953.350000000002,14686.42,17060.61,0
628.66,TRANSFER,261825.85,261197.19,185609.0,186237.66,0
5088.41,TRANSFER,142578.83,137490.41999999998,228668.28,233756.69,0
4090.2,PAYMENT,117701.55,113611.35,359358.14,363448.34,0
2158.69,TRANSFER,171988.07,169829.38,317406.17,319564.86,0
472.03,PAYMENT,17574.92,17102.89,339189.31,339661.34,0
395.35,PAYMENT,193114.85,192719.5,383606.71,384002.06,0
791.08,CASH_OUT,283524.95,282733.87,474217.71,475008.79000000004,0
1165.34,PAYMENT,202715.97,201550.63,275754.18,276919.52,0
187.07,TRANSFER,139360.53,139173.46,452021.23,452208.3,0
1798.47,TRANSFER,288264.3,286465.83,407409.44,409207.91,0
3973.74,PAYMENT,206554.92,202581.18000000002,168962.12,172935.86,0
1951.74,CASH_IN,17088.13,15136.390000000001,406835.23,408786.97,0
557.77,PAYMENT,201013.96,200456.19,58672.64,59230.409999999996,0
495.51,PAYMENT,17908.76,17413.25,79379.81,79875.31999999999,0
1480.08,CASH_IN,92168.96,90688.88,496189.24,497669.32,0
940.77,CASH_OUT,184705.04,183764.27000000002,214344.3,215285.06999999998,0
1707.94,CASH_OUT,64684.8,62976.86,230309.01,232016.95,0
2001.64,PAYMENT,11456.76,9455.12,475515.43,477517.07,0
3267.86,PAYMENT,185386.11,182118.25,180919.89,184187.75,0
353.5,CASH_OUT,85757.18,85403.68,118483.3,118836.8,0
1368.7,PAYMENT,159889.27,158520.56999999998,38910.87,40279.57,0
762.44,PAYMENT,78343.67,77581.23,261309.9,262072.34,0
993.63,CASH_OUT,205928.65,204935.02,99844.57,100838.20000000001,0
2602.97,PAYMENT,268710.42,266107.45,32403.02,35005.99,0
2901.91,PAYMENT,25969.44,23067.53,406534.73,409436.63999999996,0
4440.15,PAYMENT,235895.61,231455.46,164298.46,168738.61,0
1678.39,TRANSFER,46828.52,45150.13,289695.09,291373.48000000004,0
982.38,TRANSFER,98822.94,97840.56,52322.82,53305.2,0
851.6,DEBIT,107209.59,106357.98999999999,252791.32,253642.92,0
193.49,PAYMENT,61893.0,61699.51,315920.06,316113.55,0
4186.98,PAYMENT,22570.3,18383.32,224931.81,229118.79,0
794.81,TRANSFER,230545.94,229751.13,168740.91,169535.72,0
1818.74,PAYMENT,238088.26,236269.52000000002,155477.52,157296.25999999998,0
2162.45,TRANSFER,299049.99,296887.54,54691.88,56854.329999999994,0
315.67,CASH_IN,280381.27,280065.60000000003,57845.6,58161.27,0
435.57,TRANSFER,130392.73,129957.15999999999,247848.08,248283.65,0
5151.38,TRANSFER,40016.4,34865.020000000004,69414.63,74566.01000000001,1
1466.21,CASH_IN,3210.0,1743.79,111725.42,113191.63,0
613.64,PAYMENT,159455.26,158841.62,82408.84,83022.48,0
966.47,CASH_IN,258169.92,257203.45,401242.18,402208.64999999997,0
3249.44,TRANSFER,80371.12,77121.68,224858.53,228107.97,0
2791.44,TRANSFER,59682.41,56890.97,276294.77,279086.21,0
253.13,CASH_IN,131686.01,131432.88,291479.07,291732.2,0
5621.11,TRANSFER,268059.84,262438.73000000004,198192.44,203813.55,0
2881.74,TRANSFER,135502.15,132620.41,149215.53,152097.27,0
941.55,PAYMENT,216813.87,215872.32,191222.75,192164.3,0
333.04,CASH_OUT,138757.86,138424.81999999998,267411.6,267744.63999999996,0
3146.38,TRANSFER,111887.66,108741.28,179288.63,182435.01,0
1765.92,PAYMENT,132273.62,130507.7,68307.96,70073.88,0
255.24,CASH_OUT,230520.16,230264.92,456843.47,457098.70999999996,0
869.5,CASH_OUT,226321.82,225452.32,366203.12,367072.62,0
24988.55,PAYMENT,129527.45,104538.9,33134.93,58123.479999999996,1
1114.88,PAYMENT,80285.23,79170.34999999999,452849.98,453964.86,0
522.19,TRANSFER,41738.11,41215.92,85232.6,85754.79000000001,0
400.02,PAYMENT,410.91,10.890000000000043,48865.09,49265.10999999999,0
6451.7,PAYMENT,33977.27,27525.569999999996,86608.45,93060.15,0
2559.99,TRANSFER,49396.58,46836.590000000004,466516.95,469076.94,0
4480.27,PAYMENT,206981.34,202501.07,110647.14,115127.41,0
1405.55,PAYMENT,245374.76,243969.21000000002,393495.96,394901.51,0
3843.04,CASH_OUT,221083.7,217240.66,321519.11,325362.14999999997,0
469.51,PAYMENT,216969.83,216500.31999999998,259111.54,259581.05000000002,0
1290.25,CASH_IN,298296.18,297005.93,182796.82,184087.07,0
1461.26,CASH_IN,288779.32,287318.06,46467.05,47928.310000000005,0
4369.69,TRANSFER,80654.16,76284.47,355327.39,359697.08,0
1508.46,CASH_IN,43530.22,42021.76,197390.74,198899.19999999998,0
586.69,DEBIT,45989.47,45402.78,267493.07,268079.76,0
1169.2,PAYMENT,268682.0,267512.8,25880.91,27050.11,0
205.12,CASH_OUT,30704.05,30498.93,387968.91,388174.02999999997,0
107.67,PAYMENT,102043.25,101935.58,346135.76,346243.43,0
2518.31,CASH_OUT,159103.96,156585.65,264650.18,267168.49,0
753.9,TRANSFER,184035.15,183281.25,248153.71,248907.61,0
844.36,PAYMENT,178719.79,177875.43000000002,168515.38,169359.74,0
2517.31,PAYMENT,235922.32,233405.01,171201.95,173719.26,0
4433.79,CASH_IN,171507.98,167074.19,34232.96,38666.75,0
1871.49,PAYMENT,255313.96,253442.47,343356.8,345228.29,0
7540.72,PAYMENT,25389.07,17848.35,22486.47,30027.190000000002,0
1812.91,PAYMENT,257689.64,255876.73,709.39,2522.3,0
1483.58,TRANSFER,177000.95,175517.37000000002,15490.59,16974.17,1
1394.64,DEBIT,66879.77,65485.130000000005,101723.74,103118.38,0
303.23,CASH_OUT,293322.96,293019.73000000004,285097.86,285401.08999999997,1
2852.64,TRANSFER,281920.28,279067.64,340579.6,343432.24,0
95.06,PAYMENT,253717.75,253622.69,210369.19,210464.25,0
610.18,PAYMENT,273478.84,272868.66000000003,204319.35,204929.53,0
1122.07,TRANSFER,114642.52,113520.45,288392.94,289515.01,0
497.82,CASH_OUT,68341.46,67843.64,298413.78,298911.60000000003,0
698.02,CASH_OUT,54871.16,54173.14000000001,422498.79,423196.81,0
6900.68,TRANSFER,262127.99,255227.31,409544.08,416444.76,0
3307.75,TRANSFER,247989.4,244681.65,411763.1,415070.85,0
552.34,TRANSFER,294281.52,293729.18,422086.4,422638.74000000005,0
685.7,TRANSFER,254475.63,253789.93,439915.24,440600.94,1
305.82,TRANSFER,189709.77,189403.94999999998,277658.39,277964.21,0
2219.4,CASH_OUT,42684.53,40465.13,297583.58,299802.98000000004,0
854.28,TRANSFER,49454.26,48599.98,363613.0,364467.28,0
153.47,CASH_IN,142109.86,141956.38999999998,99503.78,99657.25,0
1212.92,TRANSFER,230338.66,229125.74,180230.52,181443.44,0
1701.01,PAYMENT,51982.62,50281.61,456326.49,458027.5,0
2873.08,PAYMENT,274655.25,271782.17,261381.22,264254.3,0
1019.07,TRANSFER,205137.22,204118.15,25893.81,26912.88,0
755.46,TRANSFER,93692.73,92937.26999999999,202779.89,203535.35,0
7992.55,TRANSFER,265727.88,257735.33000000002,80394.6,88387.15000000001,0
1103.88,CASH_OUT,179589.11,178485.22999999998,178143.43,179247.31,0
2251.97,PAYMENT,219947.54,217695.57,272487.98,274739.94999999995,0
639.36,CASH_OUT,115632.66,114993.3,252568.2,253207.56,0
2186.18,CASH_OUT,118065.16,115878.98000000001,245234.52,247420.69999999998,0
255.79,TRANSFER,3785.27,3529.48,9169.47,9425.26,0
690.86,TRANSFER,161370.61,160679.75,222552.44,223243.3,1
327.58,PAYMENT,228239.04,227911.46000000002,14481.88,14809.46,0
598.86,TRANSFER,290647.35,290048.49,202430.39,203029.25,0
3829.43,CASH_OUT,267668.05,263838.62,323499.96,327329.39,0
594.47,CASH_IN,26097.33,25502.86,62952.23,63546.700000000004,0
2249.03,TRANSFER,294156.04,291907.00999999995,458386.37,460635.4,0
5000.36,PAYMENT,44844.21,39843.85,315255.74,320256.1,0
1066.8,CASH_OUT,12334.29,11267.490000000002,108799.32,109866.12000000001,0
2962.44,CASH_OUT,224678.95,221716.51,197043.83,200006.27,0
1865.13,PAYMENT,271765.94,269900.81,48453.63,50318.759999999995,0
1232.05,DEBIT,284934.87,283702.82,11031.64,12263.689999999999,0
2322.31,PAYMENT,247492.83,245170.52,457930.74,460253.05,0
6904.57,PAYMENT,61471.86,54567.29,337592.03,344496.60000000003,0
579.83,PAYMENT,46200.87,45621.04,389823.05,390402.88,0
420.23,PAYMENT,17690.54,17270.31,311086.42,311506.64999999997,0
396.27,DEBIT,174590.72,174194.45,453382.76,453779.03,0
2964.39,TRANSFER,146166.35,143201.96,447959.41,450923.8,0
3392.65,PAYMENT,32785.08,29392.43,29079.28,32471.93,1
640.96,TRANSFER,139448.14,138807.18000000002,94734.99,95375.95000000001,0
129.54,PAYMENT,170197.08,170067.53999999998,197894.95,198024.49000000002,0
558.49,PAYMENT,216886.39,216327.90000000002,170544.78,171103.27,0
1896.67,PAYMENT,124259.27,122362.6,262786.27,264682.94,0
1025.85,CASH_OUT,95505.73,94479.87999999999,133265.9,134291.75,0
1313.36,PAYMENT,199703.76,198390.40000000002,398729.56,400042.92,0
649.79,CASH_OUT,205267.09,204617.3,3746.92,4396.71,0
3023.25,PAYMENT,81128.57,78105.32,395756.54,398779.79,0
1545.64,CASH_OUT,5946.92,4401.28,196685.14,198230.78000000003,0
1971.33,CASH_OUT,283707.17,281735.83999999997,2567.5,4538.83,1
1285.71,PAYMENT,226585.92,225300.21000000002,423532.13,424817.84,0
1852.64,PAYMENT,60331.3,58478.66,223377.25,225229.89,0
1734.67,CASH_IN,169699.7,167965.03,362363.32,364097.99,0
433.51,TRANSFER,178484.26,178050.75,439224.36,439657.87,0
1592.5,CASH_OUT,37796.59,36204.09,17156.37,18748.87,0
2419.96,PAYMENT,57497.13,55077.17,131081.03,133500.99,0
3481.23,PAYMENT,287011.95,283530.72000000003,59445.8,62927.030000000006,0
1662.55,TRANSFER,152403.26,150740.71000000002,49005.08,50667.630000000005,0
417.69,DEBIT,57432.67,57014.979999999996,472820.55,473238.24,0
487.2,PAYMENT,239272.43,238785.22999999998,402784.69,403271.89,0
709.71,CASH_OUT,141171.99,140462.28,182362.58,183072.28999999998,1
1325.39,CASH_OUT,191523.62,190198.22999999998,343646.52,344971.91000000003,0
970.45,PAYMENT,89250.46,88280.01000000001,459722.64,460693.09,0
356.48,PAYMENT,17371.23,17014.75,110406.75,110763.23,0
354.35,PAYMENT,49483.27,49128.92,7075.37,7429.72,0
134.49,TRANSFER,291911.07,291776.58,412054.17,412188.66,0
48.45,CASH_OUT,187076.53,187028.08,361349.16,361397.61,0
961.23,TRANSFER,249325.56,248364.33,80128.64,81089.87,0
11161.55,PAYMENT,6455.87,0.0,244822.92,255984.47,0
6612.91,CASH_OUT,229638.75,223025.84,80216.94,86829.85,0
412.31,TRANSFER,145485.62,145073.31,301306.93,301719.24,0
1273.98,TRANSFER,199592.36,198318.37999999998,323784.97,325058.94999999995,1
253.51,TRANSFER,107461.51,107208.0,138341.35,138594.86000000002,0
295.27,PAYMENT,186260.65,185965.38,390418.56,390713.83,0
331.14,CASH_OUT,10685.93,10354.79,236798.17,237129.31000000003,0
875.24,PAYMENT,13676.61,12801.37,353178.96,354054.2,0
913.73,PAYMENT,239650.92,238737.19,319905.59,320819.32,0
1411.91,PAYMENT,37339.58,35927.67,225379.47,226791.38,0
2128.59,TRANSFER,4195.18,2066.59,146358.63,148487.22,0
782.99,TRANSFER,273736.95,272953.96,102152.2,102935.19,0
1137.06,PAYMENT,79659.53,78522.47,372972.02,374109.08,0
367.3,DEBIT,174714.65,174347.35,320971.74,321339.04,0
285.86,DEBIT,251675.09,251389.23,140470.96,140756.81999999998,0
244.94,PAYMENT,223772.12,223527.18,483549.59,483794.53,0
2099.07,CASH_OUT,13988.35,11889.28,405169.47,407268.54,0
782.19,PAYMENT,168284.61,167502.41999999998,63401.13,64183.32,0
168.83,CASH_IN,162539.36,162370.53,81281.71,81450.54000000001,0
1029.58,PAYMENT,105024.05,103994.47,272023.91,273053.49,0
314.56,PAYMENT,226068.89,225754.33000000002,51189.78,51504.34,0
5769.72,TRANSFER,289201.7,283431.98000000004,482169.0,487938.72,0
614.73,PAYMENT,44156.0,43541.27,319011.7,319626.43,1
2167.88,CASH_OUT,43567.2,41399.32,33087.02,35254.899999999994,0
3258.31,TRANSFER,220420.81,217162.5,221742.87,225001.18,0
422.03,PAYMENT,136324.92,135902.89,110984.24,111406.27,0
1183.28,TRANSFER,238565.68,237382.4,245225.37,246408.65,0
1907.35,DEBIT,42323.28,40415.93,123512.75,125420.1,1
1230.96,CASH_OUT,11957.26,10726.3,415898.08,417129.04000000004,0
1573.57,TRANSFER,209380.22,207806.65,360549.6,362123.17,0
290.14,PAYMENT,298413.32,298123.18,453289.08,453579.22000000003,0
1908.43,PAYMENT,28439.46,26531.03,98978.81,100887.23999999999,0
674.41,DEBIT,259301.37,258626.96,192696.12,193370.53,0
1555.34,CASH_OUT,115586.92,114031.58,402733.27,404288.61000000004,1
2751.74,TRANSFER,5036.86,2285.12,186923.3,189675.03999999998,0
2140.53,DEBIT,153006.54,150866.01,189544.19,191684.72,0
1554.21,PAYMENT,83656.26,82102.04999999999,493019.22,494573.43,0
2084.17,CASH_OUT,208020.94,205936.77,385431.59,387515.76,0
2182.9,PAYMENT,86349.19,84166.29000000001,430408.76,432591.66000000003,0
4892.71,PAYMENT,144510.04,139617.33000000002,203486.42,208379.13,0
1059.92,TRANSFER,60169.58,59109.66,292959.26,294019.18,0
1292.01,PAYMENT,248430.53,247138.52,225276.79,226568.80000000002,0
2785.18,CASH_IN,277629.44,274844.26,225146.79,227931.97,0
671.57,PAYMENT,121000.73,120329.15999999999,63849.57,64521.14,0
288.51,CASH_OUT,134664.01,134375.5,421066.43,421354.94,1
1795.84,CASH_OUT,294805.1,293009.25999999995,195271.22,197067.06,1
892.46,CASH_OUT,42634.64,41742.18,290912.2,291804.66000000003,0
327.82,CASH_IN,242585.85,242258.03,428535.92,428863.74,0
1809.02,TRANSFER,170183.58,168374.56,386738.63,388547.65,0
4587.7,PAYMENT,264220.33,259632.63,99118.99,103706.69,0
214.92,PAYMENT,87728.56,87513.64,309255.68,309470.6,0
3048.26,PAYMENT,88847.39,85799.13,247865.54,250913.80000000002,0
86.74,DEBIT,97745.98,97659.23999999999,130076.08,130162.82,0
734.88,TRANSFER,4989.32,4254.44,20428.95,21163.83,0
6908.56,PAYMENT,50967.87,44059.310000000005,314895.65,321804.21,1
789.72,PAYMENT,298375.99,297586.27,389927.46,390717.18,0
1199.83,TRANSFER,74684.57,73484.74,470859.21,472059.04000000004,0
2351.64,CASH_OUT,5975.13,3623.4900000000002,177491.88,179843.52000000002,0
197.06,PAYMENT,83562.09,83365.03,199608.58,199805.63999999998,0
1178.61,CASH_OUT,122517.05,121338.44,81502.82,82681.43000000001,1
1169.36,CASH_OUT,164336.18,163166.82,492308.01,493477.37,0
7060.85,CASH_OUT,20569.81,13508.960000000001,424793.5,431854.35,0
318.7,PAYMENT,237128.68,236809.97999999998,478801.86,479120.56,0
748.79,CASH_OUT,247650.38,246901.59,247673.57,248422.36000000002,1
433.39,PAYMENT,63948.17,63514.78,104890.69,105324.08,0
389.78,PAYMENT,239525.46,239135.68,286592.28,286982.06000000006,0
3385.99,CASH_OUT,108428.07,105042.08,186045.96,189431.94999999998,0
1126.25,CASH_OUT,126933.05,125806.8,173932.22,175058.47,0
629.19,PAYMENT,280916.48,280287.29,41182.14,41811.33,0
653.38,DEBIT,267571.32,266917.94,36574.61,37227.99,0
624.39,PAYMENT,112533.21,111908.82,189399.28,190023.67,0
682.8,TRANSFER,146433.09,145750.29,463099.27,463782.07,0
309.68,CASH_IN,85957.14,85647.46,361511.86,361821.54,0
846.64,TRANSFER,154630.28,153783.63999999998,380279.29,381125.93,0
765.7,CASH_OUT,204572.37,203806.66999999998,117145.34,117911.04,0
513.99,TRANSFER,27800.31,27286.32,367264.81,367778.8,0
1280.55,CASH_OUT,275952.34,274671.79000000004,203159.56,204440.11,0
1393.94,CASH_OUT,215662.19,214268.25,29695.31,31089.25,0
628.51,CASH_OUT,29025.8,28397.29,197406.78,198035.29,0
949.43,PAYMENT,260696.7,259747.27000000002,65626.89,66576.31999999999,0
9495.98,CASH_OUT,223104.86,213608.87999999998,426849.73,436345.70999999996,1
9140.16,PAYMENT,93938.05,84797.89,420147.03,429287.19,0
382.19,CASH_IN,156429.93,156047.74,143734.46,144116.65,0
439.46,PAYMENT,258039.2,257599.74000000002,305961.15,306400.61000000004,0
380.16,PAYMENT,290437.69,290057.53,181879.86,182260.02,0
3155.98,DEBIT,84323.22,81167.24,77113.09,80269.06999999999,0
736.18,PAYMENT,195167.45,194431.27000000002,324703.66,325439.83999999997,0
1393.64,PAYMENT,258074.08,256680.43999999997,380053.32,381446.96,0
8078.55,CASH_OUT,296450.05,288371.5,387361.37,395439.92,0
1085.22,PAYMENT,21215.55,20130.329999999998,74610.29,75695.51,1
2222.19,PAYMENT,151086.59,148864.4,256289.26,258511.45,0
1845.34,TRANSFER,262099.73,260254.39,11949.68,13795.02,1
608.98,PAYMENT,947.44,338.46000000000004,45084.75,45693.73,0
3162.64,PAYMENT,131170.57,128007.93000000001,40525.58,43688.22,0
468.86,PAYMENT,175259.62,174790.76,28595.4,29064.260000000002,0
4187.59,PAYMENT,157947.09,153759.5,166884.67,171072.26,1
609.45,PAYMENT,219831.81,219222.36,178839.8,179449.25,0
679.96,PAYMENT,19656.63,18976.670000000002,348935.17,349615.13,0
369.26,CASH_OUT,235625.02,235255.75999999998,164939.86,165309.12,0
435.17,CASH_OUT,84951.16,84515.99,70197.9,70633.06999999999,0
715.68,PAYMENT,247268.82,246553.14,473437.82,474153.5,1
96.41,PAYMENT,125846.38,125749.97,437738.2,437834.61,0
868.41,DEBIT,12875.58,12007.17,62112.88,62981.29,0
659.86,TRANSFER,289174.43,288514.57,181389.35,182049.21,0
2416.34,TRANSFER,234164.79,231748.45,84042.33,86458.67,0
1674.02,TRANSFER,104344.81,102670.79,479555.71,481229.73000000004,0
540.43,PAYMENT,81008.21,80467.78000000001,177988.8,178529.22999999998,0
693.29,CASH_OUT,176689.12,175995.83,49058.71,49752.0,0
867.3,CASH_IN,296188.38,295321.08,363421.99,364289.29,0
4846.23,CASH_IN,87050.05,82203.82,355858.76,360704.99,1
481.88,PAYMENT,284481.34,283999.46,120517.23,120999.11,0
533.92,PAYMENT,99116.14,98582.22,160730.93,161264.85,0
354.75,PAYMENT,211229.33,210874.58,207509.45,207864.2,0
249.13,PAYMENT,114520.31,114271.18,133850.0,134099.13,0
1490.7,PAYMENT,25515.67,24024.969999999998,144443.85,145934.55000000002,0
1343.33,CASH_OUT,280856.81,279513.48,400795.2,402138.53,0
3955.1,PAYMENT,49178.4,45223.3,375925.3,379880.39999999997,0
3106.99,CASH_IN,283407.44,280300.45,346314.61,349421.6,0
12053.58,PAYMENT,30992.05,18938.47,343386.78,355440.36000000004,0
1018.54,PAYMENT,80084.23,79065.69,260940.97,261959.51,0
845.11,DEBIT,276277.05,275431.94,175460.64,176305.75,0
298.8,CASH_OUT,197562.26,197263.46000000002,360272.47,360571.26999999996,0
2200.8,PAYMENT,56845.03,54644.229999999996,58183.87,60384.670000000006,0
1234.64,TRANSFER,177627.99,176393.34999999998,70535.25,71769.89,0
2103.31,PAYMENT,54117.36,52014.05,63132.6,65235.909999999996,0
351.03,PAYMENT,262332.62,261981.59,366359.03,366710.06000000006,0
1558.69,TRANSFER,14948.58,13389.89,295770.44,297329.13,1
1346.41,PAYMENT,158933.31,157586.9,225080.19,226426.6,0
1260.21,TRANSFER,19041.91,17781.7,238115.67,239375.88,0
553.76,PAYMENT,208506.83,207953.06999999998,413779.66,414333.42,0
3602.29,CASH_OUT,280739.17,277136.88,60839.89,64442.18,0
8521.16,CASH_OUT,249319.93,240798.77,191622.14,200143.30000000002,0
361.28,PAYMENT,111518.35,111157.07,380083.1,380444.38,0
2253.96,PAYMENT,71071.47,68817.51,328919.69,331173.65,0
61.69,TRANSFER,36308.25,36246.56,217573.36,217635.05,0
2140.1,CASH_OUT,262087.2,259947.1,112170.6,114310.70000000001,1
168.99,CASH_OUT,24332.74,24163.75,473220.61,473389.6,0
648.74,CASH_OUT,188648.76,188000.02000000002,203959.68,204608.41999999998,0
295.0,TRANSFER,110180.24,109885.24,438917.5,439212.5,1
883.94,PAYMENT,298733.5,297849.56,388915.24,389799.18,0
2537.14,TRANSFER,152646.99,150109.84999999998,430765.02,433302.16000000003,0
171.18,PAYMENT,164637.28,164466.1,8461.0,8632.18,0
765.49,CASH_OUT,275366.64,274601.15,238695.71,239461.19999999998,1
656.31,PAYMENT,290891.07,290234.76,129716.91,130373.22,0
5329.69,PAYMENT,175090.94,169761.25,137010.68,142340.37,0
1688.78,TRANSFER,238854.62,237165.84,134920.16,136608.94,1
337.91,TRANSFER,190430.02,190092.11,194656.84,194994.75,1
684.51,TRANSFER,128220.14,127535.63,205352.31,206036.82,0
5198.39,TRANSFER,17194.61,11996.220000000001,317020.12,322218.51,0
2240.3,CASH_IN,215323.16,213082.86000000002,150182.28,152422.58,0
437.8,DEBIT,210078.83,209641.03,136388.57,136826.37,0
839.6,DEBIT,35010.69,34171.090000000004,180304.1,181143.7,0
866.87,CASH_OUT,69020.66,68153.79000000001,343257.25,344124.12,1
640.35,CASH_OUT,219638.46,218998.11,85.59,725.94,0
198.3,TRANSFER,44913.59,44715.28999999999,373463.98,373662.27999999997,0
556.9,TRANSFER,207280.51,206723.61000000002,169484.38,170041.28,0
4399.29,PAYMENT,215393.16,210993.87,288119.89,292519.18,0
749.09,TRANSFER,106003.16,105254.07,380761.15,381510.24000000005,1
989.05,PAYMENT,77454.55,76465.5,255417.58,256406.62999999998,0
1262.09,PAYMENT,111911.82,110649.73000000001,323575.62,324837.71,0
10078.32,DEBIT,107758.99,97680.67000000001,459970.37,470048.69,0
1106.41,PAYMENT,182105.94,180999.53,14933.14,16039.55,0
3274.58,TRANSFER,223154.49,219879.91,174764.42,178039.0,1
602.94,TRANSFER,258525.79,257922.85,463427.08,464030.02,0
846.07,PAYMENT,8997.69,8151.620000000001,418714.91,419560.98,0
1110.49,DEBIT,217965.47,216854.98,308413.99,309524.48,0
505.66,PAYMENT,94255.81,93750.15,114651.48,115157.14,0
894.52,DEBIT,251592.6,250698.08000000002,165266.52,166161.03999999998,0
2665.24,CASH_OUT,22715.09,20049.85,428978.19,431643.43,0
492.57,PAYMENT,165352.35,164859.78,349135.73,349628.3,0
1096.73,PAYMENT,164602.08,163505.34999999998,142825.11,143921.84,0
2227.72,PAYMENT,97953.44,95725.72,66122.75,68350.47,0
480.84,PAYMENT,291091.98,290611.13999999996,390385.17,390866.01,0
3279.39,PAYMENT,32076.95,28797.56,288112.34,291391.73000000004,0
1179.54,CASH_IN,40919.17,39739.63,481719.09,482898.63,0
929.71,PAYMENT,193277.88,192348.17,203245.59,204175.3,0
147.21,DEBIT,154289.77,154142.56,174513.48,174660.69,0
754.75,PAYMENT,79340.14,78585.39,145378.07,146132.82,0
1590.16,CASH_IN,91281.54,89691.37999999999,240940.07,242530.23,0
6281.38,PAYMENT,47106.99,40825.61,161364.82,167646.2,0
1935.05,TRANSFER,260329.24,258394.19,36595.3,38530.350000000006,1
3381.98,TRANSFER,170855.66,167473.68,156064.53,159446.51,0
327.31,PAYMENT,73450.37,73123.06,109442.97,109770.28,0
966.01,CASH_OUT,118026.23,117060.22,407692.5,408658.51,0
3717.28,PAYMENT,272005.52,268288.24,117796.27,121513.55,0
451.36,TRANSFER,266052.35,265600.99,229435.79,229887.15,0
2879.07,TRANSFER,20732.01,17852.94,336369.12,339248.19,0
2283.16,TRANSFER,196230.04,193946.88,74613.44,76896.6,0
1443.35,PAYMENT,45891.35,44448.0,265641.24,267084.58999999997,0
789.42,PAYMENT,63265.01,62475.590000000004,423593.48,424382.89999999997,0
409.0,PAYMENT,259262.28,258853.28,292040.38,292449.38,0
6472.9,PAYMENT,268557.1,262084.19999999998,241193.22,247666.12,0
2062.89,PAYMENT,24807.57,22744.68,419439.45,421502.34,0
1541.66,CASH_IN,262177.0,260635.34,473625.96,475167.62,0
725.71,TRANSFER,218548.07,217822.36000000002,410492.7,411218.41000000003,0
1138.96,CASH_OUT,232713.11,231574.15,204204.72,205343.68,0
1293.0,PAYMENT,237544.6,236251.6,305846.54,307139.54,0
1635.78,PAYMENT,152169.98,150534.2,263320.85,264956.63,0
2285.5,TRANSFER,284072.29,281786.79,151654.31,153939.81,0
501.46,PAYMENT,60107.88,59606.42,217660.06,218161.52,0
253.0,PAYMENT,151489.53,151236.53,414633.39,414886.39,0
1193.06,TRANSFER,95565.77,94372.71,150239.92,151432.98,0
191.1,TRANSFER,246729.37,246538.27,444778.53,444969.63,0
793.41,CASH_IN,24810.21,24016.8,495714.66,496508.06999999995,0
659.06,PAYMENT,130103.55,129444.49,153383.65,154042.71,0
1793.18,TRANSFER,232043.3,230250.12,61369.03,63162.21,0
7963.29,PAYMENT,93702.27,85738.98000000001,478587.17,486550.45999999996,0
156.87,PAYMENT,72142.89,71986.02,85532.58,85689.45,0
10659.27,CASH_OUT,78764.75,68105.48,385731.9,396391.17000000004,0
868.64,PAYMENT,214077.03,213208.38999999998,19556.74,20425.38,0
1552.79,TRANSFER,86034.8,84482.01000000001,117782.55,119335.34,0
266.44,TRANSFER,120805.06,120538.62,130077.66,130344.1,0
2971.65,PAYMENT,163700.43,160728.78,148617.52,151589.16999999998,0
1143.07,CASH_IN,282228.02,281084.95,459651.88,460794.95,0
1031.26,TRANSFER,238304.27,237273.00999999998,87654.85,88686.11,0
158.0,CASH_OUT,55584.5,55426.5,86819.48,86977.48,0
1180.62,TRANSFER,264925.27,263744.65,345837.47,347018.08999999997,0
2555.05,CASH_IN,253430.23,250875.18000000002,476158.55,478713.6,0
865.86,PAYMENT,223567.36,222701.5,194642.18,195508.03999999998,0
3548.21,TRANSFER,155071.79,151523.58000000002,386564.33,390112.54000000004,0
3404.64,CASH_OUT,20944.49,17539.850000000002,15517.95,18922.59,0
577.61,PAYMENT,213451.57,212873.96000000002,412031.86,412609.47,0
5405.18,PAYMENT,155502.65,150097.47,361698.45,367103.63,0
1147.45,CASH_IN,92932.48,91785.03,448307.83,449455.28,0
1152.57,TRANSFER,2981.4,1828.8300000000002,318727.14,319879.71,1
1210.73,CASH_OUT,69314.69,68103.96,470668.32,471879.05,0
1175.34,CASH_OUT,181707.05,180531.71,194928.7,196104.04,0
79.03,DEBIT,33691.98,33612.950000000004,366265.72,366344.75,0
910.96,DEBIT,196625.61,195714.65,362782.1,363693.06,0
280.35,TRANSFER,245901.63,245621.28,134303.93,134584.28,0
5576.61,PAYMENT,95453.5,89876.89,460289.77,465866.38,0
5356.59,PAYMENT,24595.66,19239.07,389588.4,394944.99000000005,0
2570.71,TRANSFER,41909.64,39338.93,433175.89,435746.60000000003,1
863.97,DEBIT,107372.68,106508.70999999999,181295.5,182159.47,0
400.21,TRANSFER,244030.28,243630.07,420627.39,421027.60000000003,0
568.17,PAYMENT,190283.62,189715.44999999998,157488.23,158056.40000000002,0
7651.38,PAYMENT,260366.29,252714.91,482200.53,489851.91000000003,0
548.84,TRANSFER,298328.13,297779.29,11973.57,12522.41,0
104.0,DEBIT,60769.86,60665.86,309593.77,309697.77,0
3072.25,PAYMENT,208446.43,205374.18,56119.76,59192.01,0
4917.24,TRANSFER,139955.01,135037.77000000002,359366.59,364283.83,0
5763.01,CASH_OUT,148043.42,142280.41,181844.15,187607.16,1
3097.49,CASH_IN,97674.42,94576.93,435320.3,438417.79,0
3646.49,PAYMENT,102753.66,99107.17,436351.26,439997.75,0
1156.25,CASH_IN,202884.58,201728.33,184044.94,185201.19,0
137.51,TRANSFER,186240.88,186103.37,404990.89,405128.4,0
1127.64,CASH_OUT,95551.07,94423.43000000001,340568.44,341696.08,0
2041.77,PAYMENT,35574.28,33532.51,213283.46,215325.22999999998,0
957.89,TRANSFER,173472.39,172514.5,171618.22,172576.11000000002,0
915.22,CASH_OUT,221818.9,220903.68,105152.47,106067.69,0
418.17,PAYMENT,167586.54,167168.37,31604.23,32022.399999999998,0
402.73,TRANSFER,1095.2,692.47,258679.68,259082.41,0
6892.22,TRANSFER,84694.65,77802.43,270020.27,276912.49,0
7146.27,TRANSFER,233573.8,226427.53,222009.33,229155.59999999998,0
1093.73,PAYMENT,222764.46,221670.72999999998,475298.59,476392.32,0
1453.2,TRANSFER,3123.08,1669.8799999999999,6845.06,8298.26,1
411.23,PAYMENT,141088.87,140677.63999999998,425152.48,425563.70999999996,0
2085.11,CASH_IN,131195.45,129110.34000000001,400410.72,402495.82999999996,0
6371.88,CASH_IN,195684.41,189312.53,379376.2,385748.08,0
237.64,PAYMENT,37494.01,37256.37,262457.66,262695.3,0
1743.91,PAYMENT,186424.57,184680.66,95177.69,96921.6,0
1879.99,PAYMENT,284075.41,282195.42,431439.68,433319.67,0
1858.65,TRANSFER,111524.86,109666.21,372297.33,374155.98000000004,0
5669.28,DEBIT,101206.93,95537.65,416410.61,422079.89,0
8400.26,TRANSFER,8482.05,81.78999999999905,117893.79,126294.04999999999,1
868.28,PAYMENT,17218.52,16350.24,277187.5,278055.78,0
2149.89,PAYMENT,279471.73,277321.83999999997,207979.62,210129.51,0
1193.01,PAYMENT,292650.55,291457.54,319835.72,321028.73,1
582.82,DEBIT,1692.51,1109.69,376303.85,376886.67,0
1437.72,CASH_OUT,270203.91,268766.19,86857.68,88295.4,0
2146.3,TRANSFER,52188.01,50041.71,87019.12,89165.42,0
1362.3,PAYMENT,168407.62,167045.32,21803.44,23165.739999999998,0
454.33,CASH_IN,203442.28,202987.95,78592.52,79046.85,0
689.83,PAYMENT,107717.61,107027.78,120086.61,120776.44,0
695.13,DEBIT,158696.43,158001.3,36259.29,36954.42,1
472.27,DEBIT,188262.66,187790.39,177845.48,178317.75,0
1500.48,TRANSFER,58177.89,56677.409999999996,337583.15,339083.63,0
1665.89,DEBIT,298276.99,296611.1,396536.56,398202.45,0
2920.52,PAYMENT,61164.55,58244.030000000006,172908.13,175828.65,0
465.16,CASH_OUT,3101.54,2636.38,41912.45,42377.61,0
615.55,PAYMENT,283285.38,282669.83,379686.16,380301.70999999996,0
5190.42,TRANSFER,128738.31,123547.89,195591.84,200782.26,0
930.3,PAYMENT,119585.92,118655.62,125713.8,126644.1,0
1130.18,PAYMENT,82701.4,81571.22,235345.49,236475.66999999998,0
920.48,PAYMENT,7749.58,6829.1,484932.14,485852.62,0
3405.1,PAYMENT,79370.46,75965.36,186319.92,189725.02000000002,0
3539.74,TRANSFER,117990.1,114450.36,479726.54,483266.27999999997,0
3338.27,TRANSFER,156098.77,152760.5,126584.58,129922.85,1
1126.16,PAYMENT,137293.27,136167.11,52772.38,53898.54,0
458.32,CASH_IN,263710.86,263252.54,78589.4,79047.72,0
7519.19,CASH_IN,273398.96,265879.77,386890.87,394410.06,1
2581.97,PAYMENT,95146.48,92564.51,268806.56,271388.52999999997,0
694.6,TRANSFER,287866.38,287171.78,290961.13,291655.73,1
4554.26,CASH_OUT,259480.25,254925.99,483854.2,488408.46,0
641.87,CASH_OUT,278290.44,277648.57,252418.69,253060.56,0
4494.92,PAYMENT,211899.26,207404.34,58510.44,63005.36,0
4809.19,CASH_OUT,59481.55,54672.36,359257.62,364066.81,0
436.38,PAYMENT,58568.34,58131.96,103925.68,104362.06,0
1962.08,PAYMENT,272595.47,270633.38999999996,290769.01,292731.09,0
2397.52,CASH_OUT,152113.64,149716.12000000002,427189.38,429586.9,1
14986.56,CASH_OUT,267140.19,252153.63,238540.54,253527.1,0
522.02,DEBIT,216164.36,215642.34,157142.55,157664.56999999998,0
4594.17,PAYMENT,63753.69,59159.520000000004,287773.29,292367.45999999996,0
1115.82,PAYMENT,115427.95,114312.12999999999,63475.65,64591.47,0
316.92,PAYMENT,290347.56,290030.64,153782.03,154098.95,0
972.64,PAYMENT,5874.83,4902.19,252071.39,253044.03000000003,0
1099.34,PAYMENT,214375.16,213275.82,127075.58,128174.92,0
380.36,TRANSFER,293633.91,293253.55,19629.06,20009.420000000002,0
1498.43,TRANSFER,31244.08,29745.65,292570.49,294068.92,0
2857.81,CASH_OUT,81597.86,78740.05,200623.68,203481.49,0
1391.59,PAYMENT,164103.94,162712.35,195305.13,196696.72,0
637.88,PAYMENT,253129.48,252491.6,498406.4,499044.28,0
945.32,CASH_OUT,151953.56,151008.24,55892.02,56837.34,0
1091.66,PAYMENT,17878.81,16787.15,77087.82,78179.48000000001,0
1362.83,DEBIT,38155.3,36792.47,438130.91,439493.74,0
3327.01,PAYMENT,112783.01,109456.0,65130.83,68457.84,0
1439.34,TRANSFER,96762.2,95322.86,458811.42,460250.76,0
269.7,DEBIT,65903.59,65633.89,335980.43,336250.13,0
624.95,TRANSFER,252038.62,251413.66999999998,264081.45,264706.4,0
1294.68,TRANSFER,8064.51,6769.83,139200.34,140495.02,0
3374.91,CASH_OUT,248803.27,245428.36,179736.74,183111.65,0
4015.22,PAYMENT,276504.05,272488.83,412977.28,416992.5,1
6468.41,CASH_OUT,189033.31,182564.9,28752.27,35220.68,0
1249.64,DEBIT,187605.12,186355.47999999998,384274.3,385523.94,0
2352.68,CASH_IN,44705.31,42352.63,413910.34,416263.02,0
256.09,TRANSFER,170495.32,170239.23,352983.45,353239.54000000004,0
1685.61,PAYMENT,112552.32,110866.71,27252.33,28937.940000000002,0
374.18,CASH_OUT,68714.93,68340.75,371327.46,371701.64,0
1030.15,TRANSFER,174998.87,173968.72,361581.95,362612.10000000003,0
22693.6,PAYMENT,357.14,0.0,6546.94,29240.539999999997,0
1485.57,PAYMENT,82923.84,81438.26999999999,446141.68,447627.25,0
462.29,PAYMENT,196812.61,196350.31999999998,66097.91,66560.2,0
1648.78,TRANSFER,136512.18,134863.4,480391.09,482039.87000000005,0
653.88,PAYMENT,43692.16,43038.280000000006,35385.29,36039.17,0
419.58,PAYMENT,395.43,0.0,119024.71,119444.29000000001,0
8983.45,PAYMENT,81131.79,72148.34,345121.1,354104.55,0
3186.93,CASH_IN,164717.79,161530.86000000002,68620.66,71807.59,0
1549.27,PAYMENT,160363.67,158814.40000000002,92483.78,94033.05,0
741.13,PAYMENT,39321.57,38580.44,5585.82,6326.95,0
803.69,TRANSFER,184109.14,183305.45,413240.04,414043.73,0
5128.06,PAYMENT,299677.31,294549.25,18808.65,23936.710000000003,0
1490.07,CASH_IN,175460.07,173970.0,316286.51,317776.58,0
50.26,CASH_IN,158291.45,158241.19,291153.66,291203.92,0
12344.16,TRANSFER,186789.94,174445.78,255620.13,267964.29,0
1316.94,TRANSFER,263901.27,262584.33,187578.86,188895.8,1
1545.91,PAYMENT,283799.8,282253.89,149781.28,151327.19,0
3250.92,PAYMENT,12310.05,9059.13,478473.76,481724.68,0
1746.56,PAYMENT,61498.14,59751.58,392679.14,394425.7,0
2314.41,PAYMENT,34729.22,32414.81,461366.3,463680.70999999996,1
717.86,PAYMENT,231706.14,230988.28000000003,366948.98,367666.83999999997,0
320.6,TRANSFER,13668.86,13348.26,414504.46,414825.06,0
1451.33,PAYMENT,270790.48,269339.14999999997,482087.71,483539.04000000004,0
4589.91,PAYMENT,6166.61,1576.6999999999998,226822.28,231412.19,1
573.75,TRANSFER,180764.04,180190.29,453448.14,454021.89,0
529.52,TRANSFER,82672.86,82143.34,21537.08,22066.600000000002,0
3718.29,PAYMENT,141169.06,137450.77,53936.07,57654.36,0
694.2,PAYMENT,132565.77,131871.56999999998,245187.17,245881.37000000002,0
727.37,PAYMENT,224667.98,223940.61000000002,226986.63,227714.0,0
755.1,PAYMENT,148992.63,148237.53,219106.54,219861.64,0
1027.64,CASH_OUT,126366.25,125338.61,268595.83,269623.47000000003,0
227.32,CASH_IN,219083.13,218855.81,269186.4,269413.72000000003,0
639.48,TRANSFER,277742.08,277102.60000000003,435282.37,435921.85,0
1380.73,TRANSFER,238176.72,236795.99,172956.41,174337.14,0
1370.92,CASH_OUT,221015.11,219644.18999999997,158120.48,159491.40000000002,0
3491.17,CASH_OUT,146316.62,142825.44999999998,350947.62,354438.79,0
6900.8,PAYMENT,270064.74,263163.94,324238.47,331139.26999999996,0
4976.51,PAYMENT,145894.04,140917.53,414923.49,419900.0,0
2737.09,TRANSFER,279085.74,276348.64999999997,154639.06,157376.15,0
945.08,TRANSFER,240876.68,239931.6,3197.11,4142.1900000000005,0
588.12,PAYMENT,45078.07,44489.95,472031.84,472619.96,0
1116.42,PAYMENT,14097.65,12981.23,22112.7,23229.120000000003,0
1969.59,PAYMENT,222256.71,220287.12,340006.47,341976.06,0
2494.74,PAYMENT,205751.75,203257.01,160916.0,163410.74,0
2044.86,TRANSFER,180626.66,178581.80000000002,211766.53,213811.38999999998,0
971.48,CASH_OUT,292871.78,291900.30000000005,419016.39,419987.87,0
2408.75,TRANSFER,163620.91,161212.16,209789.74,212198.49,0
3869.47,PAYMENT,104369.96,100500.49,72185.76,76055.23,0
2644.3,PAYMENT,169489.76,166845.46000000002,377217.54,379861.83999999997,0
1062.08,DEBIT,8523.53,7461.450000000001,10105.76,11167.84,0
476.35,TRANSFER,173779.27,173302.91999999998,137366.49,137842.84,0
465.18,PAYMENT,270729.06,270263.88,269036.81,269501.99,0
554.9,PAYMENT,1299.02,744.12,218881.85,219436.75,0
1418.1,CASH_OUT,253591.14,252173.04,310114.17,311532.26999999996,0
1844.21,CASH_OUT,240578.67,238734.46000000002,190673.85,192518.06,0
266.52,DEBIT,31830.94,31564.42,195292.36,195558.87999999998,0
662.49,TRANSFER,254049.15,253386.66,174328.63,174991.12,0
1398.68,TRANSFER,229063.58,227664.9,443635.23,445033.91,0
446.0,TRANSFER,147313.94,146867.94,8648.26,9094.26,0
1692.4,PAYMENT,73564.18,71871.78,469820.98,471513.38,0
806.39,CASH_OUT,86430.12,85623.73,179110.84,179917.23,0
531.97,TRANSFER,183682.48,183150.51,182441.38,182973.35,0
1156.56,PAYMENT,73891.2,72734.64,362946.42,364102.98,0
1623.4,DEBIT,97606.7,95983.3,194138.37,195761.77,0
469.41,PAYMENT,279251.53,278782.12000000005,308322.41,308791.81999999995,1
860.39,PAYMENT,218798.58,217938.18999999997,451815.34,452675.73000000004,0
1750.54,PAYMENT,220822.21,219071.66999999998,423099.02,424849.56,1
511.79,DEBIT,286780.93,286269.14,257683.34,258195.13,0
208.98,CASH_IN,1738.21,1529.23,358326.06,358535.04,0
235.9,TRANSFER,73345.75,73109.85,196217.37,196453.27,0
721.95,CASH_IN,197392.19,196670.24,388022.08,388744.03,0
293.41,DEBIT,131481.46,131188.05,85091.72,85385.13,0
774.55,DEBIT,33841.48,33066.93,22815.89,23590.44,0
5796.11,DEBIT,234370.11,228574.0,270366.34,276162.45,0
276.28,PAYMENT,14121.76,13845.48,107669.34,107945.62,0
826.66,CASH_OUT,163155.33,162328.66999999998,364362.97,365189.62999999995,0
9249.31,TRANSFER,168739.3,159489.99,50661.75,59911.06,0
1649.34,CASH_OUT,190788.4,189139.06,4247.57,5896.91,0
759.21,PAYMENT,94687.89,93928.68,337851.67,338610.88,0
937.41,CASH_OUT,7080.28,6142.87,250399.72,251337.13,0
1684.73,CASH_IN,266694.99,265010.26,476007.7,477692.43,0
5977.59,PAYMENT,278761.44,272783.85,123742.8,129720.39,0
644.93,CASH_IN,144596.62,143951.69,61628.06,62272.99,0
514.09,PAYMENT,6192.11,5678.0199999999995,11553.09,12067.18,0
276.22,PAYMENT,174261.35,173985.13,222123.67,222399.89,0
1215.73,PAYMENT,94778.96,93563.23000000001,50408.44,51624.170000000006,0
268.89,CASH_OUT,54745.67,54476.78,387821.72,388090.61,0
689.67,TRANSFER,50685.8,49996.130000000005,35992.9,36682.57,0
442.0,PAYMENT,53776.63,53334.63,460377.41,460819.41,0
3210.31,TRANSFER,99252.3,96041.99,270426.96,273637.27,0
659.58,PAYMENT,84186.06,83526.48,348185.97,348845.55,0
1630.97,TRANSFER,250927.45,249296.48,65458.55,67089.52,0
220.5,DEBIT,148594.41,148373.91,44752.66,44973.16,0
1250.76,CASH_OUT,128294.25,127043.49,176841.89,178092.65000000002,0
329.26,CASH_OUT,43750.07,43420.81,260217.27,260546.53,0
716.48,TRANSFER,262767.24,262050.75999999998,287750.98,288467.45999999996,0
10008.63,CASH_IN,16446.66,6438.030000000001,164894.23,174902.86000000002,0
2785.48,PAYMENT,71859.41,69073.93000000001,136331.15,139116.63,0
964.48,PAYMENT,186441.68,185477.19999999998,490705.27,491669.75,0
26874.74,PAYMENT,210693.73,183818.99000000002,136330.96,163205.69999999998,0
439.14,TRANSFER,240346.97,239907.83,68962.45,69401.59,0
3516.48,TRANSFER,123087.39,119570.91,179729.83,183246.31,0
236.83,CASH_OUT,104022.03,103785.2,151935.66,152172.49,0
859.26,PAYMENT,86565.49,85706.23000000001,210867.6,211726.86000000002,0
284.92,PAYMENT,170428.4,170143.47999999998,311856.87,312141.79,0
1418.39,CASH_OUT,104590.68,103172.29,301573.97,302992.36,0
1159.76,CASH_IN,98428.27,97268.51000000001,349144.94,350304.7,0
806.2,PAYMENT,5067.26,4261.06,78342.54,79148.73999999999,0
3268.4,PAYMENT,284494.8,281226.39999999997,22972.18,26240.58,0
621.98,PAYMENT,18178.27,17556.29,395404.9,396026.88,0
1520.59,TRANSFER,81261.46,79740.87000000001,108576.32,110096.91,0
2491.29,PAYMENT,276425.89,273934.60000000003,157832.5,160323.79,0
248.83,PAYMENT,220604.46,220355.63,227839.86,228088.68999999997,0
518.83,CASH_OUT,173441.94,172923.11000000002,358153.18,358672.01,0
1157.32,PAYMENT,198244.17,197086.85,81792.22,82949.54000000001,0
2059.37,PAYMENT,29118.02,27058.65,451201.13,453260.5,0
4542.52,PAYMENT,242594.2,238051.68000000002,160763.67,165306.19,0
883.7,CASH_IN,75032.03,74148.33,491331.35,492215.05,0
799.13,TRANSFER,286864.19,286065.06,142706.28,143505.41,0
458.24,PAYMENT,69412.38,68954.14,362826.51,363284.75,0
1525.36,PAYMENT,187609.32,186083.96000000002,188334.56,189859.91999999998,0
814.75,CASH_OUT,163597.35,162782.6,418293.87,419108.62,0
833.78,DEBIT,42930.93,42097.15,231203.3,232037.08,0
998.36,PAYMENT,108878.15,107879.79,435265.94,436264.3,0
1903.84,PAYMENT,234387.83,232483.99,376969.31,378873.15,0
624.07,PAYMENT,63776.42,63152.35,293014.3,293638.37,0
506.66,TRANSFER,288857.19,288350.53,124994.96,125501.62000000001,0
1688.72,CASH_IN,88645.09,86956.37,129933.86,131622.58,0
53.21,TRANSFER,188016.5,187963.29,495711.05,495764.26,0
599.64,PAYMENT,185660.11,185060.46999999997,462694.0,463293.64,0
346.78,CASH_OUT,141233.47,140886.69,69209.19,69555.97,0
3652.83,CASH_OUT,196608.14,192955.31000000003,102032.26,105685.09,0
705.61,PAYMENT,223073.08,222367.47,53407.19,54112.8,0
625.96,PAYMENT,185700.89,185074.93000000002,100668.9,101294.86,1
1044.59,PAYMENT,167998.39,166953.80000000002,145118.79,146163.38,0
604.64,CASH_OUT,181988.22,181383.58,418813.47,419418.11,0
733.15,CASH_OUT,120586.78,119853.63,47591.13,48324.28,0
1208.47,CASH_OUT,21261.95,20053.48,441060.28,442268.75,0
719.07,DEBIT,47909.51,47190.44,485965.07,486684.14,0
713.93,PAYMENT,182011.21,181297.28,140870.03,141583.96,0
399.35,PAYMENT,278152.17,277752.82,228116.92,228516.27000000002,0
345.92,PAYMENT,7722.16,7376.24,264664.19,265010.11,0
1165.19,DEBIT,163210.56,162045.37,102844.67,104009.86,1
1490.1,TRANSFER,75618.43,74128.32999999999,365788.19,367278.29,0
262.92,PAYMENT,168521.97,168259.05,289999.4,290262.32,0
2344.77,PAYMENT,224897.21,222552.44,56088.68,58433.45,0
2354.42,CASH_OUT,220635.94,218281.52,447991.16,450345.57999999996,0
2906.45,CASH_OUT,217465.74,214559.28999999998,151096.35,154002.80000000002,0
1480.14,CASH_OUT,233677.04,232196.9,78123.66,79603.8,0
2073.68,PAYMENT,21783.21,19709.53,490927.2,493000.88,0
9750.03,CASH_IN,152873.35,143123.32,51454.5,61204.53,0
811.17,CASH_OUT,78533.55,77722.38,29848.34,30659.51,0
385.41,CASH_OUT,276381.17,275995.76,118776.5,119161.91,0
236.5,CASH_OUT,234863.77,234627.27,159632.46,159868.96,0
6346.6,CASH_IN,32263.45,25916.85,216901.33,223247.93,0
6430.37,CASH_IN,72973.84,66543.47,342585.11,349015.48,1
435.02,TRANSFER,136566.08,136131.06,182856.69,183291.71,0
529.9,TRANSFER,288872.59,288342.69,279666.81,280196.71,0
793.15,PAYMENT,32901.96,32108.809999999998,2905.71,3698.86,0
3730.35,CASH_OUT,170391.71,166661.36,192449.84,196180.19,0
302.69,CASH_OUT,102386.25,102083.56,472484.34,472787.03,0
153.45,PAYMENT,193902.1,193748.65,387423.35,387576.8,0
9580.78,PAYMENT,194612.02,185031.24,370400.28,379981.06000000006,0
1498.73,CASH_IN,72177.45,70678.72,152257.99,153756.72,0
1727.47,DEBIT,235742.82,234015.35,244088.09,245815.56,0
893.27,CASH_IN,27378.74,26485.47,422261.75,423155.02,0
1747.23,TRANSFER,245441.66,243694.43,440077.83,441825.06,0
241.24,CASH_OUT,63590.06,63348.82,355271.51,355512.75,0
472.99,DEBIT,176873.79,176400.80000000002,228270.72,228743.71,0
1218.23,PAYMENT,104192.92,102974.69,36582.52,37800.75,0
113.19,PAYMENT,182933.95,182820.76,59676.65,59789.840000000004,0
810.36,CASH_IN,80225.35,79414.99,146.46,956.82,0
761.92,PAYMENT,170689.1,169927.18,179599.88,180361.80000000002,0
810.22,TRANSFER,2459.48,1649.26,11691.98,12502.199999999999,0
632.02,CASH_OUT,112336.34,111704.31999999999,217510.9,218142.91999999998,1
405.09,CASH_OUT,247916.81,247511.72,298770.81,299175.9,0
177.32,PAYMENT,138901.98,138724.66,297940.07,298117.39,0
1267.43,CASH_OUT,149778.33,148510.9,277648.76,278916.19,0
812.31,PAYMENT,186473.05,185660.74,113085.43,113897.73999999999,0
277.19,DEBIT,130262.88,129985.69,259594.45,259871.64,0
1167.4,PAYMENT,260123.02,258955.62,489917.97,491085.37,0
816.52,CASH_OUT,120997.4,120180.87999999999,222308.89,223125.41,0
691.58,CASH_OUT,282765.73,282074.14999999997,437245.84,437937.42000000004,0
126.86,PAYMENT,263081.41,262954.55,190702.72,190829.58,0
2170.62,PAYMENT,126326.33,124155.71,311522.22,313692.83999999997,0
319.56,CASH_OUT,109740.26,109420.7,240919.45,241239.01,1
1168.26,PAYMENT,202988.41,201820.15,344311.24,345479.5,1
488.69,PAYMENT,226592.02,226103.33,448688.92,449177.61,0
743.43,TRANSFER,55758.47,55015.04,220450.37,221193.8,0
3471.33,CASH_IN,72313.56,68842.23,378699.73,382171.06,0
1866.12,TRANSFER,43875.75,42009.63,441269.82,443135.94,0
3394.94,PAYMENT,228207.56,224812.62,394772.27,398167.21,0
1525.97,CASH_IN,214320.56,212794.59,12278.0,13803.97,0
1629.69,TRANSFER,56716.14,55086.45,94.83,1724.52,0
184.72,TRANSFER,161062.44,160877.72,441479.84,441664.56,0
798.29,TRANSFER,229271.81,228473.52,364656.71,365455.0,0
875.76,PAYMENT,284108.6,283232.83999999997,479066.02,479941.78,0
3728.14,PAYMENT,53556.8,49828.66,146241.2,149969.34000000003,0
661.01,CASH_OUT,91298.93,90637.92,393984.13,394645.14,1
1429.18,PAYMENT,104501.94,103072.76000000001,400761.04,402190.22,0
1374.38,CASH_OUT,187493.21,186118.83,428663.24,430037.62,0
3490.06,PAYMENT,40925.66,37435.600000000006,346013.96,349504.02,0
959.35,PAYMENT,58028.72,57069.37,69154.0,70113.35,0
2509.37,PAYMENT,234131.05,231621.68,340471.37,342980.74,0
199.36,TRANSFER,162616.1,162416.74000000002,302241.85,302441.20999999996,0
218.32,CASH_OUT,48115.87,47897.55,166836.05,167054.37,0
111.79,PAYMENT,116529.82,116418.03000000001,104306.75,104418.54,0
2406.64,PAYMENT,40348.26,37941.62,442549.97,444956.61,0
2150.95,PAYMENT,108807.0,106656.05,70973.25,73124.2,0
2688.74,CASH_OUT,120059.79,117371.04999999999,211098.95,213787.69,0
557.04,PAYMENT,33633.12,33076.08,311399.26,311956.3,0
624.19,CASH_OUT,17950.03,17325.84,485898.22,486522.41,0
971.61,PAYMENT,264480.57,263508.96,335488.18,336459.79,0
4645.71,PAYMENT,266294.43,261648.72,152439.1,157084.81,0
5965.98,CASH_OUT,773.66,0.0,30330.97,36296.95,0
2425.54,TRANSFER,192361.23,189935.69,158851.56,161277.1,0
1526.94,PAYMENT,28103.7,26576.760000000002,146393.28,147920.22,0
4168.8,CASH_IN,243042.49,238873.69,409539.74,413708.54,0
849.08,PAYMENT,263868.72,263019.63999999996,188292.28,189141.36,0
741.78,PAYMENT,184984.55,184242.77,49224.17,49965.95,0
963.89,PAYMENT,183946.64,182982.75,434988.73,435952.62,1
412.11,TRANSFER,111444.45,111032.34,9027.13,9439.24,0
920.57,CASH_OUT,74840.69,73920.12,1504.7,2425.27,0
358.74,PAYMENT,149781.25,149422.51,237376.62,237735.36,0
3056.45,CASH_IN,40115.17,37058.72,34610.14,37666.59,0
1888.78,CASH_OUT,201667.47,199778.69,88550.95,90439.73,0
4580.5,CASH_IN,141026.07,136445.57,492642.29,497222.79,0
215.02,CASH_OUT,53280.45,53065.43,422182.5,422397.52,0
7344.43,CASH_IN,176494.28,169149.85,382018.84,389363.27,0
227.59,TRANSFER,238598.35,238370.76,335396.53,335624.12000000005,0
330.86,PAYMENT,176639.84,176308.98,23907.72,24238.58,0
589.44,TRANSFER,158898.42,158308.98,417954.36,418543.8,0
4055.06,CASH_OUT,254315.24,250260.18,235594.16,239649.22,0
1374.13,TRANSFER,3226.62,1852.4899999999998,49159.99,50534.119999999995,0
859.35,CASH_OUT,185024.29,184164.94,150375.51,151234.86000000002,0
496.4,PAYMENT,122907.65,122411.25,250984.06,251480.46,0
277.01,DEBIT,58069.84,57792.829999999994,6847.3,7124.31,0
3403.73,PAYMENT,293873.36,290469.63,126209.74,129613.47,0
2437.28,CASH_IN,121144.15,118706.87,167961.81,170399.09,0
4240.56,PAYMENT,100578.84,96338.28,231895.67,236136.23,0
1630.79,PAYMENT,50702.53,49071.74,990.8,2621.59,0
78.09,CASH_OUT,299329.79,299251.69999999995,282721.31,282799.4,0
315.9,CASH_OUT,256815.41,256499.51,98816.86,99132.76,0
1745.63,CASH_OUT,20991.73,19246.1,298625.27,300370.9,1
757.7,CASH_IN,169726.16,168968.46,119575.15,120332.84999999999,0
627.13,PAYMENT,44220.36,43593.23,201359.22,201986.35,0
363.86,DEBIT,214734.42,214370.56000000003,311815.1,312178.95999999996,0
2828.75,PAYMENT,145225.03,142396.28,328286.3,331115.05,0
1730.55,TRANSFER,33116.69,31386.140000000003,15297.85,17028.4,0
1810.2,TRANSFER,167111.67,165301.47,267537.27,269347.47000000003,0
581.96,PAYMENT,273202.7,272620.74,408320.83,408902.79000000004,1
1308.04,TRANSFER,102358.4,101050.36,103211.52,104519.56,0
287.79,CASH_OUT,15241.68,14953.89,265994.32,266282.11,1
963.11,PAYMENT,283562.13,282599.02,223807.32,224770.43,0
87.54,CASH_IN,42539.76,42452.22,424967.45,425054.99,0
228.58,TRANSFER,142515.6,142287.02000000002,219381.54,219610.12,1
794.48,PAYMENT,163403.14,162608.66,471920.26,472714.74,0
11791.31,CASH_OUT,71126.24,59334.93000000001,326214.22,338005.52999999997,0
181.14,PAYMENT,53225.41,53044.270000000004,280691.61,280872.75,0
316.21,PAYMENT,33941.66,33625.450000000004,145959.77,146275.97999999998,0
1362.09,CASH_OUT,20986.58,19624.49,298262.81,299624.9,0
6434.46,PAYMENT,152437.96,146003.5,65623.21,72057.67000000001,0
1342.34,PAYMENT,252606.23,251263.89,208122.05,209464.38999999998,0
2213.08,CASH_OUT,38027.63,35814.549999999996,142213.97,144427.05,0
782.42,PAYMENT,210185.71,209403.28999999998,335138.25,335920.67,0
658.11,CASH_OUT,123786.23,123128.12,381997.99,382656.1,0
1190.57,CASH_OUT,10567.27,9376.7,464314.43,465505.0,0
567.77,PAYMENT,160791.69,160223.92,111050.39,111618.16,0
2262.6,TRANSFER,75602.48,73339.87999999999,442375.35,444637.94999999995,0
220.02,PAYMENT,181576.23,181356.21000000002,422975.74,423195.76,0
2670.41,CASH_OUT,104796.9,102126.48999999999,431215.79,433886.19999999995,0
1140.6,PAYMENT,199935.7,198795.1,370237.93,371378.52999999997,0
884.73,CASH_IN,275551.01,274666.28,133860.72,134745.45,0
212.09,PAYMENT,73363.37,73151.28,438936.09,439148.18000000005,0
411.67,CASH_OUT,281952.14,281540.47000000003,299774.23,300185.89999999997,0
3636.04,PAYMENT,61292.66,57656.62,370305.85,373941.88999999996,0
890.16,PAYMENT,21208.46,20318.3,102628.68,103518.84,0
1448.67,TRANSFER,57810.3,56361.630000000005,78705.27,80153.94,1
455.08,TRANSFER,244475.01,244019.93000000002,138425.82,138880.9,0
1065.23,CASH_IN,203266.87,202201.63999999998,255685.39,256750.62000000002,0
278.06,PAYMENT,291250.25,290972.19,208312.55,208590.61,0
1211.82,PAYMENT,212948.19,211736.37,443804.02,445015.84,0
1588.65,PAYMENT,123789.38,122200.73000000001,6509.25,8097.9,0
1511.13,PAYMENT,267729.29,266218.16,40024.2,41535.329999999994,0
444.26,DEBIT,287438.56,286994.3,162704.93,163149.19,0
778.95,CASH_IN,237496.48,236717.53,83866.12,84645.06999999999,0
1876.56,DEBIT,166991.88,165115.32,203375.31,205251.87,0
887.64,PAYMENT,247729.73,246842.09,358796.55,359684.19,0
822.78,TRANSFER,53713.41,52890.630000000005,496708.94,497531.72000000003,0
7357.44,CASH_OUT,270105.01,262747.57,101037.37,108394.81,0
423.69,PAYMENT,299867.69,299444.0,132987.32,133411.01,0
3230.58,CASH_OUT,199542.05,196311.47,384369.32,387599.9,0
345.61,PAYMENT,58766.71,58421.1,136024.85,136370.46,0
2110.71,PAYMENT,43331.0,41220.29,351874.99,353985.7,0
2226.43,DEBIT,287824.32,285597.89,291744.52,293970.95,0
658.28,PAYMENT,261405.85,260747.57,427447.05,428105.33,0
324.58,CASH_IN,224603.66,224279.08000000002,16668.39,16992.97,0
152.87,PAYMENT,284735.78,284582.91000000003,489873.48,490026.35,0
592.82,PAYMENT,151021.13,150428.31,482125.33,482718.15,0
1856.07,PAYMENT,266323.92,264467.85,11193.9,13049.97,0
373.3,PAYMENT,48846.09,48472.78999999999,249754.71,250128.00999999998,0
1208.27,TRANSFER,54842.92,53634.65,200713.05,201921.31999999998,0
250.53,PAYMENT,153702.91,153452.38,127081.58,127332.11,0
867.93,CASH_OUT,99752.9,98884.97,488912.96,489780.89,0
348.26,DEBIT,129755.78,129407.52,87300.23,87648.48999999999,0
1014.37,PAYMENT,239459.1,238444.73,131777.25,132791.62,0
664.42,PAYMENT,16022.24,15357.82,4111.49,4775.91,0
333.5,TRANSFER,216253.15,215919.65,290111.56,290445.06,0
567.44,CASH_OUT,26468.78,25901.34,430399.32,430966.76,0
430.89,TRANSFER,254250.32,253819.43,310956.47,311387.36,0
294.73,PAYMENT,60569.94,60275.21,325803.61,326098.33999999997,0
3238.11,TRANSFER,220481.68,217243.57,33160.18,36398.29,0
764.96,TRANSFER,177563.82,176798.86000000002,357403.61,358168.57,1
121.24,PAYMENT,115686.63,115565.39,204502.21,204623.44999999998,0
588.0,PAYMENT,80260.88,79672.88,236856.23,237444.23,0
2737.26,CASH_IN,17237.79,14500.53,292507.78,295245.04000000004,0
512.16,PAYMENT,106014.06,105501.9,487682.18,488194.33999999997,0
4903.69,PAYMENT,60158.63,55254.939999999995,374091.63,378995.32,0
465.61,PAYMENT,40773.75,40308.14,341963.54,342429.14999999997,0
1814.21,TRANSFER,221549.44,219735.23,215946.52,217760.72999999998,0
3092.2,TRANSFER,63754.5,60662.3,17225.26,20317.46,0
1720.2,PAYMENT,66947.41,65227.21000000001,269342.34,271062.54000000004,1
277.41,TRANSFER,102144.44,101867.03,330440.62,330718.02999999997,0
427.32,CASH_OUT,138795.95,138368.63,352094.84,352522.16000000003,0
3533.59,PAYMENT,154113.82,150580.23,303940.54,307474.13,0
490.48,CASH_IN,199363.88,198873.4,150183.51,150673.99000000002,0
2909.33,PAYMENT,176556.61,173647.28,110515.7,113425.03,0
713.17,PAYMENT,144505.16,143791.99,45047.01,45760.18,0
1263.24,CASH_IN,118182.06,116918.81999999999,351415.69,352678.93,0
274.21,CASH_OUT,79735.86,79461.65,485392.97,485667.18,0
596.89,PAYMENT,212982.78,212385.88999999998,262511.23,263108.12,0
457.0,DEBIT,95250.4,94793.4,336591.33,337048.33,0
1374.16,TRANSFER,254874.42,253500.26,346301.25,347675.41,0
1203.75,PAYMENT,175848.74,174644.99,80721.05,81924.8,0
1741.76,DEBIT,190183.28,188441.52,95900.71,97642.47,0
671.48,CASH_OUT,152637.07,151965.59,104088.62,104760.09999999999,0
432.58,PAYMENT,278566.82,278134.24,466420.77,466853.35000000003,0
1316.5,TRANSFER,126478.67,125162.17,7790.03,9106.529999999999,0
391.67,PAYMENT,128090.54,127698.87,270584.39,270976.06,0
3224.14,PAYMENT,267904.35,264680.20999999996,188588.81,191812.95,0
977.97,CASH_IN,181472.08,180494.11,329675.17,330653.13999999996,0
791.45,TRANSFER,134744.61,133953.15999999997,110246.08,111037.53,0
1740.93,TRANSFER,78645.33,76904.40000000001,480585.41,482326.33999999997,0
1016.01,TRANSFER,73513.33,72497.32,165607.67,166623.68000000002,0
208.92,TRANSFER,240430.29,240221.37,462963.39,463172.31,0
379.39,PAYMENT,83839.82,83460.43000000001,294600.18,294979.57,0
3158.05,CASH_IN,1721.31,0.0,207230.55,210388.59999999998,0
1192.59,CASH_OUT,5838.19,4645.599999999999,366942.76,368135.35000000003,0
204.06,CASH_OUT,293520.78,293316.72000000003,276532.34,276736.4,0
1559.49,TRANSFER,167951.38,166391.89,69291.26,70850.75,0
626.87,PAYMENT,146707.39,146080.52000000002,352244.6,352871.47,1
457.37,PAYMENT,275362.82,274905.45,289746.96,290204.33,0
349.02,PAYMENT,105506.22,105157.2,282822.49,283171.51,0
2980.75,PAYMENT,238499.27,235518.52,369072.89,372053.64,0
153.62,CASH_OUT,216542.94,216389.32,326740.09,326893.71,0
474.6,DEBIT,143128.94,142654.34,183121.28,183595.88,0
1236.61,PAYMENT,232389.57,231152.96000000002,159244.38,160480.99,1
5315.4,PAYMENT,289733.52,284418.12,125409.43,130724.82999999999,0
1908.09,CASH_OUT,60182.21,58274.12,287572.72,289480.81,0
470.58,PAYMENT,5252.82,4782.24,149943.88,150414.46,0
5061.17,CASH_IN,246436.32,241375.15,60209.15,65270.32,0
282.84,PAYMENT,121076.12,120793.28,391348.75,391631.59,0
1429.87,PAYMENT,163320.75,161890.88,104566.12,105995.98999999999,0
1786.09,PAYMENT,66738.7,64952.61,82438.5,84224.59,0
454.36,CASH_IN,252536.63,252082.27000000002,424500.49,424954.85,0
2203.04,PAYMENT,216361.87,214158.83,351064.0,353267.04,0
655.97,CASH_OUT,286009.99,285354.02,383078.48,383734.44999999995,0
2197.65,PAYMENT,142575.56,140377.91,175180.27,177377.91999999998,0
174.23,PAYMENT,292969.5,292795.27,308718.1,308892.32999999996,0
1532.99,DEBIT,153256.62,151723.63,466097.13,467630.12,0
726.25,PAYMENT,186426.63,185700.38,141348.63,142074.88,0
3462.35,PAYMENT,202238.23,198775.88,34481.05,37943.4,0
1049.45,TRANSFER,146931.44,145881.99,85439.03,86488.48,0
3824.68,DEBIT,168834.06,165009.38,448733.14,452557.82,0
1821.86,PAYMENT,66992.12,65170.259999999995,140765.54,142587.4,0
965.35,PAYMENT,108708.92,107743.56999999999,245626.45,246591.80000000002,0
2410.69,CASH_IN,210597.97,208187.28,267284.47,269695.16,0
2426.14,CASH_OUT,11696.69,9270.550000000001,480006.81,482432.95,0
1757.96,DEBIT,210123.94,208365.98,150739.51,152497.47,0
110.8,CASH_OUT,91132.69,91021.89,260695.65,260806.44999999998,0
410.53,CASH_OUT,81550.75,81140.22,479062.16,479472.69,0
4376.94,PAYMENT,208046.54,203669.6,100672.41,105049.35,0
312.33,PAYMENT,64483.55,64171.22,298942.65,299254.98000000004,0
2650.39,CASH_OUT,288505.03,285854.64,31803.38,34453.770000000004,0
2222.64,CASH_OUT,297203.71,294981.07,131487.59,133710.23,0
530.73,CASH_IN,137430.12,136899.38999999998,34607.47,35138.200000000004,0
149.12,TRANSFER,120425.5,120276.38,165076.37,165225.49,1
620.85,PAYMENT,23711.24,23090.390000000003,103216.9,103837.75,0
8760.56,TRANSFER,233465.61,224705.05,399207.86,407968.42,0
462.54,TRANSFER,48817.2,48354.659999999996,231697.72,232160.26,0
495.59,TRANSFER,279914.36,279418.76999999996,202500.11,202995.69999999998,1
404.41,CASH_OUT,297177.82,296773.41000000003,346161.56,346565.97,0
3695.18,TRANSFER,36722.93,33027.75,473599.66,477294.83999999997,0
860.13,PAYMENT,204901.76,204041.63,150771.7,151631.83000000002,0
586.45,TRANSFER,139797.6,139211.15,33375.52,33961.969999999994,0
4507.39,CASH_OUT,162343.76,157836.37,54890.08,59397.47,0
1957.64,CASH_IN,53872.4,51914.76,428607.51,430565.15,0
437.34,TRANSFER,217056.27,216618.93,422927.5,423364.84,0
322.6,TRANSFER,49983.82,49661.22,237682.7,238005.30000000002,0
3491.79,TRANSFER,265589.99,262098.19999999998,73821.48,77313.26999999999,0
1115.2,TRANSFER,136192.38,135077.18,263244.69,264359.89,0
232.98,PAYMENT,190460.43,190227.44999999998,334210.95,334443.93,0
184.36,DEBIT,276537.33,276352.97000000003,166118.25,166302.61,0
359.23,CASH_IN,221381.85,221022.62,41259.01,41618.240000000005,0
317.51,TRANSFER,162254.37,161936.86,160970.82,161288.33000000002,0
141.73,TRANSFER,120803.29,120661.56,345286.98,345428.70999999996,0
365.22,PAYMENT,138640.54,138275.32,489183.84,489549.06,0
437.43,TRANSFER,102501.92,102064.49,95045.07,95482.5,0
690.43,TRANSFER,283855.15,283164.72000000003,457277.87,457968.3,0
5960.5,CASH_OUT,75857.35,69896.85,228311.46,234271.96,0
839.79,PAYMENT,122803.88,121964.09000000001,331609.06,332448.85,0
927.44,CASH_OUT,233467.18,232539.74,431849.47,432776.91,0
1824.85,PAYMENT,109302.5,107477.65,278730.21,280555.06,0
864.96,CASH_OUT,265983.27,265118.31,30730.69,31595.649999999998,0
1636.23,CASH_OUT,72921.79,71285.56,132889.34,134525.57,0
1451.88,PAYMENT,9403.45,7951.570000000001,401452.86,402904.74,0
1239.66,TRANSFER,188625.33,187385.66999999998,276445.92,277685.57999999996,0
17439.03,DEBIT,152476.04,135037.01,164537.13,181976.16,0
2727.46,TRANSFER,279917.42,277189.95999999996,291650.86,294378.32,0
371.77,PAYMENT,126939.7,126567.93,134285.05,134656.81999999998,0
1587.99,TRANSFER,40677.08,39089.090000000004,120505.15,122093.14,0
496.84,PAYMENT,98923.66,98426.82,414196.51,414693.35000000003,0
1713.43,CASH_OUT,117963.54,116250.11,200033.8,201747.22999999998,0
277.22,TRANSFER,174939.54,174662.32,136994.47,137271.69,1
362.21,PAYMENT,82350.15,81987.93999999999,204588.22,204950.43,0
1546.74,TRANSFER,165094.0,163547.26,460316.66,461863.39999999997,0
2974.02,CASH_OUT,272413.76,269439.74,90394.35,93368.37000000001,0
1812.83,CASH_OUT,127119.1,125306.27,92614.67,94427.5,0
2576.32,PAYMENT,195470.85,192894.53,176882.43,179458.75,0
1593.71,PAYMENT,68669.58,67075.87,30219.39,31813.1,0
1303.09,TRANSFER,240398.11,239095.02,37460.61,38763.7,0
662.69,PAYMENT,80901.19,80238.5,5489.29,6151.98,0
2472.54,TRANSFER,173940.84,171468.3,73093.54,75566.07999999999,0
3056.05,PAYMENT,90074.24,87018.19,320193.69,323249.74,0
1029.56,PAYMENT,20220.71,19191.149999999998,98213.07,99242.63,0
975.62,CASH_OUT,95898.82,94923.20000000001,188894.98,189870.6,0
5385.18,PAYMENT,63609.2,58224.02,352792.67,358177.85,0
1074.47,CASH_OUT,267802.13,266727.66000000003,15911.58,16986.05,0
1182.85,PAYMENT,79848.63,78665.78,104529.46,105712.31000000001,0
1779.75,TRANSFER,292326.95,290547.2,497944.11,499723.86,0
994.45,PAYMENT,147703.74,146709.28999999998,298480.9,299475.35000000003,0
482.83,CASH_OUT,66319.49,65836.66,329989.83,330472.66000000003,0
1600.33,CASH_OUT,117403.24,115802.91,258024.0,259624.33,0
1054.95,PAYMENT,55029.34,53974.39,482946.23,484001.18,0
6920.54,CASH_OUT,250104.98,243184.44,72148.51,79069.04999999999,0
2412.57,PAYMENT,35990.78,33578.21,33686.4,36098.97,0
604.57,TRANSFER,262058.33,261453.75999999998,408083.08,408687.65,0
2273.46,PAYMENT,13775.11,11501.650000000001,2048.18,4321.639999999999,0
1491.99,TRANSFER,89882.38,88390.39,280780.9,282272.89,0
4061.98,PAYMENT,41966.02,37904.03999999999,706.19,4768.17,0
649.07,DEBIT,205579.66,204930.59,174122.32,174771.39,0
1324.35,TRANSFER,153696.52,152372.16999999998,325443.23,326767.57999999996,0
993.17,TRANSFER,281801.87,280808.7,273663.18,274656.35,0
1162.68,PAYMENT,109854.23,108691.55,279931.15,281093.83,0
452.51,PAYMENT,12224.73,11772.22,78673.1,79125.61,0
1950.64,PAYMENT,228497.72,226547.08,147366.35,149316.99000000002,0
1665.64,CASH_IN,173850.19,172184.55,355014.56,356680.2,0
3964.85,CASH_OUT,248230.59,244265.74,11648.58,15613.43,0
1085.69,PAYMENT,127841.57,126755.88,297641.65,298727.34,0
726.44,CASH_OUT,221454.35,220727.91,258532.81,259259.25,0
2414.61,TRANSFER,51319.71,48905.1,171978.61,174393.21999999997,0
495.61,PAYMENT,299857.97,299362.36,167387.65,167883.25999999998,0
3245.37,TRANSFER,52094.09,48848.719999999994,399473.61,402718.98,0
3238.42,PAYMENT,248940.19,245701.77,190998.43,194236.85,0
3855.59,PAYMENT,63731.45,59875.86,39929.84,43785.42999999999,0
1598.18,CASH_OUT,234752.4,233154.22,481019.72,482617.89999999997,1
674.18,PAYMENT,258375.73,257701.55000000002,65184.63,65858.81,0
1223.15,DEBIT,262992.27,261769.12000000002,398726.92,399950.07,0
1603.7,CASH_OUT,142715.53,141111.83,6971.67,8575.37,0
626.32,DEBIT,128643.89,128017.56999999999,182199.21,182825.53,0
4159.36,TRANSFER,250137.34,245977.98,257590.27,261749.62999999998,0
1958.79,DEBIT,173846.77,171887.97999999998,14891.24,16850.03,1
449.34,PAYMENT,186383.05,185933.71,367043.31,367492.65,0
7207.47,TRANSFER,70820.14,63612.67,130290.75,137498.22,1
1208.81,TRANSFER,133847.1,132638.29,270584.23,271793.04,0
367.2,CASH_IN,110834.67,110467.47,396163.82,396531.02,0
478.06,PAYMENT,199596.47,199118.41,295556.91,296034.97,0
4855.09,TRANSFER,58944.98,54089.89,227806.64,232661.73,0
6802.09,CASH_OUT,121725.58,114923.49,168056.18,174858.27,0
3009.37,PAYMENT,254619.62,251610.25,22552.61,25561.98,0
4102.32,DEBIT,163933.7,159831.38,456510.5,460612.82,0
3701.95,PAYMENT,268813.19,265111.24,295965.73,299667.68,0
1913.93,PAYMENT,69758.23,67844.3,315767.78,317681.71,0
1523.92,TRANSFER,131971.0,130447.08,220256.24,221780.16,0
1881.57,TRANSFER,150124.87,148243.3,186356.08,188237.65,0
2289.33,PAYMENT,120170.22,117880.89,23327.37,25616.699999999997,0
522.38,PAYMENT,205348.07,204825.69,84495.81,85018.19,0
2280.06,PAYMENT,44615.94,42335.880000000005,212774.25,215054.31,0
4715.53,CASH_OUT,155820.12,151104.59,120852.32,125567.85,0
892.14,DEBIT,41631.71,40739.57,22221.01,23113.149999999998,0
801.71,TRANSFER,188759.25,187957.54,273007.02,273808.73000000004,0
1766.13,PAYMENT,249074.44,247308.31,232056.85,233822.98,0
572.69,TRANSFER,5999.11,5426.42,210686.5,211259.19,1
293.88,DEBIT,137080.87,136786.99,392114.71,392408.59,1
3455.49,CASH_OUT,147811.08,144355.59,299763.92,303219.41,0
698.58,PAYMENT,216076.26,215377.68000000002,707.57,1406.15,0
1117.05,PAYMENT,22415.98,21298.93,380954.95,382072.0,0
595.78,CASH_IN,121806.23,121210.45,241293.79,241889.57,0
3931.42,DEBIT,235644.37,231712.94999999998,258406.99,262338.41,0
2573.9,PAYMENT,159643.37,157069.47,444786.38,447360.28,0
862.0,DEBIT,224953.86,224091.86,54609.83,55471.83,0
337.01,PAYMENT,109202.93,108865.92,299701.92,300038.93,0
775.16,PAYMENT,276026.3,275251.14,141079.87,141855.03,0
1939.44,CASH_OUT,23203.58,21264.140000000003,18355.66,20295.1,0
1324.3,TRANSFER,27349.32,26025.02,218690.81,220015.11,0
1223.04,TRANSFER,158545.77,157322.72999999998,141806.52,143029.56,0
1355.19,CASH_IN,141247.15,139891.96,746.48,2101.67,0
2342.08,DEBIT,191540.26,189198.18000000002,246472.5,248814.58,0
1051.68,PAYMENT,68716.84,67665.16,155561.71,156613.38999999998,0
1719.89,TRANSFER,67808.49,66088.6,217061.64,218781.53000000003,1
408.74,CASH_OUT,224732.87,224324.13,5865.57,6274.3099999999995,0
14098.88,TRANSFER,87529.56,73430.68,200891.0,214989.88,1
825.63,CASH_IN,218187.52,217361.88999999998,235202.27,236027.9,0
1344.25,CASH_OUT,192212.1,190867.85,233010.57,234354.82,0
1932.3,PAYMENT,24998.15,23065.850000000002,358463.1,360395.39999999997,0
727.21,PAYMENT,213338.89,212611.68000000002,495643.29,496370.5,0
1105.25,DEBIT,263854.61,262749.36,13931.18,15036.43,0
1091.9,CASH_IN,244993.88,243901.98,198013.28,199105.18,0
439.64,PAYMENT,2658.56,2218.92,428358.72,428798.36,0
1700.35,PAYMENT,161914.17,160213.82,312848.38,314548.73,0
210.77,CASH_OUT,274001.16,273790.38999999996,491800.75,492011.52,0
6327.8,PAYMENT,179617.7,173289.90000000002,356707.97,363035.76999999996,0
2423.51,PAYMENT,87097.82,84674.31000000001,362123.66,364547.17,0
2077.92,DEBIT,58363.39,56285.47,38042.27,40120.189999999995,0
193.13,CASH_OUT,205484.26,205291.13,137627.38,137820.51,1
496.44,DEBIT,231376.18,230879.74,291904.85,292401.29,0
4399.94,CASH_OUT,273775.43,269375.49,261196.34,265596.27999999997,0
69650.24,PAYMENT,271714.98,202064.74,381295.71,450945.95,0
3621.68,CASH_IN,101784.05,98162.37000000001,496828.85,500450.52999999997,0
3093.14,PAYMENT,181163.08,178069.93999999997,103402.13,106495.27,0
1853.77,PAYMENT,30455.76,28601.989999999998,214199.56,216053.33,0
469.89,DEBIT,28338.77,27868.88,433419.99,433889.88,0
2966.61,CASH_OUT,21440.57,18473.96,419074.61,422041.22,0
364.6,DEBIT,278143.27,277778.67000000004,408596.72,408961.31999999995,0
326.82,PAYMENT,45729.73,45402.91,310196.81,310523.63,0
306.88,CASH_IN,144697.86,144390.97999999998,496596.75,496903.63,0
2909.46,TRANSFER,129921.71,127012.25,178951.72,181861.18,1
1035.44,CASH_OUT,97431.33,96395.89,58147.42,59182.86,0
1213.01,CASH_IN,161319.2,160106.19,66279.95,67492.95999999999,0
1079.87,PAYMENT,837.27,0.0,217845.96,218925.83,0
355.77,CASH_OUT,114044.8,113689.03,402474.99,402830.76,0
560.75,CASH_OUT,143803.22,143242.47,226423.12,226983.87,0
589.68,CASH_OUT,240991.32,240401.64,305691.59,306281.27,0
269.0,DEBIT,210289.03,210020.03,179010.81,179279.81,0
662.35,CASH_OUT,254928.54,254266.19,357415.6,358077.94999999995,0
371.93,PAYMENT,112889.47,112517.54000000001,76570.83,76942.76,0
1954.08,PAYMENT,42271.66,40317.58,260057.81,262011.88999999998,0
2123.82,CASH_IN,120316.94,118193.12,92564.76,94688.58,0
300.77,CASH_IN,288917.89,288617.12,234296.07,234596.84,0
815.15,CASH_IN,64298.28,63483.13,215247.01,216062.16,0
7016.78,PAYMENT,52426.61,45409.83,302281.07,309297.85000000003,0
411.26,PAYMENT,283301.18,282889.92,254772.62,255183.88,0
1680.15,CASH_OUT,284976.93,283296.77999999997,487870.56,489550.71,0
1218.68,CASH_OUT,44771.06,43552.38,450155.8,451374.48,0
3271.12,PAYMENT,230835.86,227564.74,147038.99,150310.11,0
1473.6,TRANSFER,128922.75,127449.15,60588.4,62062.0,0
712.45,PAYMENT,147664.71,146952.25999999998,32375.88,33088.33,0
1172.35,TRANSFER,149606.44,148434.09,98996.9,100169.25,0
1189.6,PAYMENT,290511.47,289321.87,111053.7,112243.3,0
1000.55,PAYMENT,55398.33,54397.78,444340.68,445341.23,0
293.21,PAYMENT,231919.12,231625.91,462420.44,462713.65,0
3801.26,CASH_IN,1702.23,0.0,115235.15,119036.40999999999,0
3185.72,CASH_OUT,188583.03,185397.31,379365.55,382551.26999999996,0
385.99,CASH_IN,195803.39,195417.40000000002,417881.98,418267.97,1
811.82,TRANSFER,226111.86,225300.03999999998,188755.29,189567.11000000002,0
875.6,TRANSFER,277788.71,276913.11000000004,435797.05,436672.64999999997,0
344.98,PAYMENT,226150.53,225805.55,494326.14,494671.12,0
169.56,TRANSFER,219643.2,219473.64,483897.59,484067.15,0
560.82,PAYMENT,76136.25,75575.43,370953.41,371514.23,0
767.85,CASH_OUT,297851.91,297084.06,185831.39,186599.24000000002,0
259.5,CASH_OUT,140522.64,140263.14,113502.74,113762.24,1
1308.95,DEBIT,125235.03,123926.08,496435.03,497743.98000000004,0
3508.19,PAYMENT,150563.27,147055.08,138087.26,141595.45,0
2545.59,TRANSFER,118216.94,115671.35,219191.35,221736.94,0
966.15,PAYMENT,178091.27,177125.12,132062.27,133028.41999999998,0
174.09,PAYMENT,104887.38,104713.29000000001,248059.43,248233.52,0
2243.3,CASH_OUT,71983.45,69740.15,55190.53,57433.83,0
1269.52,TRANSFER,278398.47,277128.94999999995,404528.27,405797.79000000004,0
1676.31,CASH_OUT,278348.54,276672.23,252553.56,254229.87,0
7601.51,PAYMENT,148873.62,141272.11,209751.17,217352.68000000002,0
480.67,CASH_IN,288644.2,288163.53,181572.3,182052.97,0
61.88,CASH_IN,124715.15,124653.26999999999,289892.16,289954.04,0
382.43,TRANSFER,116213.66,115831.23000000001,389944.03,390326.46,0
1782.99,DEBIT,275071.84,273288.85000000003,451280.48,453063.47,0
1126.56,PAYMENT,189875.1,188748.54,420759.17,421885.73,0
325.18,CASH_OUT,228755.21,228430.03,222756.58,223081.75999999998,0
265.15,DEBIT,123823.15,123558.0,416996.03,417261.18000000005,0
769.23,CASH_OUT,122100.5,121331.27,264307.7,265076.93,0
315.42,CASH_OUT,24991.11,24675.690000000002,319089.08,319404.5,0
1845.74,TRANSFER,290023.17,288177.43,337280.2,339125.94,0
726.74,CASH_OUT,68387.69,67660.95,199840.92,200567.66,0
585.74,CASH_OUT,148280.12,147694.38,243026.56,243612.3,0
513.74,PAYMENT,34383.08,33869.340000000004,346294.5,346808.24,0
1426.7,PAYMENT,194086.08,192659.37999999998,153964.12,155390.82,0
1144.37,CASH_OUT,117262.64,116118.27,373456.65,374601.02,0
1342.05,CASH_OUT,230298.56,228956.51,177051.57,178393.62,0
1313.08,TRANSFER,158513.6,157200.52000000002,292744.74,294057.82,0
1020.25,CASH_IN,38843.79,37823.54,418811.36,419831.61,0
390.28,CASH_OUT,3222.15,2831.87,11602.46,11992.74,0
528.28,PAYMENT,63734.6,63206.32,120170.02,120698.3,0
739.02,TRANSFER,217303.95,216564.93000000002,280583.84,281322.86000000004,0
8648.97,TRANSFER,248554.24,239905.27,53051.22,61700.19,0
284.62,CASH_OUT,102400.51,102115.89,102800.87,103085.48999999999,0
721.28,TRANSFER,160777.52,160056.24,374544.73,375266.01,0
1209.87,TRANSFER,72003.99,70794.12000000001,12911.52,14121.39,0
809.7,CASH_OUT,264132.97,263323.26999999996,305018.38,305828.08,0
3209.82,CASH_OUT,289562.14,286352.32,17078.53,20288.35,1
805.53,DEBIT,225882.01,225076.48,57961.85,58767.38,0
867.36,PAYMENT,26666.02,25798.66,195170.39,196037.75,0
2476.57,CASH_OUT,131135.57,128659.0,482384.35,484860.92,0
6705.69,TRANSFER,297151.7,290446.01,272923.77,279629.46,0
4480.54,PAYMENT,68815.45,64334.909999999996,156112.09,160592.63,0
956.56,CASH_OUT,201141.5,200184.94,205663.18,206619.74,0
1043.66,CASH_OUT,281569.04,280525.38,284386.1,285429.75999999995,0
1149.08,TRANSFER,231961.02,230811.94,309708.26,310857.34,1
1270.29,CASH_OUT,182658.05,181387.75999999998,133951.64,135221.93000000002,0
469.96,PAYMENT,152011.55,151541.59,98647.22,99117.18000000001,0
2797.81,PAYMENT,278644.31,275846.5,247654.66,250452.47,0
1348.31,PAYMENT,118420.01,117071.7,322425.63,323773.94,0
1048.53,TRANSFER,270380.7,269332.17,408290.0,409338.53,0
307.62,CASH_OUT,129315.88,129008.26000000001,296397.66,296705.27999999997,0
1167.11,DEBIT,226963.51,225796.40000000002,346217.04,347384.14999999997,0
165.14,CASH_OUT,274714.17,274549.02999999997,241989.63,242154.77000000002,0
612.99,PAYMENT,165192.87,164579.88,283359.63,283972.62,0
624.47,PAYMENT,92963.95,92339.48,317723.78,318348.25,0
1461.17,PAYMENT,15296.02,13834.85,118165.62,119626.79,0
7185.71,CASH_OUT,242777.99,235592.28,467037.08,474222.79000000004,0
1942.84,PAYMENT,186602.98,184660.14,172669.44,174612.28,0
4667.61,TRANSFER,78913.69,74246.08,302344.07,307011.68,0
2090.61,CASH_OUT,263223.5,261132.89,280477.1,282567.70999999996,0
3378.05,CASH_OUT,276090.83,272712.78,426672.74,430050.79,0
7024.28,PAYMENT,266149.82,259125.54,56802.19,63826.47,0
527.51,PAYMENT,180455.37,179927.86,442115.51,442643.02,0
494.18,CASH_OUT,292974.48,292480.3,68507.53,69001.70999999999,0
2140.53,TRANSFER,262441.69,260301.16,72265.19,74405.72,0
1092.61,PAYMENT,31278.12,30185.51,431127.42,432220.02999999997,0
1366.97,DEBIT,294331.79,292964.82,128550.95,129917.92,0
855.2,TRANSFER,164641.91,163786.71,305893.24,306748.44,0
604.1,TRANSFER,276010.77,275406.67000000004,231805.37,232409.47,1
5545.63,PAYMENT,228102.43,222556.8,467133.13,472678.76,0
365.09,PAYMENT,194270.0,193904.91,391041.99,391407.08,0
2178.5,PAYMENT,98001.71,95823.21,167496.89,169675.39,0
1852.38,PAYMENT,8109.01,6256.63,406720.37,408572.75,0
226.1,TRANSFER,83020.88,82794.78,112894.24,113120.34000000001,0
477.81,TRANSFER,205746.1,205268.29,307785.68,308263.49,0
565.27,DEBIT,258934.47,258369.2,375791.89,376357.16000000003,0
1928.67,CASH_IN,703.98,0.0,351579.24,353507.91,0
759.73,PAYMENT,62392.13,61632.399999999994,328341.0,329100.73,0
1006.68,PAYMENT,201920.31,200913.63,414984.42,415991.1,0
255.28,CASH_OUT,85090.53,84835.25,278104.22,278359.5,0
11225.15,CASH_IN,42510.86,31285.71,464173.95,475399.10000000003,0
1177.56,DEBIT,24580.83,23403.27,72404.89,73582.45,0
1806.24,PAYMENT,191363.7,189557.46000000002,177854.3,179660.53999999998,0
638.66,PAYMENT,178457.95,177819.29,391496.01,392134.67,0
570.99,PAYMENT,257584.07,257013.08000000002,154027.85,154598.84,0
7425.57,DEBIT,94451.3,87025.73000000001,221474.55,228900.12,0
161.3,TRANSFER,41015.59,40854.28999999999,386439.78,386601.08,0
1449.03,TRANSFER,239746.53,238297.5,269284.93,270733.96,0
326.52,TRANSFER,296455.78,296129.26,93808.79,94135.31,0
731.43,PAYMENT,108116.86,107385.43000000001,87419.27,88150.7,0
579.35,TRANSFER,259604.88,259025.53,150616.15,151195.5,0
409.13,PAYMENT,228763.64,228354.51,151506.29,151915.42,0
1136.2,CASH_OUT,273475.59,272339.39,68337.27,69473.47,0
84.1,CASH_OUT,127311.74,127227.64,417330.33,417414.43,0
799.92,CASH_OUT,30390.45,29590.530000000002,141313.31,142113.23,1
1001.96,PAYMENT,35506.86,34504.9,401123.25,402125.21,0
281.67,DEBIT,228959.53,228677.86,486725.09,487006.76,0
4980.17,CASH_OUT,258999.55,254019.37999999998,165980.7,170960.87000000002,0
605.19,PAYMENT,137105.02,136499.83,485115.5,485720.69,0
864.82,PAYMENT,17871.27,17006.45,95600.4,96465.22,0
606.55,CASH_OUT,20011.81,19405.260000000002,323726.65,324333.2,0
1010.74,PAYMENT,179580.11,178569.37,495590.07,496600.81,0
4056.78,PAYMENT,275587.31,271530.52999999997,404185.96,408242.74000000005,0
13004.05,PAYMENT,119875.05,106871.0,114850.39,127854.44,1
2311.47,PAYMENT,195185.94,192874.47,128666.33,130977.8,0
3255.15,TRANSFER,162602.33,159347.18,131215.3,134470.44999999998,0
6102.34,TRANSFER,266927.35,260825.00999999998,471496.32,477598.66000000003,0
1406.52,PAYMENT,249716.28,248309.76,122705.78,124112.3,0
5272.45,CASH_OUT,59804.57,54532.12,254807.66,260080.11000000002,0
2422.13,PAYMENT,203262.93,200840.8,174944.65,177366.78,0
1266.47,PAYMENT,254250.96,252984.49,180634.7,181901.17,0
1556.73,PAYMENT,279074.81,277518.08,204108.94,205665.67,0
177.43,CASH_OUT,176978.14,176800.71000000002,172522.47,172699.9,0
1468.68,CASH_IN,52773.37,51304.69,299963.78,301432.46,0
234.22,TRANSFER,167469.63,167235.41,212735.8,212970.02,0
215.88,PAYMENT,199745.7,199529.82,220505.78,220721.66,0
1329.93,PAYMENT,81746.72,80416.79000000001,252996.99,254326.91999999998,0
359.93,PAYMENT,291900.44,291540.51,178089.26,178449.19,0
1088.86,DEBIT,68797.88,67709.02,377279.79,378368.64999999997,0
1259.46,PAYMENT,273405.76,272146.3,251741.18,253000.63999999998,0
1316.92,CASH_IN,127554.23,126237.31,254605.57,255922.49000000002,0
444.02,TRANSFER,166.25,0.0,104922.57,105366.59000000001,0
2693.73,TRANSFER,162986.72,160292.99,15418.38,18112.11,0
1003.01,DEBIT,188485.76,187482.75,404637.56,405640.57,0
1704.58,PAYMENT,260809.01,259104.43000000002,427740.92,429445.5,0
331.48,CASH_OUT,162168.97,161837.49,120623.4,120954.87999999999,0
917.52,PAYMENT,28238.81,27321.29,180016.15,180933.66999999998,0
3285.57,DEBIT,278044.07,274758.5,179008.96,182294.53,0
2893.37,TRANSFER,169606.44,166713.07,342106.17,344999.54,0
494.08,PAYMENT,81459.36,80965.28,93617.96,94112.04000000001,0
635.52,DEBIT,269657.58,269022.06,489356.69,489992.21,0
408.02,PAYMENT,36274.04,35866.020000000004,30930.74,31338.760000000002,0
568.83,PAYMENT,29244.85,28676.019999999997,486883.75,487452.58,0
270.68,CASH_OUT,160502.73,160232.05000000002,34391.04,34661.72,1
955.11,TRANSFER,187465.27,186510.16,158757.01,159712.12,0
2065.52,DEBIT,153287.75,151222.23,125346.63,127412.15000000001,0
500.17,CASH_OUT,278697.61,278197.44,129817.14,130317.31,0
1001.64,CASH_OUT,78846.25,77844.61,497334.74,498336.38,0
879.63,PAYMENT,297070.52,296190.89,229175.88,230055.51,0
3149.88,PAYMENT,5804.8,2654.92,59755.28,62905.159999999996,0
594.91,CASH_IN,35560.2,34965.28999999999,491139.98,491734.88999999996,0
616.95,PAYMENT,55702.89,55085.94,121332.79,121949.73999999999,0
470.59,TRANSFER,23872.72,23402.13,36273.52,36744.10999999999,0
351.6,PAYMENT,131465.36,131113.75999999998,12090.31,12441.91,0
1861.59,PAYMENT,259611.65,257750.06,231615.38,233476.97,0
958.04,TRANSFER,246227.8,245269.75999999998,459166.18,460124.22,1
1158.42,CASH_OUT,223427.06,222268.63999999998,8480.24,9638.66,1
3923.11,CASH_OUT,2222.82,0.0,362588.22,366511.32999999996,1
4155.05,DEBIT,259711.81,255556.76,130210.92,134365.97,0
211.4,PAYMENT,118949.73,118738.33,109530.23,109741.62999999999,0
2096.1,TRANSFER,219491.33,217395.22999999998,351894.89,353990.99,0
1374.23,PAYMENT,218075.61,216701.37999999998,373936.63,375310.86,0
691.19,CASH_OUT,53256.31,52565.119999999995,279507.63,280198.82,0
1521.85,PAYMENT,154618.45,153096.6,101127.72,102649.57,0
195.12,TRANSFER,277854.29,277659.17,3154.07,3349.19,0
4734.55,PAYMENT,78914.59,74180.04,368638.9,373373.45,1
1835.26,CASH_OUT,214508.35,212673.09,299807.25,301642.51,0
461.65,CASH_OUT,287415.31,286953.66,211273.12,211734.77,0
610.69,DEBIT,108189.35,107578.66,106790.98,107401.67,0
199.71,PAYMENT,116290.1,116090.39,380967.2,381166.91000000003,0
801.15,CASH_IN,135768.75,134967.6,35447.63,36248.78,0
676.73,PAYMENT,242711.77,242035.03999999998,321351.2,322027.93,0
291.46,PAYMENT,131785.42,131493.96000000002,344199.21,344490.67000000004,0
2384.4,PAYMENT,145873.79,143489.39,111628.64,114013.04,0
3931.58,PAYMENT,66695.25,62763.67,241662.46,245594.03999999998,0
1067.04,TRANSFER,296503.52,295436.48000000004,260099.68,261166.72,0
807.83,PAYMENT,267706.25,266898.42,295640.96,296448.79000000004,0
1694.23,PAYMENT,180076.29,178382.06,450593.98,452288.20999999996,0
1075.31,CASH_OUT,288168.02,287092.71,273207.55,274282.86,0
371.6,DEBIT,206099.33,205727.72999999998,33659.23,34030.83,0
570.96,CASH_OUT,287731.69,287160.73,172485.95,173056.91,0
815.31,TRANSFER,48460.76,47645.450000000004,314163.42,314978.73,0
1405.55,PAYMENT,67637.22,66231.67,166570.37,167975.91999999998,0
1106.92,CASH_OUT,265554.74,264447.82,383970.11,385077.02999999997,0
1353.39,PAYMENT,125962.32,124608.93000000001,94952.7,96306.09,0
238.69,PAYMENT,111347.31,111108.62,71502.56,71741.25,0
2132.86,PAYMENT,226300.61,224167.75,115516.33,117649.19,0
1100.39,CASH_OUT,189097.7,187997.31,438042.5,439142.89,0
14082.79,PAYMENT,103221.48,89138.69,340467.35,354550.13999999996,0
744.24,CASH_OUT,119358.18,118613.93999999999,260024.33,260768.56999999998,0
1515.44,PAYMENT,122515.13,120999.69,150168.64,151684.08000000002,0
18568.45,TRANSFER,37899.4,19330.95,459295.42,477863.87,0
1331.54,TRANSFER,68866.18,67534.64,444388.2,445719.74,0
1024.92,PAYMENT,161259.08,160234.15999999997,199700.23,200725.15000000002,0
408.74,TRANSFER,234548.15,234139.41,376361.92,376770.66,0
5055.67,CASH_OUT,125714.49,120658.82,456781.96,461837.63,0
344.09,TRANSFER,115005.84,114661.75,156676.71,157020.8,0
1680.96,PAYMENT,195154.85,193473.89,164359.17,166040.13,0
682.97,CASH_OUT,47176.16,46493.19,272903.15,273586.12,0
907.47,PAYMENT,114225.1,113317.63,204183.29,205090.76,0
264.03,PAYMENT,62440.87,62176.840000000004,380739.79,381003.82,0
4201.21,PAYMENT,195493.87,191292.66,268465.13,272666.34,0
830.65,TRANSFER,33709.2,32878.549999999996,105927.73,106758.37999999999,0
325.35,PAYMENT,134346.85,134021.5,178193.63,178518.98,0
3837.94,CASH_OUT,178854.62,175016.68,335619.53,339457.47000000003,0
662.4,PAYMENT,250102.63,249440.23,26717.12,27379.52,0
1532.43,CASH_OUT,217365.38,215832.95,171083.59,172616.02,0
2543.81,PAYMENT,282858.94,280315.13,8048.06,10591.87,0
1761.7,CASH_OUT,203963.52,202201.81999999998,410433.48,412195.18,0
121.92,CASH_OUT,104756.89,104634.97,58594.97,58716.89,0
2198.12,PAYMENT,69517.16,67319.04000000001,38602.36,40800.48,0
991.67,PAYMENT,16974.72,15983.050000000001,393296.51,394288.18,0
789.16,TRANSFER,83276.29,82487.12999999999,44753.43,45542.590000000004,0
983.31,CASH_IN,41054.61,40071.3,342131.27,343114.58,0
219.2,CASH_IN,110767.43,110548.23,189931.79,190150.99000000002,0
1328.99,PAYMENT,210773.44,209444.45,410849.73,412178.72,0
280.23,CASH_OUT,207610.21,207329.97999999998,91425.63,91705.86,0
823.99,PAYMENT,95449.93,94625.93999999999,42208.54,43032.53,0
1282.11,PAYMENT,152565.71,151283.6,114203.73,115485.84,0
3210.03,CASH_OUT,65031.47,61821.44,466067.52,469277.55000000005,0
483.18,TRANSFER,150893.02,150409.84,414560.49,415043.67,0
4682.5,TRANSFER,153024.56,148342.06,142893.65,147576.15,0
2826.67,DEBIT,90389.05,87562.38,103057.07,105883.74,0
713.79,PAYMENT,77840.34,77126.55,78420.94,79134.73,0
361.86,CASH_OUT,293872.34,293510.48000000004,110601.7,110963.56,0
258.83,PAYMENT,161137.05,160878.22,102521.97,102780.8,0
1439.07,PAYMENT,168622.99,167183.91999999998,444093.93,445533.0,0
524.64,PAYMENT,2338.23,1813.5900000000001,9992.95,10517.59,0
3638.61,CASH_IN,54552.23,50913.62,440061.25,443699.86,0
555.84,TRANSFER,106986.59,106430.75,20712.35,21268.19,0
445.56,PAYMENT,289794.22,289348.66,413417.42,413862.98,0
1385.24,CASH_OUT,52572.52,51187.28,212873.62,214258.86,0
552.22,CASH_IN,90986.91,90434.69,38602.78,39155.0,0
1106.05,CASH_IN,297047.1,295941.05,399502.6,400608.64999999997,0
2939.48,TRANSFER,144332.59,141393.11,128219.85,131159.33000000002,0
1233.03,PAYMENT,95522.33,94289.3,439014.03,440247.06000000006,0
1237.64,TRANSFER,190307.68,189070.03999999998,376128.83,377366.47000000003,0
1346.34,CASH_OUT,148890.69,147544.35,490885.24,492231.58,0
201.72,DEBIT,287234.73,287033.01,415936.45,416138.17,0
1622.69,CASH_OUT,24958.51,23335.82,120480.7,122103.39,0
